10.4375,7.19,66.35
10.5625,7.183,
10.6875,7.176,
10.8125,7.17,
10.9375,7.164,
11.0625,7.157,
11.1875,7.151,
11.3125,7.144,71.07
11.4375,7.138,
11.5625,7.132,
11.6875,7.126,
11.8125,7.121,
11.9375,7.115,
12.0625,7.11,
12.1875,7.105,68.571
12.3125,7.1,
12.4375,7.094,
12.5625,7.088,
12.6875,7.083,
12.8125,7.079,
12.9375,7.073,
13.0625,7.067,67.295
13.1875,7.061,
13.3125,7.056,
13.4375,7.05,
13.5625,7.046,
13.6875,7.04,
13.8125,7.035,
13.9375,7.03,69.189
14.0625,7.025,
14.1875,7.021,
14.3125,7.016,
14.4375,7.011,
14.5625,7.006,
14.6875,7.002,
14.8125,6.996,68.879
14.9375,6.992,
15.0625,6.987,
15.1875,6.982,
15.3125,6.978,
15.4375,6.974,
15.5625,6.969,
15.6875,6.964,68.343
15.8125,6.959,
15.9375,6.955,
16.0625,6.95,
16.1875,6.945,
16.3125,6.941,
16.4375,6.938,
16.5625,6.933,70.661
16.6875,6.928,
16.8125,6.924,
16.9375,6.92,
17.0625,6.916,
17.1875,6.913,
17.3125,6.908,72.325
17.4375,6.903,
17.5625,6.899,
17.6875,6.895,
17.8125,6.89,
17.9375,6.886,
18.0625,6.883,
18.1875,6.879,70.661
18.3125,6.874,
18.4375,6.869,
18.5625,6.865,
18.6875,6.862,
18.8125,6.858,
18.9375,6.854,
19.0625,6.849,70.017
19.1875,6.845,
19.3125,6.842,
19.4375,6.838,
19.5625,6.834,
19.6875,6.831,
19.8125,6.827,74.881
19.9375,6.823,
20.0625,6.82,
20.1875,6.816,
20.3125,6.813,
20.4375,6.809,
20.5625,6.806,
20.6875,6.804,70.947
20.8125,6.801,
20.9375,6.798,
21.0625,6.794,
21.1875,6.792,
21.3125,6.788,
21.4375,6.784,
21.5625,6.781,68.84
21.6875,6.776,
21.8125,6.772,
21.9375,6.768,
22.0625,6.765,
22.1875,6.762,
22.3125,6.758,
22.4375,6.754,72.155
22.5625,6.75,
22.6875,6.747,
22.8125,6.744,
22.9375,6.741,
23.0625,6.738,
23.1875,6.734,71.029
23.3125,6.731,
23.4375,6.728,
23.5625,6.724,
23.6875,6.721,
23.8125,6.718,
23.9375,6.715,
24.0625,6.711,68.956
24.1875,6.707,
24.3125,6.704,
24.4375,6.7,
24.5625,6.697,
24.6875,6.694,
24.8125,6.691,
24.9375,6.687,71.276
25.0625,6.684,
25.1875,6.681,
25.3125,6.678,
25.4375,6.675,
25.5625,6.673,
25.6875,6.671,
25.8125,6.668,72.24
25.9375,6.666,
26.0625,6.663,
26.1875,6.66,
26.3125,6.658,
26.4375,6.655,
26.5625,6.653,
26.6875,6.65,69.424
26.8125,6.647,
26.9375,6.645,
27.0625,6.641,
27.1875,6.639,
27.3125,6.637,
27.4375,6.635,
27.5625,6.632,67.111
27.6875,6.629,
27.8125,6.625,
27.9375,6.623,
28.0625,6.621,
28.1875,6.619,
28.3125,6.615,
28.4375,6.612,72.41
28.5625,6.61,
28.6875,6.608,
28.8125,6.605,
28.9375,6.604,
29.0625,6.602,
29.1875,6.599,69.937
29.3125,6.596,
29.4375,6.593,
29.5625,6.59,
29.6875,6.589,
29.8125,6.587,
29.9375,6.584,
30.0625,6.582,67.852
30.1875,6.579,
30.3125,6.577,
30.4375,6.575,
30.5625,6.572,
30.6875,6.571,
30.8125,6.57,
30.9375,6.569,69.818
31.0625,6.567,
31.1875,6.564,
31.3125,6.562,
31.4375,6.56,
31.5625,6.558,
31.6875,6.557,
31.8125,6.555,70.097
31.9375,6.553,
32.0625,6.551,
32.1875,6.548,
32.3125,6.546,
32.4375,6.545,
32.5625,6.542,
32.6875,6.54,70.057
32.8125,6.538,
32.9375,6.538,
33.0625,6.54,
33.1875,6.543,
33.3125,6.548,
33.4375,6.554,
33.5625,6.561,70.54
33.6875,6.572,
33.8125,6.587,
33.9375,6.607,
34.0625,6.635,
34.1875,6.678,
34.3125,6.738,72.113
34.4375,6.817,
34.5625,6.92,
34.6875,7.038,
34.8125,7.166,
34.9375,7.301,
35.0625,7.436,
35.1875,7.572,69.62
35.3125,7.716,
35.4375,7.863,
35.5625,8.011,
35.6875,8.17,
35.8125,8.316,
35.9375,8.442,
36.0625,8.542,68.61
36.1875,8.616,
36.3125,8.656,
36.4375,8.662,
36.5625,8.642,
36.6875,8.598,
36.8125,8.537,
36.9375,8.46,72.113
37.0625,8.378,
37.1875,8.294,
37.3125,8.207,
37.4375,8.126,
37.5625,8.056,
37.6875,7.994,
37.8125,7.94,67.001
37.9375,7.901,
38.0625,7.872,
38.1875,7.849,
38.3125,7.83,
38.4375,7.812,
38.5625,7.792,
38.6875,7.768,67.479
38.8125,7.741,
38.9375,7.712,
39.0625,7.681,
39.1875,7.648,
39.3125,7.616,
39.4375,7.582,
39.5625,7.542,
39.6875,7.499,
39.8125,7.465,
39.9375,7.434,
40.0625,7.408,
40.1875,7.385,
40.3125,7.366,
40.4375,7.349,74.79
40.5625,7.332,
40.6875,7.315,
40.8125,7.3,
40.9375,7.289,
41.0625,7.284,
41.1875,7.284,
41.3125,7.291,69.779
41.4375,7.305,
41.5625,7.322,
41.6875,7.341,
41.8125,7.356,
41.9375,7.368,
42.0625,7.372,73.405
42.1875,7.372,
42.3125,7.367,
42.4375,7.358,
42.5625,7.345,
42.6875,7.328,
42.8125,7.309,
42.9375,7.288,73.274
43.0625,7.267,
43.1875,7.246,
43.3125,7.227,
43.4375,7.21,
43.5625,7.194,
43.6875,7.177,
43.8125,7.162,70.702
43.9375,7.147,
44.0625,7.133,
44.1875,7.121,
44.3125,7.108,
44.4375,7.096,
44.5625,7.084,76.992
44.6875,7.072,
44.8125,7.061,
44.9375,7.05,
45.0625,7.041,
45.1875,7.031,
45.3125,7.022,75.387
45.4375,7.013,
45.5625,7.003,
45.6875,6.996,
45.8125,6.988,
45.9375,6.979,
46.0625,6.972,
46.1875,6.964,71.276
46.3125,6.956,
46.4375,6.948,
46.5625,6.94,
46.6875,6.933,
46.8125,6.925,
46.9375,6.917,
47.0625,6.909,72.796
47.1875,6.901,
47.3125,6.893,
47.4375,6.885,
47.5625,6.877,
47.6875,6.871,
47.8125,6.863,76.323
47.9375,6.856,
48.0625,6.849,
48.1875,6.842,
48.3125,6.836,
48.4375,6.83,
48.5625,6.824,
48.6875,6.817,70.947
48.8125,6.811,
48.9375,6.804,
49.0625,6.798,
49.1875,6.792,
49.3125,6.787,
49.4375,6.781,
49.5625,6.774,69.818
49.6875,6.769,
49.8125,6.762,
49.9375,6.757,
50.0625,6.752,
50.1875,6.746,
50.3125,6.74,73.802
50.4375,6.735,
50.5625,6.73,
50.6875,6.724,
50.8125,6.718,
50.9375,6.713,
51.0625,6.708,
51.1875,6.703,70.177
51.3125,6.698,
51.4375,6.692,
51.5625,6.687,
51.6875,6.683,
51.8125,6.678,
51.9375,6.673,
52.0625,6.668,69.937
52.1875,6.663,
52.3125,6.657,
52.4375,6.651,
52.5625,6.647,
52.6875,6.642,
52.8125,6.637,74.881
52.9375,6.632,
53.0625,6.627,
53.1875,6.623,
53.3125,6.618,
53.4375,6.614,
53.5625,6.61,
53.6875,6.605,69.15
53.8125,6.601,
53.9375,6.596,
54.0625,6.592,
54.1875,6.587,
54.3125,6.583,
54.4375,6.579,
54.5625,6.574,69.267
54.6875,6.57,
54.8125,6.566,
54.9375,6.561,
55.0625,6.557,
55.1875,6.553,
55.3125,6.549,
55.4375,6.545,71.442
55.5625,6.54,
55.6875,6.537,
55.8125,6.533,
55.9375,6.529,
56.0625,6.526,
56.1875,6.521,
56.3125,6.517,70.418
56.4375,6.513,
56.5625,6.509,
56.6875,6.505,
56.8125,6.502,
56.9375,6.498,
57.0625,6.494,
57.1875,6.488,68.229
57.3125,6.485,
57.4375,6.481,
57.5625,6.478,
57.6875,6.475,
57.8125,6.472,
57.9375,6.468,70.865
58.0625,6.464,
58.1875,6.46,
58.3125,6.457,
58.4375,6.453,
58.5625,6.45,
58.6875,6.447,
58.8125,6.442,69.502
58.9375,6.439,
59.0625,6.436,
59.1875,6.432,
59.3125,6.429,
59.4375,6.426,
59.5625,6.427,
59.6875,6.434,70.661
59.8125,6.439,
59.9375,6.442,
60.0625,6.444,
60.1875,6.443,
60.3125,6.443,
60.4375,6.441,
60.5625,6.44,67.852
60.6875,6.438,
60.8125,6.437,
60.9375,6.439,
61.0625,6.446,
61.1875,6.459,
61.3125,6.483,
61.4375,6.521,71.07
61.5625,6.573,
61.6875,6.644,
61.8125,6.735,
,,
61.9375,6.843,
62.0625,6.962,
62.1875,7.085,
62.3125,7.21,70.459
62.4375,7.327,
62.5625,7.435,
62.6875,7.533,
62.8125,7.621,
62.9375,7.704,
63.0625,7.776,74.069
63.1875,7.853,
63.3125,7.937,
63.4375,8.032,
63.5625,8.141,
63.6875,8.263,
63.8125,8.395,
63.9375,8.531,70.217
64.0625,8.663,
64.1875,8.769,
64.3125,8.844,
64.4375,8.882,
64.5625,8.887,
64.6875,8.864,
64.8125,8.814,
64.9375,8.749,
65.0625,8.67,
65.1875,8.585,
65.3125,8.495,
65.4375,8.401,
65.5625,8.308,
65.6875,8.228,
65.8125,8.163,
65.9375,8.114,
66.0625,8.086,
66.1875,8.074,
66.3125,8.073,
66.4375,8.08,
66.5625,8.088,
66.6875,8.092,
66.8125,8.091,
66.9375,8.081,103.609
67.0625,8.063,
67.1875,8.038,
67.3125,8.007,
67.4375,7.969,
67.5625,7.927,
67.6875,7.883,
67.8125,7.837,114.841
67.9375,7.792,
68.0625,7.75,
68.1875,7.709,
68.3125,7.671,
68.4375,7.637,
68.5625,7.605,
68.6875,7.573,73.935
68.8125,7.544,
68.9375,7.517,
69.0625,7.491,
69.1875,7.468,
69.3125,7.447,
69.4375,7.426,
69.5625,7.406,72.538
69.6875,7.389,
69.8125,7.375,
69.9375,7.367,
70.0625,7.367,
70.1875,7.374,
70.3125,7.382,78.168
70.4375,7.391,
70.5625,7.401,
70.6875,7.416,
70.8125,7.437,
70.9375,7.469,
71.0625,7.513,
71.1875,7.569,
71.3125,7.632,
71.4375,7.698,
71.5625,7.758,
71.6875,7.807,
71.8125,7.844,
71.9375,7.868,
72.0625,7.878,
72.1875,7.875,
72.3125,7.86,
72.4375,7.836,104.936
72.5625,7.805,
72.6875,7.772,
72.8125,7.737,
72.9375,7.703,
73.0625,7.668,
73.1875,7.638,
73.3125,7.616,
73.4375,7.604,
73.5625,7.598,100.887
73.6875,7.598,
73.8125,7.599,
73.9375,7.602,
74.0625,7.603,
74.1875,7.6,
74.3125,7.592,
74.4375,7.58,68.802
74.5625,7.566,
74.6875,7.548,
74.8125,7.529,
74.9375,7.51,
75.0625,7.49,
75.1875,7.469,
75.3125,7.448,70.824
75.4375,7.428,
75.5625,7.409,
75.6875,7.39,
75.8125,7.373,
75.9375,7.356,
76.0625,7.339,
76.1875,7.323,69.034
76.3125,7.307,
76.4375,7.292,
76.5625,7.277,
76.6875,7.264,
76.8125,7.251,
76.9375,7.239,
77.0625,7.226,65.396
77.1875,7.216,
77.3125,7.205,
77.4375,7.194,
77.5625,7.184,
77.6875,7.175,
77.8125,7.166,
77.9375,7.156,68.381
78.0625,7.146,
78.1875,7.138,
78.3125,7.128,
78.4375,7.12,
78.5625,7.113,
78.6875,7.104,
78.8125,7.096,66.746
78.9375,7.088,
79.0625,7.08,
79.1875,7.072,
79.3125,7.065,
79.4375,7.059,
79.5625,7.052,
79.6875,7.046,65.746
79.8125,7.039,
79.9375,7.033,
80.0625,7.027,
80.1875,7.021,
80.3125,7.015,
80.4375,7.009,
80.5625,7.003,70.459
80.6875,6.997,
80.8125,6.992,
80.9375,6.987,
81.0625,6.982,
81.1875,6.977,
81.3125,6.972,
81.4375,6.967,68.002
81.5625,6.961,
81.6875,6.957,
81.8125,6.952,
81.9375,6.948,
82.0625,6.943,
82.1875,6.938,
82.3125,6.933,66.674
82.4375,6.928,
82.5625,6.923,
82.6875,6.918,
82.8125,6.913,
82.9375,6.91,
83.0625,6.906,
83.1875,6.901,71.818
83.3125,6.895,
83.4375,6.891,
83.5625,6.887,
83.6875,6.883,
83.8125,6.879,
83.9375,6.875,
84.0625,6.871,71.07
84.1875,6.867,
84.3125,6.862,
84.4375,6.857,
84.5625,6.853,
84.6875,6.849,
84.8125,6.843,
84.9375,6.838,69.699
85.0625,6.834,
85.1875,6.829,
85.3125,6.825,
85.4375,6.821,
85.5625,6.818,
85.6875,6.813,72.71
85.8125,6.809,
85.9375,6.805,
86.0625,6.801,
86.1875,6.798,
86.3125,6.794,
86.4375,6.791,
86.5625,6.786,70.783
86.6875,6.782,
86.8125,6.778,
86.9375,6.773,
87.0625,6.768,
87.1875,6.765,
87.3125,6.761,
87.4375,6.757,68.381
87.5625,6.754,
87.6875,6.749,
87.8125,6.746,
87.9375,6.743,
88.0625,6.74,
88.1875,6.738,
88.3125,6.734,71.442
88.4375,6.731,
88.5625,6.727,
88.6875,6.724,
88.8125,6.722,
88.9375,6.719,
89.0625,6.715,
89.1875,6.711,68.571
89.3125,6.707,
89.4375,6.704,
89.5625,6.701,
89.6875,6.697,
89.8125,6.695,
89.9375,6.692,
90.0625,6.689,69.15
90.1875,6.687,
90.3125,6.684,
90.4375,6.681,
90.5625,6.678,
90.6875,6.676,
90.8125,6.673,
90.9375,6.67,69.779
91.0625,6.667,
91.1875,6.665,
91.3125,6.662,
91.4375,6.66,
91.5625,6.656,
91.6875,6.653,
91.8125,6.649,67.295
91.9375,6.646,
92.0625,6.643,
92.1875,6.64,
92.3125,6.637,
92.4375,6.636,
92.5625,6.633,
92.6875,6.63,68.381
92.8125,6.628,
92.9375,6.626,
93.0625,6.623,
93.1875,6.622,
93.3125,6.619,
93.4375,6.617,
93.5625,6.614,69.898
93.6875,6.612,
93.8125,6.609,
93.9375,6.606,
94.0625,6.603,
94.1875,6.6,
94.3125,6.598,
94.4375,6.594,67.554
94.5625,6.593,
94.6875,6.594,
94.8125,6.599,
94.9375,6.609,
95.0625,6.622,
95.1875,6.637,
95.3125,6.653,67.591
95.4375,6.668,
95.5625,6.683,
95.6875,6.694,
95.8125,6.703,
95.9375,6.71,
96.0625,6.712,
96.1875,6.713,70.418
96.3125,6.711,
96.4375,6.708,
96.5625,6.704,
96.6875,6.698,
96.8125,6.691,
96.9375,6.684,
97.0625,6.677,68.153
97.1875,6.67,
97.3125,6.664,
97.4375,6.659,
97.5625,6.655,
97.6875,6.651,
97.8125,6.647,
97.9375,6.643,71.235
98.0625,6.64,
98.1875,6.638,
98.3125,6.638,
98.4375,6.638,
98.5625,6.639,
98.6875,6.641,71.029
98.8125,6.645,
98.9375,6.65,
99.0625,6.657,
99.1875,6.667,
99.3125,6.678,
99.4375,6.691,
99.5625,6.702,67.368
99.6875,6.712,
99.8125,6.721,
99.9375,6.728,
100.0625,6.732,
100.1875,6.733,
100.3125,6.733,
100.4375,6.732,
100.5625,6.728,67.295
100.6875,6.723,
100.8125,6.718,
100.9375,6.712,
101.0625,6.707,
101.1875,6.701,
101.3125,6.696,
101.4375,6.69,67.591
101.5625,6.685,
101.6875,6.679,
101.8125,6.675,
101.9375,6.672,
102.0625,6.669,
102.1875,6.663,
102.3125,6.657,65.852
102.4375,6.652,
102.5625,6.65,
102.6875,6.647,
102.8125,6.643,
102.9375,6.641,
103.0625,6.639,
103.1875,6.635,66.1
103.3125,6.632,
103.4375,6.629,
103.5625,6.626,
103.6875,6.623,
103.8125,6.621,
103.9375,6.619,
104.0625,6.615,67.89
104.1875,6.612,
104.3125,6.609,
104.4375,6.606,
104.5625,6.604,
104.6875,6.601,
104.8125,6.597,
104.9375,6.593,
105.0625,6.59,66.35
105.1875,6.586,
105.3125,6.583,
105.4375,6.58,
105.5625,6.577,
105.6875,6.575,
105.8125,6.572,68.956
105.9375,6.569,
106.0625,6.566,
106.1875,6.563,
106.3125,6.561,
106.4375,6.559,
106.5625,6.556,
106.6875,6.553,68.956
106.8125,6.551,
106.9375,6.548,
107.0625,6.545,
107.1875,6.542,
107.3125,6.539,
107.4375,6.535,
107.5625,6.532,
107.6875,6.529,67.111
107.8125,6.527,
107.9375,6.524,
108.0625,6.522,
108.1875,6.521,
108.3125,6.518,
108.4375,6.515,71.4
108.5625,6.512,
108.6875,6.51,
108.8125,6.508,
108.9375,6.505,
109.0625,6.503,
109.1875,6.501,
109.3125,6.496,68.495
109.4375,6.493,
109.5625,6.49,
109.6875,6.486,
109.8125,6.483,
109.9375,6.481,
110.0625,6.479,
110.1875,6.477,68.533
110.3125,6.474,
110.4375,6.472,
110.5625,6.47,
110.6875,6.469,
110.8125,6.468,
110.9375,6.466,
111.0625,6.465,70.865
111.1875,6.463,
111.3125,6.461,
111.4375,6.458,
111.5625,6.455,
111.6875,6.452,
111.8125,6.449,
111.9375,6.446,67.777
112.0625,6.443,
112.1875,6.44,
112.3125,6.439,
112.4375,6.436,
112.5625,6.435,
112.6875,6.433,
112.8125,6.431,71.4
112.9375,6.428,
113.0625,6.426,
113.1875,6.424,
113.3125,6.422,
113.4375,6.419,
113.5625,6.417,
113.6875,6.414,68.956
113.8125,6.411,
113.9375,6.408,
114.0625,6.406,
114.1875,6.403,
114.3125,6.401,
114.4375,6.399,
114.5625,6.397,67.516
114.6875,6.395,
114.8125,6.393,
114.9375,6.391,
115.0625,6.39,
115.1875,6.389,
115.3125,6.387,
115.4375,6.385,71.608
115.5625,6.383,
115.6875,6.381,
115.8125,6.379,
115.9375,6.377,
116.0625,6.375,
116.1875,6.373,
116.3125,6.37,69.62
116.4375,6.367,
116.5625,6.365,
116.6875,6.363,
116.8125,6.362,
116.9375,6.36,
117.0625,6.358,70.743
117.1875,6.356,
117.3125,6.354,
117.4375,6.352,
117.5625,6.35,
117.6875,6.348,
117.8125,6.347,
117.9375,6.345,72.113
118.0625,6.343,
118.1875,6.34,
118.3125,6.338,
118.4375,6.336,
118.5625,6.334,
118.6875,6.332,
118.8125,6.33,69.937
118.9375,6.327,
119.0625,6.325,
119.1875,6.324,
119.3125,6.322,
119.4375,6.321,
119.5625,6.319,75.618
119.6875,6.317,
119.8125,6.315,
119.9375,6.313,
120.0625,6.312,
120.1875,6.31,
120.3125,6.309,
120.4375,6.308,71.902
120.5625,6.308,
120.6875,6.309,
120.8125,6.311,
120.9375,6.314,
121.0625,6.316,
121.1875,6.319,
121.3125,6.32,69.189
121.4375,6.322,
121.5625,6.322,
121.6875,6.322,
121.8125,6.321,
121.9375,6.32,
122.0625,6.319,73.317
122.1875,6.317,
122.3125,6.314,
122.4375,6.312,
122.5625,6.31,
122.6875,6.307,
122.8125,6.305,
122.9375,6.302,70.338
123.0625,6.3,
123.1875,6.297,
123.3125,6.294,
123.4375,6.291,
123.5625,6.288,
123.6875,6.286,
123.8125,6.283,66.566
123.9375,6.279,
124.0625,6.276,
124.1875,6.273,
124.3125,6.27,
124.4375,6.269,
124.5625,6.267,
124.6875,6.265,68.802
124.8125,6.262,
124.9375,6.26,
125.0625,6.258,
125.1875,6.256,
125.3125,6.254,
125.4375,6.252,
125.5625,6.25,70.137
125.6875,6.247,
125.8125,6.245,
125.9375,6.242,
126.0625,6.24,
126.1875,6.237,
126.3125,6.234,
126.4375,6.231,66.928
126.5625,6.229,
126.6875,6.226,
126.8125,6.224,
126.9375,6.223,
127.0625,6.221,
127.1875,6.218,
127.3125,6.216,67.89
127.4375,6.214,
127.5625,6.212,
127.6875,6.211,
127.8125,6.21,
127.9375,6.208,
128.0625,6.206,
128.1875,6.204,71.276
128.3125,6.202,
128.4375,6.201,
128.5625,6.2,
128.6875,6.199,
128.8125,6.198,
128.9375,6.198,
129.0625,6.196,68.571
129.1875,6.195,
129.3125,6.194,
129.4375,6.193,
129.5625,6.192,
129.6875,6.191,
129.8125,6.189,
129.9375,6.188,68.686
130.0625,6.187,
130.1875,6.185,
130.3125,6.182,
130.4375,6.18,
130.5625,6.178,
130.6875,6.176,
130.8125,6.173,69.111
130.9375,6.171,
131.0625,6.168,
131.1875,6.166,
131.3125,6.163,
131.4375,6.16,
131.5625,6.158,
131.6875,6.155,68.419
131.8125,6.153,
131.9375,6.151,
132.0625,6.149,
132.1875,6.147,
132.3125,6.145,
132.4375,6.143,
132.5625,6.142,70.017
132.6875,6.141,
132.8125,6.139,
132.9375,6.136,
133.0625,6.135,
133.1875,6.133,
133.3125,6.132,
133.4375,6.13,68.381
133.5625,6.128,
133.6875,6.126,
133.8125,6.123,
133.9375,6.12,
134.0625,6.118,
134.1875,6.116,
134.3125,6.114,66.602
134.4375,6.113,
134.5625,6.111,
134.6875,6.11,
134.8125,6.11,
134.9375,6.11,
135.0625,6.109,
135.1875,6.109,73.143
135.3125,6.109,
135.4375,6.107,
135.5625,6.107,
135.6875,6.106,
135.8125,6.107,
135.9375,6.105,
136.0625,6.104,70.378
136.1875,6.102,
136.3125,6.099,
136.4375,6.097,
136.5625,6.096,
136.6875,6.095,
136.8125,6.092,
136.9375,6.091,69.073
137.0625,6.09,
137.1875,6.089,
137.3125,6.088,
137.4375,6.087,
137.5625,6.086,
137.6875,6.085,72.197
137.8125,6.083,
137.9375,6.081,
138.0625,6.079,
138.1875,6.078,
138.3125,6.076,
138.4375,6.074,
138.5625,6.072,69.306
138.6875,6.069,
138.8125,6.066,
138.9375,6.065,
139.0625,6.063,
139.1875,6.061,
139.3125,6.059,
139.4375,6.057,67.332
139.5625,6.056,
139.6875,6.054,
139.8125,6.052,
139.9375,6.051,
140.0625,6.049,
140.1875,6.047,
140.3125,6.045,68.802
140.4375,6.044,
140.5625,6.042,
140.6875,6.04,
140.8125,6.039,
140.9375,6.037,
141.0625,6.035,
141.1875,6.033,
141.3125,6.031,65.782
141.4375,6.029,
141.5625,6.026,
141.6875,6.025,
141.8125,6.024,
141.9375,6.023,
142.0625,6.021,
142.1875,6.021,68.191
142.3125,6.019,
142.4375,6.017,
142.5625,6.016,
142.6875,6.015,
142.8125,6.013,
142.9375,6.011,70.257
143.0625,6.01,
143.1875,6.007,
143.3125,6.004,
143.4375,6.002,
143.5625,6,
143.6875,5.998,
143.8125,5.995,68.61
143.9375,5.993,
144.0625,5.992,
144.1875,5.989,
144.3125,5.987,
144.4375,5.986,
144.5625,5.985,
144.6875,5.984,75.11
144.8125,5.983,
144.9375,5.981,
145.0625,5.979,
145.1875,5.978,
145.3125,5.976,
145.4375,5.975,
145.5625,5.973,71.111
145.6875,5.972,
145.8125,5.971,
145.9375,5.97,
146.0625,5.97,
146.1875,5.969,
146.3125,5.968,
146.4375,5.968,68.995
146.5625,5.968,
146.6875,5.968,
146.8125,5.968,
146.9375,5.968,
147.0625,5.968,
147.1875,5.967,73.317
147.3125,5.965,
147.4375,5.964,
147.5625,5.962,
147.6875,5.961,
147.8125,5.96,
147.9375,5.958,
148.0625,5.955,68.995
148.1875,5.953,
148.3125,5.951,
148.4375,5.949,
148.5625,5.946,
148.6875,5.944,
148.8125,5.942,
148.9375,5.94,64.844
149.0625,5.939,
149.1875,5.937,
149.3125,5.936,
149.4375,5.935,
149.5625,5.933,
149.6875,5.932,
149.8125,5.931,69.581
149.9375,5.93,
150.0625,5.929,
150.1875,5.928,
150.3125,5.927,
150.4375,5.926,
150.5625,5.924,
150.6875,5.922,67.258
150.8125,5.922,
150.9375,5.921,
151.0625,5.919,
151.1875,5.917,
151.3125,5.917,
151.4375,5.916,
151.5625,5.915,
151.6875,5.914,64.742
151.8125,5.913,
151.9375,5.912,
152.0625,5.91,
152.1875,5.909,
152.3125,5.907,
152.4375,5.906,
152.5625,5.904,67.965
152.6875,5.902,
152.8125,5.901,
152.9375,5.899,
153.0625,5.897,
153.1875,5.895,
153.3125,5.893,
153.4375,5.891,66.065
153.5625,5.888,
153.6875,5.886,
153.8125,5.884,
153.9375,5.882,
154.0625,5.88,
154.1875,5.879,
154.3125,5.877,67.111
154.4375,5.876,
154.5625,5.875,
154.6875,5.874,
154.8125,5.872,
154.9375,5.871,
155.0625,5.87,
155.1875,5.868,68.956
155.3125,5.867,
155.4375,5.866,
155.5625,5.864,
155.6875,5.862,
155.8125,5.861,
155.9375,5.859,
156.0625,5.856,67.665
156.1875,5.853,
156.3125,5.851,
156.4375,5.85,
156.5625,5.848,
156.6875,5.847,
156.8125,5.845,
156.9375,5.844,71.276
157.0625,5.843,
157.1875,5.842,
157.3125,5.841,
157.4375,5.84,
157.5625,5.841,
157.6875,5.841,
157.8125,5.844,71.608
157.9375,5.849,
158.0625,5.855,
158.1875,5.862,
158.3125,5.872,
158.4375,5.883,
158.5625,5.893,
158.6875,5.902,70.257
158.8125,5.91,
158.9375,5.918,
159.0625,5.925,
159.1875,5.929,
159.3125,5.932,
159.4375,5.934,74.973
159.5625,5.935,
159.6875,5.934,
159.8125,5.932,
159.9375,5.93,
160.0625,5.927,
160.1875,5.924,
160.3125,5.92,71.986
160.4375,5.917,
160.5625,5.912,
160.6875,5.909,
160.8125,5.905,
160.9375,5.901,
161.0625,5.898,
161.1875,5.895,70.097
161.3125,5.891,
161.4375,5.89,
161.5625,5.887,
161.6875,5.885,
161.8125,5.883,
161.9375,5.882,74.654
162.0625,5.88,
162.1875,5.878,
162.3125,5.877,
162.4375,5.875,
162.5625,5.873,
162.6875,5.871,
162.8125,5.87,70.017
162.9375,5.867,
163.0625,5.866,
163.1875,5.865,
163.3125,5.864,
163.4375,5.865,
163.5625,5.867,
163.6875,5.87,68.229
163.8125,5.873,
163.9375,5.877,
164.0625,5.88,
164.1875,5.883,
164.3125,5.884,
164.4375,5.885,
164.5625,5.885,71.152
164.6875,5.884,
164.8125,5.883,
164.9375,5.881,
165.0625,5.878,
165.1875,5.875,
165.3125,5.873,
165.4375,5.87,68.078
165.5625,5.868,
165.6875,5.866,
165.8125,5.865,
165.9375,5.863,
166.0625,5.862,
166.1875,5.861,
166.3125,5.86,69.818
166.4375,5.858,
166.5625,5.855,
166.6875,5.854,
166.8125,5.851,
166.9375,5.85,
167.0625,5.847,
167.1875,5.845,68.802
167.3125,5.844,
167.4375,5.844,
167.5625,5.844,
167.6875,5.845,
167.8125,5.847,
167.9375,5.85,
168.0625,5.854,67.516
168.1875,5.859,
168.3125,5.862,
168.4375,5.866,
168.5625,5.87,
168.6875,5.875,
168.8125,5.879,73.317
168.9375,5.881,
169.0625,5.883,
169.1875,5.884,
169.3125,5.885,
169.4375,5.885,
169.5625,5.885,
169.6875,5.883,71.111
169.8125,5.88,
169.9375,5.878,
170.0625,5.878,
170.1875,5.89,
170.3125,5.904,
170.4375,5.913,
170.5625,5.917,69.858
170.6875,5.92,
170.8125,5.92,
170.9375,5.919,
171.0625,5.918,
171.1875,5.918,
171.3125,5.918,
171.4375,5.922,
171.5625,5.931,
171.6875,5.95,
171.8125,5.98,
171.9375,6.022,
172.0625,6.073,
172.1875,6.128,
172.3125,6.186,
172.4375,6.245,
172.5625,6.306,
172.6875,6.376,
172.8125,6.46,
172.9375,6.561,
173.0625,6.68,
173.1875,6.814,69.189
173.3125,6.956,
173.4375,7.109,
173.5625,7.282,
173.6875,7.469,
173.8125,7.673,
173.9375,7.896,
174.0625,8.119,67.777
174.1875,8.342,
174.3125,8.584,
174.4375,8.788,
174.5625,8.942,
174.6875,9.064,84.454
174.8125,9.155,
174.9375,9.196,
175.0625,9.204,
175.1875,9.187,
175.3125,9.145,95.33
175.4375,9.081,
175.5625,9.001,
175.6875,8.916,
175.8125,8.829,
175.9375,8.75,
176.0625,8.686,
176.1875,8.65,
176.3125,8.652,
176.4375,8.696,
176.5625,8.782,
176.6875,8.901,66.746
176.8125,9.035,
176.9375,9.166,
177.0625,9.286,
177.1875,9.391,
177.3125,9.487,
177.4375,9.579,
177.5625,9.66,67.111
177.6875,9.731,
177.8125,9.781,
177.9375,9.824,
178.0625,9.837,
178.1875,9.829,
178.3125,9.796,
178.4375,9.738,
178.5625,9.66,
178.6875,9.567,
178.8125,9.463,
178.9375,9.36,
179.0625,9.273,
179.1875,9.216,
179.3125,9.198,
179.4375,9.223,
179.5625,9.289,
179.6875,9.371,
179.8125,9.454,
179.9375,9.523,
180.0625,9.569,
180.1875,9.581,96.528
180.3125,9.562,
180.4375,9.514,
180.5625,9.44,
180.6875,9.346,
180.8125,9.237,
180.9375,9.121,
181.0625,8.999,70.947
181.1875,8.881,
181.3125,8.767,
181.4375,8.661,
181.5625,8.563,
181.6875,8.474,
181.8125,8.393,
181.9375,8.318,68.84
182.0625,8.254,
182.1875,8.195,
182.3125,8.138,
182.4375,8.087,
182.5625,8.04,
182.6875,7.995,
182.8125,7.954,68.229
182.9375,7.92,
183.0625,7.889,
183.1875,7.86,
183.3125,7.833,
183.4375,7.807,
183.5625,7.782,74.563
183.6875,7.757,
183.8125,7.735,
183.9375,7.713,
184.0625,7.693,
184.1875,7.673,
184.3125,7.655,
184.4375,7.637,70.58
184.5625,7.619,
184.6875,7.601,
184.8125,7.584,
184.9375,7.567,
185.0625,7.55,
185.1875,7.532,
185.3125,7.515,69.111
185.4375,7.501,
185.5625,7.487,
185.6875,7.472,
185.8125,7.459,
185.9375,7.446,
186.0625,7.432,
186.1875,7.419,71.608
186.3125,7.406,
186.4375,7.393,
186.5625,7.381,
186.6875,7.369,
186.8125,7.358,
186.9375,7.345,
187.0625,7.334,69.858
187.1875,7.323,
187.3125,7.312,
187.4375,7.301,
187.5625,7.29,
187.6875,7.279,
187.8125,7.268,
187.9375,7.258,67.927
188.0625,7.248,
188.1875,7.238,
188.3125,7.228,
188.4375,7.219,
188.5625,7.21,
188.6875,7.2,
188.8125,7.191,70.459
188.9375,7.182,
189.0625,7.174,
189.1875,7.165,
189.3125,7.156,
189.4375,7.148,
189.5625,7.139,69.228
189.6875,7.13,
189.8125,7.12,
189.9375,7.11,
190.0625,7.101,
190.1875,7.092,
190.3125,7.084,
190.4375,7.075,
190.5625,7.066,67.038
190.6875,7.057,
190.8125,7.048,
190.9375,7.04,
191.0625,7.032,
191.1875,7.024,
191.3125,7.016,70.177
191.4375,7.009,
191.5625,7.001,
191.6875,6.993,
191.8125,6.985,
191.9375,6.978,
192.0625,6.971,
192.1875,6.963,68.343
192.3125,6.955,
192.4375,6.946,
192.5625,6.937,
192.6875,6.93,
192.8125,6.923,
192.9375,6.916,
193.0625,6.909,
193.1875,6.902,68.153
193.3125,6.895,
193.4375,6.888,
193.5625,6.882,
193.6875,6.876,
193.8125,6.871,
193.9375,6.864,69.581
194.0625,6.857,
194.1875,6.851,
194.3125,6.844,
194.4375,6.837,
194.5625,6.831,
194.6875,6.825,
194.8125,6.818,68.725
194.9375,6.811,
195.0625,6.805,
195.1875,6.797,
195.3125,6.791,
195.4375,6.785,
195.5625,6.78,
195.6875,6.774,68.571
195.8125,6.767,
195.9375,6.761,
196.0625,6.755,
196.1875,6.749,
196.3125,6.743,
196.4375,6.738,
196.5625,6.731,72.367
196.6875,6.726,
196.8125,6.72,
196.9375,6.715,
197.0625,6.709,
197.1875,6.704,
197.3125,6.697,
197.4375,6.691,70.54
197.5625,6.685,
197.6875,6.679,
197.8125,6.673,
197.9375,6.668,
198.0625,6.664,
198.1875,6.659,
198.3125,6.653,71.944
198.4375,6.649,
198.5625,6.643,
198.6875,6.64,
198.8125,6.637,
198.9375,6.633,
199.0625,6.628,72.839
199.1875,6.622,
199.3125,6.617,
199.4375,6.611,
199.5625,6.606,
199.6875,6.6,
199.8125,6.595,
199.9375,6.589,70.257
200.0625,6.584,
200.1875,6.579,
200.3125,6.574,
200.4375,6.569,
200.5625,6.565,
200.6875,6.56,73.493
200.8125,6.556,
200.9375,6.551,
201.0625,6.547,
201.1875,6.543,
201.3125,6.539,
201.4375,6.536,
201.5625,6.532,70.378
201.6875,6.527,
201.8125,6.524,
201.9375,6.52,
202.0625,6.515,
202.1875,6.511,
202.3125,6.507,
202.4375,6.503,68.61
202.5625,6.499,
202.6875,6.496,
202.8125,6.493,
202.9375,6.489,
203.0625,6.486,
203.1875,6.483,
203.3125,6.479,70.621
203.4375,6.475,
203.5625,6.473,
203.6875,6.47,
203.8125,6.467,
203.9375,6.464,
204.0625,6.462,
204.1875,6.46,68.078
204.3125,6.457,
204.4375,6.455,
204.5625,6.453,
204.6875,6.451,
204.8125,6.45,
204.9375,6.448,
205.0625,6.445,68.495
205.1875,6.443,
205.3125,6.442,
205.4375,6.44,
205.5625,6.438,
205.6875,6.436,
205.8125,6.433,
205.9375,6.431,70.54
206.0625,6.428,
206.1875,6.425,
206.3125,6.422,
206.4375,6.42,
206.5625,6.417,
206.6875,6.414,
206.8125,6.41,68.802
206.9375,6.407,
207.0625,6.404,
207.1875,6.401,
207.3125,6.398,
207.4375,6.395,
207.5625,6.392,
207.6875,6.389,72.581
207.8125,6.386,
207.9375,6.384,
208.0625,6.381,
208.1875,6.378,
208.3125,6.376,
208.4375,6.373,71.276
208.5625,6.369,
208.6875,6.367,
208.8125,6.364,
208.9375,6.362,
209.0625,6.36,
209.1875,6.358,
209.3125,6.355,70.017
209.4375,6.353,
209.5625,6.351,
209.6875,6.349,
209.8125,6.346,
209.9375,6.343,
210.0625,6.34,
210.1875,6.337,73.713
210.3125,6.334,
210.4375,6.331,
210.5625,6.329,
210.6875,6.327,
210.8125,6.324,
210.9375,6.322,70.743
211.0625,6.319,
211.1875,6.313,
211.3125,6.31,
211.4375,6.307,
211.5625,6.304,
211.6875,6.303,
211.8125,6.302,75.202
211.9375,6.299,
212.0625,6.298,
212.1875,6.298,
212.3125,6.301,
212.4375,6.308,
212.5625,6.325,
212.6875,6.356,71.567
212.8125,6.403,
212.9375,6.465,
213.0625,6.539,
213.1875,6.62,
213.3125,6.701,
213.4375,6.777,78.467
213.5625,6.849,
213.6875,6.909,
213.8125,6.953,
213.9375,6.986,
214.0625,7.007,
214.1875,7.022,77.332
214.3125,7.025,
214.4375,7.018,
214.5625,7.005,
214.6875,6.99,
214.8125,6.974,
214.9375,6.957,72.41
215.0625,6.939,
215.1875,6.922,
215.3125,6.906,
215.4375,6.89,
215.5625,6.874,
215.6875,6.859,
215.8125,6.844,
215.9375,6.831,
216.0625,6.819,
216.1875,6.809,
216.3125,6.802,
216.4375,6.797,
216.5625,6.79,
216.6875,6.784,
216.8125,6.778,
216.9375,6.773,
217.0625,6.769,
217.1875,6.767,
217.3125,6.763,
217.4375,6.758,
217.5625,6.753,67.368
217.6875,6.749,
217.8125,6.745,
217.9375,6.739,
218.0625,6.735,
218.1875,6.732,
218.3125,6.728,
218.4375,6.723,67.405
218.5625,6.718,
218.6875,6.714,
218.8125,6.711,
218.9375,6.708,
219.0625,6.705,
219.1875,6.701,
219.3125,6.697,65.571
219.4375,6.693,
219.5625,6.689,
219.6875,6.686,
219.8125,6.683,
219.9375,6.68,
220.0625,6.676,
220.1875,6.672,70.097
220.3125,6.669,
220.4375,6.665,
220.5625,6.662,
220.6875,6.659,
220.8125,6.657,
220.9375,6.654,
221.0625,6.652,68.153
221.1875,6.652,
221.3125,6.651,
221.4375,6.65,
221.5625,6.65,
221.6875,6.649,
221.8125,6.647,
221.9375,6.646,66.855
222.0625,6.643,
222.1875,6.64,
222.3125,6.637,
222.4375,6.634,
222.5625,6.631,
222.6875,6.627,
222.8125,6.623,68.343
222.9375,6.619,
223.0625,6.614,
223.1875,6.61,
223.3125,6.607,
223.4375,6.603,
223.5625,6.6,
223.6875,6.596,66.35
223.8125,6.592,
223.9375,6.588,
224.0625,6.584,
224.1875,6.581,
224.3125,6.577,
224.4375,6.573,
224.5625,6.569,72.667
224.6875,6.566,
224.8125,6.562,
224.9375,6.558,
225.0625,6.555,
225.1875,6.551,
225.3125,6.548,
225.4375,6.544,71.776
225.5625,6.54,
225.6875,6.537,
225.8125,6.534,
225.9375,6.531,
226.0625,6.528,
226.1875,6.525,70.217
226.3125,6.521,
226.4375,6.517,
226.5625,6.512,
226.6875,6.508,
226.8125,6.504,
226.9375,6.501,
227.0625,6.496,75.899
227.1875,6.493,
227.3125,6.488,
227.4375,6.485,
227.5625,6.482,
227.6875,6.479,
227.8125,6.475,71.483
227.9375,6.471,
228.0625,6.467,
228.1875,6.464,
228.3125,6.461,
228.4375,6.458,
228.5625,6.456,
228.6875,6.453,69.699
228.8125,6.45,
228.9375,6.447,
229.0625,6.443,
229.1875,6.44,
229.3125,6.437,
229.4375,6.435,
229.5625,6.431,71.902
229.6875,6.428,
229.8125,6.424,
229.9375,6.421,
230.0625,6.418,
230.1875,6.415,
230.3125,6.412,
230.4375,6.408,70.177
230.5625,6.405,
230.6875,6.402,
230.8125,6.399,
230.9375,6.396,
231.0625,6.393,
231.1875,6.391,
231.3125,6.388,68.571
231.4375,6.384,
231.5625,6.38,
231.6875,6.377,
231.8125,6.374,
231.9375,6.371,
232.0625,6.368,
232.1875,6.365,71.359
232.3125,6.362,
232.4375,6.358,
232.5625,6.354,
232.6875,6.351,
232.8125,6.349,
232.9375,6.346,
233.0625,6.343,67.74
233.1875,6.339,
233.3125,6.336,
233.4375,6.334,
233.5625,6.331,
233.6875,6.328,
233.8125,6.325,
233.9375,6.323,66.243
234.0625,6.32,
234.1875,6.317,
234.3125,6.314,
234.4375,6.312,
234.5625,6.309,
234.6875,6.306,
234.8125,6.303,70.906
234.9375,6.3,
235.0625,6.298,
235.1875,6.295,
235.3125,6.292,
235.4375,6.29,
235.5625,6.289,
235.6875,6.291,67.89
235.8125,6.296,
235.9375,6.307,
236.0625,6.326,
236.1875,6.352,
236.3125,6.384,
236.4375,6.42,
236.5625,6.455,66.819
236.6875,6.489,
236.8125,6.523,
236.9375,6.548,
237.0625,6.567,
237.1875,6.58,
237.3125,6.586,
237.4375,6.585,69.62
237.5625,6.583,
237.6875,6.576,
237.8125,6.567,
237.9375,6.557,
238.0625,6.55,
238.1875,6.549,
238.3125,6.557,71.07
238.4375,6.578,
238.5625,6.614,
238.6875,6.66,
238.8125,6.713,
238.9375,6.765,
239.0625,6.81,75.572
239.1875,6.848,
239.3125,6.878,
239.4375,6.901,
239.5625,6.915,
239.6875,6.919,
239.8125,6.914,
239.9375,6.903,72.028
240.0625,6.889,
240.1875,6.874,
240.3125,6.858,
240.4375,6.842,
240.5625,6.827,
240.6875,6.814,72.155
240.8125,6.802,
240.9375,6.789,
241.0625,6.777,
241.1875,6.763,
241.3125,6.75,113.149
241.4375,6.738,
241.5625,6.727,
241.6875,6.72,
241.8125,6.716,106.39
241.9375,6.717,
242.0625,6.727,
242.1875,6.745,
242.3125,6.767,
242.4375,6.791,
242.5625,6.816,
242.6875,6.839,70.418
242.8125,6.859,
242.9375,6.876,
243.0625,6.888,
243.1875,6.895,
243.3125,6.898,99.337
243.4375,6.896,
243.5625,6.891,
243.6875,6.885,
243.8125,6.876,
243.9375,6.865,
244.0625,6.854,
244.1875,6.845,
244.3125,6.838,
244.4375,6.836,
244.5625,6.841,
244.6875,6.855,
244.8125,6.877,
244.9375,6.907,
245.0625,6.938,
245.1875,6.97,
245.3125,6.997,
245.4375,7.016,
245.5625,7.027,
245.6875,7.031,
245.8125,7.029,
245.9375,7.02,69.267
246.0625,7.005,
246.1875,6.987,
246.3125,6.967,
246.4375,6.946,
246.5625,6.925,
246.6875,6.904,
246.8125,6.884,69.779
246.9375,6.866,
247.0625,6.849,
247.1875,6.834,
247.3125,6.821,
247.4375,6.809,
247.5625,6.797,
247.6875,6.785,67.368
247.8125,6.773,
247.9375,6.762,
248.0625,6.752,
248.1875,6.742,
248.3125,6.733,
248.4375,6.724,
248.5625,6.715,68.229
248.6875,6.707,
248.8125,6.699,
248.9375,6.691,
249.0625,6.683,
249.1875,6.676,
249.3125,6.669,75.202
249.4375,6.663,
249.5625,6.656,
249.6875,6.65,
249.8125,6.644,
249.9375,6.638,
250.0625,6.633,
250.1875,6.627,70.988
250.3125,6.621,
250.4375,6.615,
250.5625,6.611,
250.6875,6.606,
250.8125,6.602,
250.9375,6.597,
251.0625,6.592,69.228
251.1875,6.587,
251.3125,6.583,
251.4375,6.578,
251.5625,6.574,
251.6875,6.57,
251.8125,6.566,
251.9375,6.561,73.317
252.0625,6.557,
252.1875,6.553,
252.3125,6.549,
252.4375,6.546,
252.5625,6.542,
252.6875,6.54,70.621
252.8125,6.536,
252.9375,6.532,
253.0625,6.529,
253.1875,6.525,
253.3125,6.521,
253.4375,6.518,
253.5625,6.514,69.502
253.6875,6.511,
253.8125,6.507,
253.9375,6.503,
254.0625,6.5,
254.1875,6.497,
254.3125,6.493,
254.4375,6.489,73.891
254.5625,6.485,
254.6875,6.482,
254.8125,6.478,
254.9375,6.475,
255.0625,6.475,
255.1875,6.472,71.07
255.3125,6.468,
255.4375,6.464,
255.5625,6.462,
255.6875,6.459,
255.8125,6.454,
255.9375,6.45,87.96
256.0625,6.446,
256.1875,6.442,
256.3125,6.438,
256.4375,6.434,
256.5625,6.432,
256.6875,6.43,
256.8125,6.429,
256.9375,6.431,112.631
257.0625,6.433,
257.1875,6.436,
257.3125,6.44,
257.4375,6.444,
257.5625,6.449,
257.6875,6.453,
257.8125,6.456,71.525
257.9375,6.459,
258.0625,6.46,
258.1875,6.461,
258.3125,6.461,
258.4375,6.459,
258.5625,6.456,
258.6875,6.453,68.763
258.8125,6.45,
258.9375,6.446,
259.0625,6.443,
259.1875,6.439,
259.3125,6.436,
259.4375,6.432,71.567
259.5625,6.429,
259.6875,6.426,
259.8125,6.422,
259.9375,6.418,
260.0625,6.416,
260.1875,6.412,
260.3125,6.409,68.763
260.4375,6.407,
260.5625,6.405,
260.6875,6.403,
260.8125,6.4,
260.9375,6.397,
261.0625,6.394,
261.1875,6.39,
261.3125,6.387,64.981
261.4375,6.382,
261.5625,6.379,
261.6875,6.378,
261.8125,6.376,
261.9375,6.374,
262.0625,6.372,
262.1875,6.369,67.405
262.3125,6.368,
262.4375,6.365,
262.5625,6.363,
262.6875,6.361,
262.8125,6.36,
262.9375,6.36,
263.0625,6.361,66.422
263.1875,6.361,
263.3125,6.36,
263.4375,6.357,
263.5625,6.353,
263.6875,6.35,
263.8125,6.347,
263.9375,6.344,65.641
264.0625,6.342,
264.1875,6.339,
264.3125,6.336,
264.4375,6.334,
264.5625,6.333,
264.6875,6.334,
264.8125,6.34,69.542
264.9375,6.351,
265.0625,6.371,
265.1875,6.403,
265.3125,6.443,
265.4375,6.493,
265.5625,6.546,
265.6875,6.597,69.699
265.8125,6.644,
265.9375,6.684,
266.0625,6.715,
266.1875,6.738,
266.3125,6.752,
266.4375,6.756,
266.5625,6.754,68.153
266.6875,6.745,
266.8125,6.732,
266.9375,6.716,
267.0625,6.699,
267.1875,6.681,
267.3125,6.663,
267.4375,6.646,68.879
267.5625,6.63,
267.6875,6.617,
267.8125,6.603,
267.9375,6.592,
268.0625,6.582,
268.1875,6.572,
268.3125,6.563,68.381
268.4375,6.555,
268.5625,6.548,
268.6875,6.54,
268.8125,6.534,
268.9375,6.527,
269.0625,6.522,
269.1875,6.516,66.494
269.3125,6.511,
269.4375,6.506,
269.5625,6.502,
269.6875,6.497,
269.8125,6.493,
269.9375,6.488,
270.0625,6.485,67.852
270.1875,6.482,
270.3125,6.477,
270.4375,6.473,
270.5625,6.47,
270.6875,6.467,
270.8125,6.463,
270.9375,6.46,67.852
271.0625,6.458,
271.1875,6.455,
271.3125,6.453,
271.4375,6.45,
271.5625,6.447,
271.6875,6.445,
271.8125,6.443,
271.9375,6.441,65.923
272.0625,6.438,
272.1875,6.435,
272.3125,6.433,
272.4375,6.43,
272.5625,6.427,
272.6875,6.425,
272.8125,6.422,68.04
272.9375,6.42,
273.0625,6.417,
273.1875,6.415,
273.3125,6.412,
273.4375,6.41,
273.5625,6.408,
273.6875,6.405,67.258
273.8125,6.403,
273.9375,6.4,
274.0625,6.398,
274.1875,6.396,
274.3125,6.393,
274.4375,6.391,
274.5625,6.389,66.566
274.6875,6.386,
274.8125,6.383,
274.9375,6.38,
275.0625,6.378,
275.1875,6.376,
275.3125,6.374,
275.4375,6.371,69.739
275.5625,6.369,
275.6875,6.366,
275.8125,6.364,
275.9375,6.362,
276.0625,6.36,
276.1875,6.358,
276.3125,6.356,67.965
276.4375,6.353,
276.5625,6.352,
276.6875,6.35,
276.8125,6.348,
276.9375,6.347,
277.0625,6.345,
277.1875,6.343,68.381
277.3125,6.342,
277.4375,6.34,
277.5625,6.338,
277.6875,6.336,
277.8125,6.335,
277.9375,6.334,
278.0625,6.332,70.017
278.1875,6.329,
278.3125,6.327,
278.4375,6.326,
278.5625,6.324,
278.6875,6.322,
278.8125,6.321,
278.9375,6.319,67.815
279.0625,6.317,
279.1875,6.315,
279.3125,6.313,
279.4375,6.311,
279.5625,6.309,
279.6875,6.307,
279.8125,6.306,72.197
279.9375,6.304,
280.0625,6.302,
280.1875,6.301,
280.3125,6.299,
280.4375,6.297,
280.5625,6.295,71.029
280.6875,6.294,
280.8125,6.292,
280.9375,6.291,
281.0625,6.291,
281.1875,6.29,
281.3125,6.29,
281.4375,6.289,
281.5625,6.29,68.002
281.6875,6.29,
281.8125,6.291,
281.9375,6.291,
282.0625,6.29,
282.1875,6.288,
282.3125,6.287,70.137
282.4375,6.285,
282.5625,6.282,
282.6875,6.28,
282.8125,6.277,
282.9375,6.274,
283.0625,6.273,
283.1875,6.271,71.986
283.3125,6.269,
283.4375,6.268,
283.5625,6.266,
283.6875,6.265,
283.8125,6.264,
283.9375,6.263,75.248
284.0625,6.263,
284.1875,6.264,
284.3125,6.267,
284.4375,6.273,
284.5625,6.282,
284.6875,6.294,
284.8125,6.31,70.783
284.9375,6.328,
285.0625,6.347,
285.1875,6.366,
285.3125,6.382,
285.4375,6.396,
285.5625,6.409,
285.6875,6.417,68.84
285.8125,6.424,
285.9375,6.426,
286.0625,6.425,
286.1875,6.423,
286.3125,6.42,
286.4375,6.415,
286.5625,6.41,69.581
286.6875,6.404,
286.8125,6.399,
286.9375,6.393,
287.0625,6.387,
287.1875,6.381,
287.3125,6.376,
287.4375,6.371,65.641
287.5625,6.366,
287.6875,6.362,
287.8125,6.358,
287.9375,6.355,
288.0625,6.351,
288.1875,6.348,
288.3125,6.346,69.898
288.4375,6.342,
288.5625,6.34,
288.6875,6.336,
288.8125,6.334,
288.9375,6.331,
289.0625,6.329,
289.1875,6.327,71.111
289.3125,6.326,
289.4375,6.325,
289.5625,6.324,
289.6875,6.323,
289.8125,6.324,
289.9375,6.324,
290.0625,6.324,73.493
290.1875,6.323,
290.3125,6.323,
290.4375,6.322,
290.5625,6.321,
290.6875,6.32,
290.8125,6.318,71.734
290.9375,6.316,
291.0625,6.315,
291.1875,6.313,
291.3125,6.311,
291.4375,6.308,
291.5625,6.305,
291.6875,6.303,70.661
291.8125,6.3,
291.9375,6.298,
292.0625,6.297,
292.1875,6.295,
292.3125,6.293,
292.4375,6.291,76.181
292.5625,6.29,
292.6875,6.29,
292.8125,6.289,
292.9375,6.287,
293.0625,6.285,
293.1875,6.284,
293.3125,6.283,72.325
293.4375,6.281,
293.5625,6.28,
293.6875,6.279,
293.8125,6.278,
293.9375,6.277,
294.0625,6.276,
294.1875,6.276,71.776
294.3125,6.277,
294.4375,6.278,
294.5625,6.279,
294.6875,6.28,
294.8125,6.28,
294.9375,6.282,72.028
295.0625,6.282,
295.1875,6.282,
295.3125,6.281,
295.4375,6.281,
295.5625,6.28,
295.6875,6.28,
295.8125,6.28,69.937
295.9375,6.281,
296.0625,6.281,
296.1875,6.28,
296.3125,6.28,
296.4375,6.279,
296.5625,6.278,
296.6875,6.277,69.62
296.8125,6.275,
296.9375,6.274,
297.0625,6.271,
297.1875,6.269,
297.3125,6.267,
297.4375,6.264,
297.5625,6.262,67.554
297.6875,6.258,
297.8125,6.255,
297.9375,6.253,
298.0625,6.251,
298.1875,6.249,
298.3125,6.246,
298.4375,6.244,65.571
298.5625,6.242,
298.6875,6.239,
298.8125,6.238,
298.9375,6.235,
299.0625,6.233,
299.1875,6.231,
299.3125,6.23,
299.4375,6.227,67.815
299.5625,6.225,
299.6875,6.223,
299.8125,6.222,
299.9375,6.219,
300.0625,6.217,
300.1875,6.214,
300.3125,6.212,65.466
300.4375,6.21,
300.5625,6.208,
300.6875,6.206,
300.8125,6.204,
300.9375,6.202,
301.0625,6.2,
301.1875,6.199,69.345
301.3125,6.198,
301.4375,6.196,
301.5625,6.194,
301.6875,6.192,
301.8125,6.192,
301.9375,6.19,
302.0625,6.189,67.405
302.1875,6.187,
302.3125,6.186,
302.4375,6.186,
302.5625,6.185,
302.6875,6.184,
302.8125,6.183,
302.9375,6.183,69.858
303.0625,6.181,
303.1875,6.18,
303.3125,6.179,
303.4375,6.178,
303.5625,6.177,
303.6875,6.176,71.776
303.8125,6.176,
303.9375,6.174,
304.0625,6.173,
304.1875,6.172,
304.3125,6.17,
304.4375,6.168,
304.5625,6.167,70.54
304.6875,6.166,
304.8125,6.164,
304.9375,6.163,
305.0625,6.161,
305.1875,6.16,
305.3125,6.158,
305.4375,6.158,74.79
305.5625,6.157,
305.6875,6.155,
305.8125,6.153,
305.9375,6.152,
306.0625,6.151,
306.1875,6.149,71.152
306.3125,6.148,
306.4375,6.146,
306.5625,6.145,
306.6875,6.142,
306.8125,6.141,
306.9375,6.138,
307.0625,6.136,69.699
307.1875,6.134,
307.3125,6.133,
307.4375,6.131,
307.5625,6.129,
307.6875,6.127,
307.8125,6.125,
307.9375,6.124,73.935
308.0625,6.122,
308.1875,6.121,
308.3125,6.119,
308.4375,6.118,
308.5625,6.116,
308.6875,6.115,
308.8125,6.114,71.608
308.9375,6.112,
309.0625,6.111,
309.1875,6.11,
309.3125,6.109,
309.4375,6.108,
309.5625,6.108,
309.6875,6.108,67.777
309.8125,6.108,
309.9375,6.108,
310.0625,6.107,
310.1875,6.106,
310.3125,6.106,
310.4375,6.106,70.988
310.5625,6.105,
310.6875,6.104,
310.8125,6.103,
310.9375,6.101,
311.0625,6.1,
311.1875,6.099,
311.3125,6.097,
311.4375,6.095,67.074
311.5625,6.093,
311.6875,6.092,
311.8125,6.09,
311.9375,6.088,
312.0625,6.086,
312.1875,6.085,
312.3125,6.083,65.501
312.4375,6.082,
312.5625,6.08,
312.6875,6.079,
312.8125,6.078,
312.9375,6.077,
313.0625,6.075,
313.1875,6.074,68.495
313.3125,6.073,
313.4375,6.072,
313.5625,6.071,
313.6875,6.068,
313.8125,6.066,
313.9375,6.065,
314.0625,6.063,64.47
314.1875,6.061,
314.3125,6.059,
314.4375,6.058,
314.5625,6.056,
314.6875,6.054,
314.8125,6.052,
314.9375,6.051,
315.0625,6.049,66.1
315.1875,6.047,
315.3125,6.046,
315.4375,6.044,
315.5625,6.042,
315.6875,6.041,
315.8125,6.04,
315.9375,6.039,66.35
316.0625,6.038,
316.1875,6.036,
316.3125,6.035,
316.4375,6.033,
316.5625,6.032,
316.6875,6.031,
316.8125,6.03,65.887
316.9375,6.03,
317.0625,6.029,
317.1875,6.028,
317.3125,6.027,
317.4375,6.026,
317.5625,6.025,
317.6875,6.024,70.017
317.8125,6.023,
317.9375,6.022,
318.0625,6.02,
318.1875,6.019,
318.3125,6.017,
318.4375,6.017,
318.5625,6.014,68.763
318.6875,6.013,
318.8125,6.011,
318.9375,6.01,
319.0625,6.008,
319.1875,6.007,
319.3125,6.004,
319.4375,6.003,68.686
319.5625,6.001,
319.6875,5.999,
319.8125,5.998,
319.9375,5.996,
320.0625,5.995,
320.1875,5.993,
320.3125,5.992,71.235
320.4375,5.991,
320.5625,5.989,
320.6875,5.988,
320.8125,5.986,
320.9375,5.985,
321.0625,5.983,
321.1875,5.981,67.965
321.3125,5.979,
321.4375,5.978,
321.5625,5.976,
321.6875,5.975,
321.8125,5.973,
321.9375,5.971,
322.0625,5.969,70.177
322.1875,5.968,
322.3125,5.966,
322.4375,5.964,
322.5625,5.963,
322.6875,5.961,
322.8125,5.961,69.858
322.9375,5.959,
323.0625,5.958,
323.1875,5.956,
323.3125,5.955,
323.4375,5.954,
323.5625,5.952,
323.6875,5.951,
323.8125,5.95,67.332
323.9375,5.949,
324.0625,5.947,
324.1875,5.945,
324.3125,5.943,
324.4375,5.942,
324.5625,5.943,
324.6875,5.944,68.84
324.8125,5.942,
324.9375,5.94,
325.0625,5.937,
325.1875,5.935,
325.3125,5.933,
325.4375,5.931,69.306
325.5625,5.929,
325.6875,5.927,
325.8125,5.925,
325.9375,5.923,
326.0625,5.921,
326.1875,5.92,
326.3125,5.918,73.23
326.4375,5.916,
326.5625,5.915,
326.6875,5.914,
326.8125,5.914,
326.9375,5.916,
327.0625,5.922,
327.1875,5.931,72.155
327.3125,5.943,
327.4375,5.959,
327.5625,5.977,
327.6875,5.995,
327.8125,6.013,
327.9375,6.029,
328.0625,6.041,70.177
328.1875,6.051,
328.3125,6.058,
328.4375,6.063,
328.5625,6.065,
328.6875,6.065,
328.8125,6.063,72.367
328.9375,6.059,
329.0625,6.055,
329.1875,6.05,
329.3125,6.044,
329.4375,6.039,
329.5625,6.034,
329.6875,6.028,69.937
329.8125,6.024,
329.9375,6.019,
330.0625,6.015,
330.1875,6.011,
330.3125,6.008,
330.4375,6.007,
330.5625,6.007,68.918
330.6875,6.005,
330.8125,6.003,
330.9375,5.999,
331.0625,5.996,
331.1875,5.992,
331.3125,5.989,
331.4375,5.986,
331.5625,5.984,
331.6875,5.981,
331.8125,5.979,
331.9375,5.977,
332.0625,5.975,
332.1875,5.973,
332.3125,5.972,
332.4375,5.97,
332.5625,5.969,
332.6875,5.967,
332.8125,5.966,
332.9375,5.966,
333.0625,5.964,
333.1875,5.964,70.621
333.3125,5.963,
333.4375,5.962,
333.5625,5.962,
333.6875,5.96,
333.8125,5.959,
333.9375,5.958,
334.0625,5.957,67.815
334.1875,5.955,
334.3125,5.953,
334.4375,5.952,
334.5625,5.95,
334.6875,5.947,
334.8125,5.946,
334.9375,5.945,68.571
335.0625,5.943,
335.1875,5.941,
335.3125,5.939,
335.4375,5.938,
335.5625,5.936,
335.6875,5.935,
335.8125,5.933,67.442
335.9375,5.932,
336.0625,5.929,
336.1875,5.928,
336.3125,5.925,
336.4375,5.923,
336.5625,5.921,
336.6875,5.919,67.001
336.8125,5.917,
336.9375,5.915,
337.0625,5.913,
337.1875,5.912,
337.3125,5.91,
337.4375,5.908,
337.5625,5.906,67.554
337.6875,5.905,
337.8125,5.903,
337.9375,5.902,
338.0625,5.9,
338.1875,5.898,
338.3125,5.896,
338.4375,5.895,
338.5625,5.893,66.819
338.6875,5.892,
338.8125,5.889,
338.9375,5.888,
339.0625,5.885,
339.1875,5.883,
339.3125,5.882,70.824
339.4375,5.881,
339.5625,5.88,
339.6875,5.878,
339.8125,5.877,
339.9375,5.875,
340.0625,5.874,
340.1875,5.872,69.385
340.3125,5.87,
340.4375,5.869,
340.5625,5.867,
340.6875,5.865,
340.8125,5.863,
340.9375,5.862,
341.0625,5.861,66.928
341.1875,5.859,
341.3125,5.857,
341.4375,5.856,
341.5625,5.854,
341.6875,5.852,
341.8125,5.851,
341.9375,5.85,71.276
342.0625,5.849,
342.1875,5.848,
342.3125,5.847,
342.4375,5.846,
342.5625,5.844,
342.6875,5.843,
342.8125,5.842,69.818
342.9375,5.84,
343.0625,5.839,
343.1875,5.837,
343.3125,5.835,
343.4375,5.833,
343.5625,5.833,
343.6875,5.831,69.937
343.8125,5.83,
343.9375,5.828,
344.0625,5.828,
344.1875,5.826,
344.3125,5.824,
344.4375,5.822,
344.5625,5.822,70.257
344.6875,5.821,
344.8125,5.82,
344.9375,5.818,
345.0625,5.817,
345.1875,5.816,
345.3125,5.814,
345.4375,5.812,66.638
345.5625,5.811,
345.6875,5.81,
345.8125,5.808,
345.9375,5.806,
346.0625,5.804,
346.1875,5.802,
346.3125,5.802,65.887
346.4375,5.8,
346.5625,5.798,
346.6875,5.797,
346.8125,5.795,
346.9375,5.794,
347.0625,5.794,
347.1875,5.792,66.638
347.3125,5.791,
347.4375,5.79,
347.5625,5.789,
347.6875,5.787,
347.8125,5.784,
347.9375,5.782,
348.0625,5.78,
348.1875,5.779,65.327
348.3125,5.777,
348.4375,5.776,
348.5625,5.774,
348.6875,5.773,
348.8125,5.771,
348.9375,5.77,
349.0625,5.769,69.581
349.1875,5.768,
349.3125,5.767,
349.4375,5.765,
349.5625,5.764,
349.6875,5.762,
349.8125,5.761,
349.9375,5.76,69.779
350.0625,5.76,
350.1875,5.759,
350.3125,5.757,
350.4375,5.755,
350.5625,5.753,
350.6875,5.753,
350.8125,5.752,68.153
350.9375,5.75,
351.0625,5.749,
351.1875,5.748,
351.3125,5.746,
351.4375,5.745,
351.5625,5.744,71.442
351.6875,5.742,
351.8125,5.74,
351.9375,5.739,
352.0625,5.738,
352.1875,5.737,
352.3125,5.736,
352.4375,5.735,69.699
352.5625,5.734,
352.6875,5.732,
352.8125,5.731,
352.9375,5.728,
353.0625,5.728,
353.1875,5.726,
353.3125,5.725,67.332
353.4375,5.723,
353.5625,5.722,
353.6875,5.721,
353.8125,5.719,
353.9375,5.718,
354.0625,5.717,
354.1875,5.715,71.902
354.3125,5.713,
354.4375,5.712,
354.5625,5.711,
354.6875,5.71,
354.8125,5.708,
354.9375,5.708,
355.0625,5.706,70.54
355.1875,5.704,
355.3125,5.703,
355.4375,5.702,
355.5625,5.7,
355.6875,5.698,
355.8125,5.697,
355.9375,5.695,67.442
356.0625,5.695,
356.1875,5.694,
356.3125,5.692,
356.4375,5.69,
356.5625,5.689,
356.6875,5.688,
356.8125,5.687,70.378
356.9375,5.685,
357.0625,5.684,
357.1875,5.683,
357.3125,5.682,
357.4375,5.681,
357.5625,5.68,
357.6875,5.678,69.937
357.8125,5.677,
357.9375,5.675,
358.0625,5.674,
358.1875,5.673,
358.3125,5.672,
358.4375,5.671,
358.5625,5.67,69.542
358.6875,5.669,
358.8125,5.667,
358.9375,5.666,
359.0625,5.664,
359.1875,5.662,
359.3125,5.661,71.65
359.4375,5.66,
359.5625,5.658,
359.6875,5.656,
359.8125,5.654,
359.9375,5.653,
360.0625,5.652,
360.1875,5.65,69.502
360.3125,5.649,
360.4375,5.648,
360.5625,5.647,
360.6875,5.646,
360.8125,5.646,
360.9375,5.646,
361.0625,5.644,72.41
361.1875,5.643,
361.3125,5.641,
361.4375,5.639,
361.5625,5.638,
361.6875,5.637,
361.8125,5.635,
361.9375,5.634,70.097
362.0625,5.631,
362.1875,5.63,
362.3125,5.629,
362.4375,5.628,
362.5625,5.627,
362.6875,5.626,76.752
362.8125,5.625,
362.9375,5.624,
363.0625,5.623,
363.1875,5.622,
363.3125,5.621,
363.4375,5.618,74.608
363.5625,5.617,
363.6875,5.617,
363.8125,5.617,
363.9375,5.617,
364.0625,5.617,
364.1875,5.617,
364.3125,5.618,72.538
364.4375,5.619,
364.5625,5.619,
364.6875,5.619,
364.8125,5.619,
364.9375,5.619,
365.0625,5.619,78.168
365.1875,5.618,
365.3125,5.617,
365.4375,5.616,
365.5625,5.615,
365.6875,5.613,
365.8125,5.612,
365.9375,5.611,71.276
366.0625,5.61,
366.1875,5.608,
366.3125,5.607,
366.4375,5.605,
366.5625,5.603,
366.6875,5.602,
366.8125,5.6,68.002
366.9375,5.598,
367.0625,5.597,
367.1875,5.595,
367.3125,5.594,
367.4375,5.593,
367.5625,5.593,
367.6875,5.591,69.818
367.8125,5.59,
367.9375,5.589,
368.0625,5.588,
368.1875,5.586,
368.3125,5.585,
368.4375,5.584,
368.5625,5.582,67.777
368.6875,5.581,
368.8125,5.58,
368.9375,5.578,
369.0625,5.576,
369.1875,5.575,
369.3125,5.574,
369.4375,5.573,67.89
369.5625,5.571,
369.6875,5.57,
369.8125,5.569,
369.9375,5.568,
370.0625,5.567,
370.1875,5.566,
370.3125,5.564,69.66
370.4375,5.563,
370.5625,5.561,
370.6875,5.56,
370.8125,5.558,
370.9375,5.556,
371.0625,5.555,
371.1875,5.553,69.345
371.3125,5.552,
371.4375,5.55,
371.5625,5.548,
371.6875,5.547,
371.8125,5.545,
371.9375,5.543,
372.0625,5.541,69.228
372.1875,5.539,
372.3125,5.537,
372.4375,5.536,
372.5625,5.535,
372.6875,5.533,
372.8125,5.532,73.143
372.9375,5.531,
373.0625,5.531,
373.1875,5.533,
373.3125,5.534,
373.4375,5.537,
373.5625,5.54,
373.6875,5.545,73.143
373.8125,5.55,
373.9375,5.555,
374.0625,5.561,
374.1875,5.567,
374.3125,5.571,
374.4375,5.574,76.276
374.5625,5.577,
374.6875,5.578,
374.8125,5.579,
374.9375,5.579,
375.0625,5.579,
375.1875,5.578,75.993
375.3125,5.576,
375.4375,5.575,
375.5625,5.573,
375.6875,5.571,
375.8125,5.57,
375.9375,5.568,
376.0625,5.566,76.04
376.1875,5.563,
376.3125,5.561,
376.4375,5.56,
376.5625,5.558,
376.6875,5.555,
376.8125,5.554,75.479
376.9375,5.552,
377.0625,5.551,
377.1875,5.549,
377.3125,5.548,
377.4375,5.546,
377.5625,5.545,
377.6875,5.544,72.453
377.8125,5.542,
377.9375,5.54,
378.0625,5.538,
378.1875,5.537,
378.3125,5.535,
378.4375,5.533,70.947
378.5625,5.532,
378.6875,5.53,
378.8125,5.528,
378.9375,5.527,
379.0625,5.526,
379.1875,5.525,
379.3125,5.523,73.361
379.4375,5.521,
379.5625,5.52,
379.6875,5.519,
379.8125,5.518,
379.9375,5.516,
380.0625,5.515,
380.1875,5.513,70.257
380.3125,5.512,
380.4375,5.51,
380.5625,5.508,
380.6875,5.507,
380.8125,5.506,
380.9375,5.505,
381.0625,5.503,70.499
381.1875,5.503,
381.3125,5.501,
381.4375,5.5,
381.5625,5.499,
381.6875,5.498,
381.8125,5.497,72.24
381.9375,5.495,
382.0625,5.494,
382.1875,5.493,
382.3125,5.492,
382.4375,5.491,
382.5625,5.491,
382.6875,5.49,69.937
382.8125,5.489,
382.9375,5.489,
383.0625,5.489,
383.1875,5.489,
383.3125,5.489,
383.4375,5.489,
383.5625,5.489,71.235
383.6875,5.489,
383.8125,5.489,
383.9375,5.488,
384.0625,5.488,
384.1875,5.486,
384.3125,5.485,
384.4375,5.483,70.338
384.5625,5.482,
384.6875,5.481,
384.8125,5.479,
384.9375,5.478,
385.0625,5.476,
385.1875,5.474,70.988
385.3125,5.472,
385.4375,5.471,
385.5625,5.469,
385.6875,5.467,
385.8125,5.466,
385.9375,5.465,
386.0625,5.463,73.056
386.1875,5.462,
386.3125,5.461,
386.4375,5.459,
386.5625,5.457,
386.6875,5.456,
386.8125,5.455,
386.9375,5.454,69.385
387.0625,5.452,
387.1875,5.45,
387.3125,5.449,
387.4375,5.447,
387.5625,5.446,
387.6875,5.444,
387.8125,5.442,69.073
387.9375,5.44,
388.0625,5.439,
388.1875,5.438,
388.3125,5.437,
388.4375,5.435,
388.5625,5.435,
388.6875,5.434,69.858
388.8125,5.432,
388.9375,5.43,
389.0625,5.429,
389.1875,5.428,
389.3125,5.428,
389.4375,5.432,
389.5625,5.437,66.1
389.6875,5.438,
389.8125,5.439,
389.9375,5.437,
390.0625,5.434,
390.1875,5.432,
390.3125,5.43,
390.4375,5.426,
390.5625,5.422,
390.6875,5.42,
390.8125,5.419,
390.9375,5.423,
391.0625,5.429,
391.1875,5.437,
391.3125,5.452,71.07
391.4375,5.47,
391.5625,5.493,
391.6875,5.525,
391.8125,5.566,
391.9375,5.612,
392.0625,5.659,
392.1875,5.705,69.228
392.3125,5.751,
392.4375,5.803,
392.5625,5.867,
392.6875,5.948,
392.8125,6.053,
392.9375,6.173,
393.0625,6.308,
393.1875,6.453,
393.3125,6.606,
393.4375,6.763,
393.5625,6.922,
393.6875,7.074,78.921
393.8125,7.202,
393.9375,7.294,
394.0625,7.353,
394.1875,7.389,
394.3125,7.404,
394.4375,7.399,
394.5625,7.375,76.04
394.6875,7.34,
394.8125,7.296,
394.9375,7.253,
395.0625,7.21,102.145
395.1875,7.166,
395.3125,7.122,
395.4375,7.079,
395.5625,7.041,117.029
395.6875,7.006,
395.8125,6.975,
395.9375,6.949,
396.0625,6.926,
396.1875,6.905,
396.3125,6.887,
396.4375,6.868,73.012
396.5625,6.85,
396.6875,6.834,
396.8125,6.819,
396.9375,6.805,
397.0625,6.808,
397.1875,6.858,85.99
397.3125,6.866,
397.4375,6.862,
397.5625,6.851,
397.6875,6.841,
397.8125,6.834,
397.9375,6.836,
398.0625,6.849,113.045
398.1875,6.869,
398.3125,6.895,
398.4375,6.929,
398.5625,6.967,
398.6875,7.006,106.852
398.8125,7.047,
398.9375,7.093,
399.0625,7.149,
399.1875,7.217,
399.3125,7.299,
399.4375,7.388,
399.5625,7.476,
399.6875,7.557,
399.8125,7.626,
399.9375,7.68,
400.0625,7.718,
400.1875,7.738,
400.3125,7.742,
400.4375,7.732,
400.5625,7.71,
400.6875,7.678,
400.8125,7.637,
400.9375,7.592,
401.0625,7.549,
401.1875,7.509,
401.3125,7.476,
401.4375,7.45,
401.5625,7.428,
401.6875,7.406,
401.8125,7.385,
401.9375,7.365,
402.0625,7.344,
402.1875,7.323,
402.3125,7.302,
402.4375,7.28,
402.5625,7.256,
402.6875,7.232,
402.8125,7.209,
402.9375,7.187,
403.0625,7.166,
403.1875,7.145,
403.3125,7.123,
403.4375,7.103,113.567
403.5625,7.084,
403.6875,7.067,
403.8125,7.05,
403.9375,7.035,
404.0625,7.02,
404.1875,7.007,
404.3125,6.995,
404.4375,6.984,
404.5625,6.974,
404.6875,6.965,116.806
404.8125,6.956,
404.9375,6.949,
405.0625,6.941,
405.1875,6.935,107.225
405.3125,6.929,
405.4375,6.923,
405.5625,6.918,
405.6875,6.912,
405.8125,6.909,
405.9375,6.91,
406.0625,6.921,66.602
406.1875,6.948,
406.3125,7,
406.4375,7.082,
406.5625,7.196,
406.6875,7.343,
406.8125,7.508,83.649
406.9375,7.673,
407.0625,7.827,
407.1875,7.961,
407.3125,8.06,
407.4375,8.129,
407.5625,8.162,
407.6875,8.158,
407.8125,8.127,
407.9375,8.08,
408.0625,8.028,
408.1875,7.979,
408.3125,7.944,
408.4375,7.929,
408.5625,7.937,
408.6875,7.97,
408.8125,8.025,
408.9375,8.095,
409.0625,8.168,
409.1875,8.237,
409.3125,8.296,
409.4375,8.342,
409.5625,8.375,
409.6875,8.389,
409.8125,8.388,
409.9375,8.375,
410.0625,8.353,
410.1875,8.325,
410.3125,8.291,
410.4375,8.256,
410.5625,8.223,
410.6875,8.195,
410.8125,8.177,
410.9375,8.166,
411.0625,8.165,
411.1875,8.171,78.568
411.3125,8.18,
411.4375,8.186,
411.5625,8.187,
411.6875,8.181,
411.8125,8.166,
411.9375,8.143,
412.0625,8.112,69.228
412.1875,8.073,
412.3125,8.031,
412.4375,7.988,
412.5625,7.946,
412.6875,7.904,
412.8125,7.866,
412.9375,7.83,73.23
413.0625,7.797,
413.1875,7.768,
413.3125,7.741,
413.4375,7.717,
413.5625,7.696,
413.6875,7.676,71.986
413.8125,7.657,
413.9375,7.64,
414.0625,7.623,
414.1875,7.607,
414.3125,7.592,
414.4375,7.583,
414.5625,7.578,68.343
414.6875,7.574,
414.8125,7.571,
414.9375,7.569,
415.0625,7.567,
415.1875,7.566,
415.3125,7.56,
415.4375,7.552,
415.5625,7.544,
415.6875,7.538,
415.8125,7.534,
415.9375,7.532,
416.0625,7.534,
416.1875,7.539,
416.3125,7.549,
416.4375,7.562,
416.5625,7.577,
416.6875,7.591,
416.8125,7.603,
416.9375,7.612,
417.0625,7.623,
417.1875,7.639,
417.3125,7.665,
417.4375,7.709,
417.5625,7.774,
417.6875,7.86,
417.8125,7.964,85.097
417.9375,8.081,
418.0625,8.201,
418.1875,8.312,
418.3125,8.403,
418.4375,8.47,
418.5625,8.513,
418.6875,8.526,67.479
418.8125,8.517,
418.9375,8.488,
419.0625,8.446,
419.1875,8.393,
419.3125,8.338,
419.4375,8.281,
419.5625,8.223,66.171
419.6875,8.167,
419.8125,8.116,
419.9375,8.069,
420.0625,8.028,
420.1875,7.989,
420.3125,7.954,
420.4375,7.921,65.852
420.5625,7.893,
420.6875,7.867,
420.8125,7.843,
420.9375,7.822,
421.0625,7.804,
421.1875,7.787,
421.3125,7.771,
421.4375,7.756,66.602
421.5625,7.742,
421.6875,7.73,
421.8125,7.72,
421.9375,7.711,
422.0625,7.703,
422.1875,7.695,
422.3125,7.686,65.711
422.4375,7.678,
422.5625,7.67,
422.6875,7.662,
422.8125,7.655,
422.9375,7.649,
423.0625,7.645,
423.1875,7.646,64.947
423.3125,7.655,
423.4375,7.677,
423.5625,7.713,
423.6875,7.761,
423.8125,7.815,
423.9375,7.869,
424.0625,7.917,
424.1875,7.955,64.033
424.3125,7.982,
424.4375,7.999,
424.5625,8.005,
424.6875,8.003,
424.8125,7.991,
424.9375,7.972,
425.0625,7.948,64.538
425.1875,7.922,
425.3125,7.896,
425.4375,7.872,
425.5625,7.849,
425.6875,7.829,
425.8125,7.809,
425.9375,7.792,
426.0625,7.775,65.258
426.1875,7.76,
426.3125,7.747,
426.4375,7.735,
426.5625,7.725,
426.6875,7.716,
426.8125,7.707,
426.9375,7.697,67.038
427.0625,7.689,
427.1875,7.68,
427.3125,7.671,
427.4375,7.663,
427.5625,7.655,
427.6875,7.647,
427.8125,7.639,65.958
427.9375,7.631,
428.0625,7.623,
428.1875,7.616,
428.3125,7.609,
428.4375,7.603,
428.5625,7.596,
428.6875,7.589,67.258
428.8125,7.583,
428.9375,7.576,
429.0625,7.57,
429.1875,7.563,
429.3125,7.557,
429.4375,7.551,
429.5625,7.543,66.783
429.6875,7.536,
429.8125,7.528,
429.9375,7.521,
430.0625,7.515,
430.1875,7.508,
430.3125,7.501,
430.4375,7.494,
430.5625,7.487,64.913
430.6875,7.481,
430.8125,7.473,
430.9375,7.467,
431.0625,7.461,
431.1875,7.455,
431.3125,7.449,
431.4375,7.441,65.188
431.5625,7.435,
431.6875,7.428,
431.8125,7.423,
431.9375,7.417,
432.0625,7.411,
432.1875,7.406,
432.3125,7.4,68.571
432.4375,7.394,
432.5625,7.388,
432.6875,7.384,
432.8125,7.38,
432.9375,7.375,
433.0625,7.371,
433.1875,7.367,65.711
433.3125,7.362,
433.4375,7.357,
433.5625,7.353,
433.6875,7.348,
433.8125,7.344,
433.9375,7.341,
434.0625,7.335,
434.1875,7.33,67.074
434.3125,7.325,
434.4375,7.32,
434.5625,7.315,
434.6875,7.31,
434.8125,7.304,
434.9375,7.3,
435.0625,7.294,69.463
435.1875,7.288,
435.3125,7.283,
435.4375,7.278,
435.5625,7.273,
435.6875,7.269,
435.8125,7.264,
435.9375,7.258,65.571
436.0625,7.253,
436.1875,7.249,
436.3125,7.244,
436.4375,7.24,
436.5625,7.236,
436.6875,7.233,
436.8125,7.229,65.258
436.9375,7.224,
437.0625,7.22,
437.1875,7.216,
437.3125,7.213,
437.4375,7.209,
437.5625,7.205,
437.6875,7.2,69.189
437.8125,7.197,
437.9375,7.192,
438.0625,7.188,
438.1875,7.185,
438.3125,7.182,
438.4375,7.179,
438.5625,7.176,66.53
438.6875,7.172,
438.8125,7.168,
438.9375,7.164,
439.0625,7.16,
439.1875,7.161,
439.3125,7.178,
439.4375,7.181,69.898
439.5625,7.183,
439.6875,7.182,
439.8125,7.18,
439.9375,7.176,
440.0625,7.173,
440.1875,7.167,
440.3125,7.159,70.621
440.4375,7.153,
440.5625,7.161,
440.6875,7.193,
440.8125,7.259,
440.9375,7.366,94.888
441.0625,7.512,
441.1875,7.696,
441.3125,7.908,
441.4375,8.124,
441.5625,8.324,
441.6875,8.513,
441.8125,8.69,
441.9375,8.828,
442.0625,8.922,
442.1875,8.987,
442.3125,9.018,
442.4375,9.015,
442.5625,8.984,
442.6875,8.934,
442.8125,8.879,
442.9375,8.828,
443.0625,8.779,
443.1875,8.733,
443.3125,8.687,
443.4375,8.644,
443.5625,8.6,
443.6875,8.556,
443.8125,8.511,
443.9375,8.461,
444.0625,8.407,
444.1875,8.349,
444.3125,8.29,
444.4375,8.228,
444.5625,8.167,
444.6875,8.109,71.986
444.8125,8.054,
444.9375,8.003,
445.0625,7.954,
445.1875,7.91,
445.3125,7.869,
445.4375,7.832,
445.5625,7.797,72.325
445.6875,7.764,
445.8125,7.735,
445.9375,7.707,
446.0625,7.683,98.62
446.1875,7.659,
446.3125,7.637,
446.4375,7.616,
446.5625,7.596,
446.6875,7.577,
446.8125,7.559,
446.9375,7.543,
447.0625,7.528,100.804
447.1875,7.513,
447.3125,7.499,
447.4375,7.485,
447.5625,7.472,
447.6875,7.459,
447.8125,7.447,
447.9375,7.435,
448.0625,7.423,
448.1875,7.412,70.217
448.3125,7.401,
448.4375,7.391,
448.5625,7.381,
448.6875,7.377,
448.8125,7.403,
448.9375,7.454,87.584
449.0625,7.507,
449.1875,7.546,
449.3125,7.572,
449.4375,7.593,
449.5625,7.616,88.086
449.6875,7.645,
449.8125,7.689,
449.9375,7.748,
450.0625,7.828,
450.1875,7.934,
450.3125,8.071,
450.4375,8.236,
450.5625,8.431,86.535
450.6875,8.651,
450.8125,8.896,
450.9375,9.152,
451.0625,9.406,
451.1875,9.627,
451.3125,9.803,
451.4375,9.92,
451.5625,10.005,60.892
451.6875,10.068,
451.8125,10.111,
451.9375,10.16,
452.0625,10.197,
452.1875,10.202,
452.3125,10.184,
452.4375,10.152,74.745
452.5625,10.109,
452.6875,10.067,
452.8125,10.012,
452.9375,9.945,
453.0625,9.861,
453.1875,9.766,
453.3125,9.663,
453.4375,9.556,
453.5625,9.447,
453.6875,9.343,
453.8125,9.234,
