0.1875,3.648,
0.3125,3.656,
0.4375,3.669,
0.5625,3.685,
0.6875,3.703,
0.8125,3.72,
0.9375,3.738,
1.0625,3.752,
1.1875,3.764,
1.3125,3.773,
1.4375,3.781,
1.5625,3.787,
1.6875,3.791,
1.8125,3.791,
1.9375,3.789,64
2.0625,3.787,
2.1875,3.784,
2.3125,3.78,
2.4375,3.777,
2.5625,3.775,
2.6875,3.775,
2.8125,3.776,
2.9375,3.776,61.44
3.0625,3.776,
3.1875,3.777,
3.3125,3.778,
3.4375,3.781,
3.5625,3.795,
3.6875,3.816,
3.8125,3.83,
3.9375,3.841,64
4.0625,3.851,
4.1875,3.86,
4.3125,3.869,
4.4375,3.877,
4.5625,3.884,
4.6875,3.89,
4.8125,3.893,64.981
4.9375,3.895,
5.0625,3.895,
5.1875,3.891,
5.3125,3.889,
5.4375,3.889,
5.5625,3.894,
5.6875,3.892,
5.8125,3.888,63.275
5.9375,3.882,
6.0625,3.876,
6.1875,3.871,
6.3125,3.868,
6.4375,3.864,
6.5625,3.861,
6.6875,3.859,65.154
6.8125,3.856,
6.9375,3.852,
7.0625,3.849,
7.1875,3.848,
7.3125,3.851,
7.4375,3.857,
7.5625,3.871,70.947
7.6875,3.894,
7.8125,3.926,
7.9375,3.967,
8.0625,4.014,
8.1875,4.063,
8.3125,4.108,
8.4375,4.149,68.305
8.5625,4.184,
8.6875,4.212,
8.8125,4.233,
8.9375,4.246,
9.0625,4.253,
9.1875,4.253,
9.3125,4.245,66.386
9.4375,4.235,
9.5625,4.222,
9.6875,4.207,
9.8125,4.191,
9.9375,4.174,
10.0625,4.159,
10.1875,4.141,68.191
10.3125,4.124,
10.4375,4.11,
10.5625,4.096,
10.6875,4.085,
10.8125,4.075,
10.9375,4.066,
11.0625,4.056,
11.1875,4.048,63.867
11.3125,4.041,
11.4375,4.034,
11.5625,4.029,
11.6875,4.024,
11.8125,4.02,
11.9375,4.016,
12.0625,4.012,
12.1875,4.007,60.892
12.3125,4.003,
12.4375,3.999,
12.5625,3.995,
12.6875,3.992,
12.8125,3.988,
12.9375,3.986,
13.0625,3.982,62.598
13.1875,3.979,
13.3125,3.975,
13.4375,3.972,
13.5625,3.97,
13.6875,3.968,
13.8125,3.966,
13.9375,3.965,
14.0625,3.963,58.992
14.1875,3.96,
14.3125,3.958,
14.4375,3.955,
14.5625,3.954,
14.6875,3.953,
14.8125,3.951,
14.9375,3.95,
15.0625,3.948,59.02
15.1875,3.944,
15.3125,3.942,
15.4375,3.939,
15.5625,3.937,
15.6875,3.935,
15.8125,3.934,
15.9375,3.931,
16.0625,3.929,64.708
16.1875,3.927,
16.3125,3.924,
16.4375,3.922,
16.5625,3.92,
16.6875,3.918,
16.8125,3.916,
16.9375,3.915,63.504
17.0625,3.912,
17.1875,3.91,
17.3125,3.908,
17.4375,3.906,
17.5625,3.905,
17.6875,3.903,
17.8125,3.901,
17.9375,3.898,62.566
18.0625,3.895,
18.1875,3.894,
18.3125,3.891,
18.4375,3.89,
18.5625,3.888,
18.6875,3.886,
18.8125,3.885,67.479
18.9375,3.884,
19.0625,3.882,
19.1875,3.881,
19.3125,3.879,
19.4375,3.877,
19.5625,3.876,
19.6875,3.873,66.71
19.8125,3.871,
19.9375,3.873,
20.0625,3.879,
20.1875,3.894,
20.3125,3.92,
20.4375,3.955,
20.5625,3.999,
20.6875,4.048,64.234
20.8125,4.099,
20.9375,4.146,
21.0625,4.188,
21.1875,4.223,
21.3125,4.25,
21.4375,4.266,
21.5625,4.273,65.571
21.6875,4.273,
21.8125,4.268,
21.9375,4.258,
22.0625,4.246,
22.1875,4.231,
22.3125,4.213,
22.4375,4.194,
22.5625,4.174,63.867
22.6875,4.155,
22.8125,4.137,
22.9375,4.119,
23.0625,4.104,
23.1875,4.09,
23.3125,4.079,
23.4375,4.066,
23.5625,4.055,60.711
23.6875,4.047,
23.8125,4.04,
23.9375,4.034,
24.0625,4.029,
24.1875,4.024,
24.3125,4.019,
24.4375,4.012,62.249
24.5625,4.007,
24.6875,4,
24.8125,3.996,
24.9375,3.991,
25.0625,3.989,
25.1875,3.986,
25.3125,3.982,
25.4375,3.978,62.63
25.5625,3.974,
25.6875,3.97,
25.8125,3.966,
25.9375,3.963,
26.0625,3.961,
26.1875,3.959,
26.3125,3.956,
26.4375,3.952,61.935
26.5625,3.949,
26.6875,3.945,
26.8125,3.943,
26.9375,3.941,
27.0625,3.939,
27.1875,3.937,
27.3125,3.934,63.015
27.4375,3.931,
27.5625,3.929,
27.6875,3.926,
27.8125,3.924,
27.9375,3.922,
28.0625,3.921,
28.1875,3.919,
28.3125,3.916,63.537
28.4375,3.915,
28.5625,3.914,
28.6875,3.914,
28.8125,3.916,
28.9375,3.919,
29.0625,3.924,
29.1875,3.928,
29.3125,3.932,61.471
29.4375,3.934,
29.5625,3.937,
29.6875,3.94,
29.8125,3.942,
29.9375,3.944,
30.0625,3.944,
30.1875,3.943,
30.3125,3.941,60.832
30.4375,3.939,
30.5625,3.937,
30.6875,3.934,
30.8125,3.932,
30.9375,3.93,
31.0625,3.928,
31.1875,3.924,62.63
31.3125,3.921,
31.4375,3.918,
31.5625,3.916,
31.6875,3.914,
31.8125,3.912,
31.9375,3.911,
32.0625,3.909,
32.1875,3.906,59.708
32.3125,3.903,
32.4375,3.901,
32.5625,3.9,
32.6875,3.898,
32.8125,3.897,
32.9375,3.896,
33.0625,3.895,
33.1875,3.892,60.532
33.3125,3.891,
33.4375,3.89,
33.5625,3.888,
33.6875,3.887,
33.8125,3.885,
33.9375,3.885,
34.0625,3.883,
34.1875,3.881,61.998
34.3125,3.879,
34.4375,3.877,
34.5625,3.876,
34.6875,3.874,
34.8125,3.874,
34.9375,3.873,
35.0625,3.873,
35.1875,3.87,59.162
35.3125,3.868,
35.4375,3.865,
35.5625,3.864,
35.6875,3.862,
35.8125,3.861,
35.9375,3.86,
36.0625,3.858,
36.1875,3.855,61.44
36.3125,3.853,
36.4375,3.851,
36.5625,3.85,
36.6875,3.848,
36.8125,3.847,
36.9375,3.846,
37.0625,3.843,
37.1875,3.841,62.312
37.3125,3.839,
37.4375,3.838,
37.5625,3.837,
37.6875,3.838,
37.8125,3.84,
37.9375,3.842,
38.0625,3.842,62.249
38.1875,3.843,
38.3125,3.843,
38.4375,3.844,
38.5625,3.844,
38.6875,3.845,
38.8125,3.845,
38.9375,3.845,
39.0625,3.843,63.967
39.1875,3.843,
39.3125,3.841,
39.4375,3.84,
39.5625,3.838,
39.6875,3.837,
39.8125,3.836,
39.9375,3.833,63.701
40.0625,3.83,
40.1875,3.828,
40.3125,3.826,
40.4375,3.824,
40.5625,3.824,
40.6875,3.822,
40.8125,3.821,
40.9375,3.819,60.443
41.0625,3.816,
41.1875,3.813,
41.3125,3.812,
41.4375,3.81,
41.5625,3.809,
41.6875,3.809,
41.8125,3.806,
41.9375,3.804,61.409
42.0625,3.803,
42.1875,3.801,
42.3125,3.8,
42.4375,3.798,
42.5625,3.798,
42.6875,3.797,
42.8125,3.796,
42.9375,3.793,61.502
43.0625,3.791,
43.1875,3.79,
43.3125,3.79,
43.4375,3.79,
43.5625,3.79,
43.6875,3.79,
43.8125,3.789,
43.9375,3.787,60.176
44.0625,3.785,
44.1875,3.784,
44.3125,3.783,
44.4375,3.782,
44.5625,3.781,
44.6875,3.78,
44.8125,3.777,
44.9375,3.776,62.534
45.0625,3.774,
45.1875,3.771,
45.3125,3.771,
45.4375,3.77,
45.5625,3.769,
45.6875,3.769,
45.8125,3.766,62.155
45.9375,3.763,
46.0625,3.761,
46.1875,3.759,
46.3125,3.758,
46.4375,3.757,
46.5625,3.756,
46.6875,3.755,
46.8125,3.753,60.443
46.9375,3.751,
47.0625,3.749,
47.1875,3.747,
47.3125,3.745,
47.4375,3.744,
47.5625,3.743,
47.6875,3.742,
47.8125,3.74,64.167
47.9375,3.738,
48.0625,3.736,
48.1875,3.735,
48.3125,3.733,
48.4375,3.732,
48.5625,3.732,
48.6875,3.729,63.145
48.8125,3.727,
48.9375,3.725,
49.0625,3.723,
49.1875,3.723,
49.3125,3.721,
49.4375,3.72,
49.5625,3.72,
49.6875,3.717,59.854
49.8125,3.715,
49.9375,3.713,
50.0625,3.711,
50.1875,3.71,
50.3125,3.709,
50.4375,3.707,
50.5625,3.706,
50.6875,3.703,63.015
50.8125,3.702,
50.9375,3.701,
51.0625,3.699,
51.1875,3.698,
51.3125,3.697,
51.4375,3.697,
51.5625,3.696,
51.6875,3.694,61.656
51.8125,3.692,
51.9375,3.69,
52.0625,3.689,
52.1875,3.688,
52.3125,3.687,
52.4375,3.686,
52.5625,3.685,
52.6875,3.683,58.71
52.8125,3.681,
52.9375,3.679,
53.0625,3.677,
53.1875,3.675,
53.3125,3.675,
53.4375,3.673,
53.5625,3.673,
53.6875,3.671,59.334
53.8125,3.669,
53.9375,3.668,
54.0625,3.667,
54.1875,3.666,
54.3125,3.665,
54.4375,3.664,
54.5625,3.663,
54.6875,3.66,59.593
54.8125,3.659,
54.9375,3.657,
55.0625,3.656,
55.1875,3.655,
55.3125,3.654,
55.4375,3.654,
55.5625,3.654,
55.6875,3.649,57.772
55.8125,3.645,
55.9375,3.642,
56.0625,3.64,
56.1875,3.639,
56.3125,3.638,
56.4375,3.637,
56.5625,3.634,
56.6875,3.63,
56.8125,3.62,59.248
56.9375,3.607,
57.0625,3.579,
57.1875,3.549,
57.3125,3.546,
57.4375,3.554,
57.5625,3.568,
57.6875,3.592,
57.8125,3.634,59.912
57.9375,3.688,
58.0625,3.768,
58.1875,3.871,
58.3125,3.984,
58.4375,4.091,
58.5625,4.189,
58.6875,4.278,63.867
58.8125,4.356,
58.9375,4.423,
59.0625,4.478,
59.1875,4.525,
59.3125,4.568,
59.4375,4.61,
59.5625,4.651,65.431
59.6875,4.71,
59.8125,4.797,
59.9375,4.876,
60.0625,4.953,
60.1875,5.039,
60.3125,5.12,
60.4375,5.194,
60.5625,5.258,61.935
60.6875,5.315,
60.8125,5.362,
60.9375,5.397,
61.0625,5.426,
61.1875,5.449,
61.3125,5.472,
61.4375,5.493,66.892
61.5625,5.517,
,,
61.6875,5.545,
61.8125,5.577,
61.9375,5.609,
62.0625,5.641,
62.1875,5.671,
62.3125,5.696,
62.4375,5.714,63.602
62.5625,5.73,
62.6875,5.744,
62.8125,5.758,
62.9375,5.775,
63.0625,5.794,
63.1875,5.814,
63.3125,5.836,
63.4375,5.863,62.312
63.5625,5.896,
63.6875,5.929,
63.8125,5.961,
63.9375,5.987,
64.0625,6.005,
64.1875,6.014,
64.3125,6.01,66.674
64.4375,5.999,
64.5625,5.985,
64.6875,5.974,
64.8125,5.972,
64.9375,5.982,
65.0625,6.005,
65.1875,6.035,66.965
65.3125,6.075,
65.4375,6.121,
65.5625,6.169,
65.6875,6.214,
65.8125,6.251,
65.9375,6.279,
66.0625,6.292,
66.1875,6.292,62.598
66.3125,6.283,
66.4375,6.265,
66.5625,6.245,
66.6875,6.225,
66.8125,6.208,
66.9375,6.193,
67.0625,6.177,64.913
67.1875,6.165,
67.3125,6.155,
67.4375,6.145,
67.5625,6.132,
67.6875,6.116,
67.8125,6.096,
67.9375,6.068,64.538
68.0625,6.037,
68.1875,6.004,
68.3125,5.97,
68.4375,5.938,
68.5625,5.907,
68.6875,5.878,
68.8125,5.849,
68.9375,5.823,62.919
69.0625,5.805,
69.1875,5.8,
69.3125,5.802,
69.4375,5.803,
69.5625,5.812,
69.6875,5.838,
69.8125,5.871,65.223
69.9375,5.894,
70.0625,5.935,
70.1875,5.972,
70.3125,5.997,
70.4375,6.01,
70.5625,6.018,
70.6875,6.037,
70.8125,6.053,62.726
70.9375,6.053,
71.0625,6.031,
71.1875,6.016,
71.3125,6.012,
71.4375,6.006,
71.5625,5.991,
71.6875,5.968,65.711
71.8125,5.941,
71.9375,5.928,
72.0625,5.922,
72.1875,5.919,
72.3125,5.927,
72.4375,5.952,
72.5625,5.988,
72.6875,6.027,64.64
72.8125,6.075,
72.9375,6.125,
73.0625,6.166,
73.1875,6.195,
73.3125,6.225,
73.4375,6.237,
73.5625,6.23,
73.6875,6.209,59.971
73.8125,6.185,
73.9375,6.16,
74.0625,6.133,
74.1875,6.104,
74.3125,6.072,
74.4375,6.04,
74.5625,6.009,63.734
74.6875,5.979,
74.8125,5.947,
74.9375,5.913,
75.0625,5.884,
75.1875,5.862,
75.3125,5.838,
75.4375,5.814,
75.5625,5.794,65.923
75.6875,5.781,
75.8125,5.787,
75.9375,5.802,
76.0625,5.818,
76.1875,5.823,
76.3125,5.821,
76.4375,5.819,62.919
76.5625,5.819,
76.6875,5.824,
76.8125,5.842,
76.9375,5.863,
77.0625,5.879,
77.1875,5.889,
77.3125,5.889,
77.4375,5.883,66.029
77.5625,5.873,
77.6875,5.86,
77.8125,5.847,
77.9375,5.833,
78.0625,5.82,
78.1875,5.804,
78.3125,5.786,61.718
78.4375,5.772,
78.5625,5.762,
78.6875,5.753,
78.8125,5.747,
78.9375,5.74,
79.0625,5.734,
79.1875,5.726,
79.3125,5.715,60.772
79.4375,5.705,
79.5625,5.696,
79.6875,5.688,
79.8125,5.681,
79.9375,5.676,
80.0625,5.671,
80.1875,5.662,
80.3125,5.653,64.067
80.4375,5.644,
80.5625,5.635,
80.6875,5.629,
80.8125,5.624,
80.9375,5.619,
81.0625,5.616,
81.1875,5.611,
81.3125,5.606,60.294
81.4375,5.601,
81.5625,5.596,
81.6875,5.593,
81.8125,5.59,
81.9375,5.587,
82.0625,5.583,
82.1875,5.576,
82.3125,5.571,60.622
82.4375,5.571,
82.5625,5.58,
82.6875,5.605,
82.8125,5.651,
82.9375,5.715,
83.0625,5.793,
83.1875,5.867,63.015
83.3125,5.938,
83.4375,5.999,
83.5625,6.047,
83.6875,6.083,
83.8125,6.104,
83.9375,6.11,
84.0625,6.1,
84.1875,6.072,59.305
84.3125,6.036,
84.4375,5.996,
84.5625,5.954,
84.6875,5.912,
84.8125,5.871,
84.9375,5.834,
85.0625,5.799,
85.1875,5.764,61.967
85.3125,5.735,
85.4375,5.708,
85.5625,5.685,
85.6875,5.666,
85.8125,5.649,
85.9375,5.634,
86.0625,5.617,
86.1875,5.599,61.718
86.3125,5.584,
86.4375,5.572,
86.5625,5.563,
86.6875,5.556,
86.8125,5.55,
86.9375,5.545,
87.0625,5.538,
87.1875,5.529,59.276
87.3125,5.521,
87.4375,5.514,
87.5625,5.509,
87.6875,5.505,
87.8125,5.501,
87.9375,5.497,
88.0625,5.489,
88.1875,5.48,62.439
88.3125,5.473,
88.4375,5.468,
88.5625,5.465,
88.6875,5.464,
88.8125,5.462,
88.9375,5.458,
89.0625,5.449,60.832
89.1875,5.438,
89.3125,5.428,
89.4375,5.42,
89.5625,5.417,
89.6875,5.416,
89.8125,5.417,
89.9375,5.416,
90.0625,5.409,
90.1875,5.4,59.105
90.3125,5.389,
90.4375,5.379,
90.5625,5.371,
90.6875,5.365,
90.8125,5.36,
90.9375,5.355,
91.0625,5.351,64.134
91.1875,5.355,
91.3125,5.368,
91.4375,5.397,
91.5625,5.445,
91.6875,5.51,
91.8125,5.588,
91.9375,5.664,
92.0625,5.731,61.44
92.1875,5.793,
92.3125,5.845,
92.4375,5.89,
92.5625,5.926,
92.6875,5.953,
92.8125,5.971,
92.9375,5.973,
93.0625,5.962,60.952
93.1875,5.946,
93.3125,5.924,
93.4375,5.899,
93.5625,5.872,
93.6875,5.844,
93.8125,5.816,
93.9375,5.784,
94.0625,5.753,62.061
94.1875,5.723,
94.3125,5.696,
94.4375,5.671,
94.5625,5.65,
94.6875,5.63,
94.8125,5.611,
94.9375,5.588,
95.0625,5.567,59.391
95.1875,5.549,
95.3125,5.532,
95.4375,5.52,
95.5625,5.509,
95.6875,5.499,
95.8125,5.492,
95.9375,5.482,
96.0625,5.472,59.334
96.1875,5.464,
96.3125,5.457,
96.4375,5.451,
96.5625,5.446,
96.6875,5.441,
96.8125,5.437,
96.9375,5.429,
97.0625,5.42,61.287
97.1875,5.413,
97.3125,5.407,
97.4375,5.402,
97.5625,5.398,
97.6875,5.395,
97.8125,5.393,
97.9375,5.386,
98.0625,5.379,59.105
98.1875,5.373,
98.3125,5.367,
98.4375,5.364,
98.5625,5.362,
98.6875,5.36,
98.8125,5.357,
98.9375,5.351,
99.0625,5.345,60.802
99.1875,5.34,
99.3125,5.334,
99.4375,5.331,
99.5625,5.328,
99.6875,5.326,
99.8125,5.324,
99.9375,5.317,
100.0625,5.31,59.883
100.1875,5.305,
100.3125,5.3,
100.4375,5.297,
100.5625,5.295,
100.6875,5.294,
100.8125,5.293,
100.9375,5.289,
101.0625,5.283,59.049
101.1875,5.279,
101.3125,5.275,
101.4375,5.272,
101.5625,5.27,
101.6875,5.267,
101.8125,5.266,
101.9375,5.261,
102.0625,5.256,59.65
102.1875,5.251,
102.3125,5.248,
102.4375,5.244,
102.5625,5.243,
102.6875,5.241,
102.8125,5.24,
102.9375,5.234,
103.0625,5.228,61.317
103.1875,5.223,
103.3125,5.218,
103.4375,5.216,
103.5625,5.213,
103.6875,5.211,
103.8125,5.209,
103.9375,5.204,
104.0625,5.198,60.354
104.1875,5.194,
104.3125,5.19,
104.4375,5.187,
104.5625,5.185,
104.6875,5.184,
104.8125,5.181,
104.9375,5.176,62.598
105.0625,5.172,
105.1875,5.168,
105.3125,5.166,
105.4375,5.164,
105.5625,5.163,
105.6875,5.162,
105.8125,5.158,
105.9375,5.152,61.471
106.0625,5.148,
106.1875,5.144,
106.3125,5.141,
106.4375,5.139,
106.5625,5.138,
106.6875,5.137,
106.8125,5.134,
106.9375,5.127,59.941
107.0625,5.123,
107.1875,5.118,
107.3125,5.115,
107.4375,5.112,
107.5625,5.11,
107.6875,5.11,
107.8125,5.105,
107.9375,5.1,62.726
108.0625,5.097,
108.1875,5.094,
108.3125,5.092,
108.4375,5.091,
108.5625,5.09,
108.6875,5.09,
108.8125,5.085,
108.9375,5.081,60.502
109.0625,5.079,
109.1875,5.077,
109.3125,5.076,
109.4375,5.076,
109.5625,5.076,
109.6875,5.076,
109.8125,5.072,
109.9375,5.068,59.362
110.0625,5.064,
110.1875,5.061,
110.3125,5.059,
110.4375,5.057,
110.5625,5.056,
110.6875,5.056,
110.8125,5.05,62.186
110.9375,5.046,
111.0625,5.042,
111.1875,5.038,
111.3125,5.037,
111.4375,5.037,
111.5625,5.037,
111.6875,5.036,
111.8125,5.031,60.922
111.9375,5.028,
112.0625,5.025,
112.1875,5.022,
112.3125,5.022,
112.4375,5.022,
112.5625,5.021,
112.6875,5.02,
112.8125,5.014,59.564
112.9375,5.01,
113.0625,5.006,
113.1875,5.003,
113.3125,5.001,
113.4375,5,
113.5625,4.999,
113.6875,4.996,
113.8125,4.991,62.726
113.9375,4.988,
114.0625,4.984,
114.1875,4.982,
114.3125,4.98,
114.4375,4.98,
114.5625,4.98,
114.6875,4.978,
114.8125,4.976,61.165
114.9375,4.98,
115.0625,4.99,
115.1875,5.01,
115.3125,5.039,
115.4375,5.076,
115.5625,5.118,
115.6875,5.157,
115.8125,5.189,59.105
115.9375,5.216,
116.0625,5.237,
116.1875,5.254,
116.3125,5.265,
116.4375,5.273,
116.5625,5.275,
116.6875,5.271,
116.8125,5.26,60.472
116.9375,5.25,
117.0625,5.237,
117.1875,5.226,
117.3125,5.215,
117.4375,5.205,
117.5625,5.196,
117.6875,5.185,
117.8125,5.173,60.592
117.9375,5.164,
118.0625,5.155,
118.1875,5.149,
118.3125,5.143,
118.4375,5.138,
118.5625,5.135,
118.6875,5.13,
118.8125,5.122,59.276
118.9375,5.117,
119.0625,5.113,
119.1875,5.109,
119.3125,5.107,
119.4375,5.105,
119.5625,5.103,
119.6875,5.098,
119.8125,5.094,62.471
119.9375,5.09,
120.0625,5.087,
120.1875,5.085,
120.3125,5.084,
120.4375,5.083,
120.5625,5.082,
120.6875,5.077,61.935
120.8125,5.074,
120.9375,5.071,
121.0625,5.07,
121.1875,5.071,
121.3125,5.074,
121.4375,5.076,
121.5625,5.077,
121.6875,5.073,61.256
121.8125,5.072,
121.9375,5.07,
122.0625,5.068,
122.1875,5.068,
122.3125,5.067,
122.4375,5.066,
122.5625,5.061,
122.6875,5.056,64.504
122.8125,5.052,
122.9375,5.048,
123.0625,5.046,
123.1875,5.044,
123.3125,5.042,
123.4375,5.041,
123.5625,5.035,61.718
123.6875,5.03,
123.8125,5.026,
123.9375,5.022,
124.0625,5.019,
124.1875,5.018,
124.3125,5.017,
124.4375,5.016,
124.5625,5.011,60.532
124.6875,5.008,
124.8125,5.007,
124.9375,5.005,
125.0625,5.005,
125.1875,5.005,
125.3125,5.006,
125.4375,5.002,
125.5625,4.999,65.641
125.6875,4.997,
125.8125,4.994,
125.9375,4.993,
126.0625,4.993,
126.1875,4.993,
126.3125,4.993,
126.4375,4.989,62.694
126.5625,4.987,
126.6875,4.985,
126.8125,4.984,
126.9375,4.983,
127.0625,4.982,
127.1875,4.982,
127.3125,4.982,
127.4375,4.978,59.593
127.5625,4.974,
127.6875,4.971,
127.8125,4.969,
127.9375,4.967,
128.0625,4.967,
128.1875,4.965,
128.3125,4.963,
128.4375,4.958,63.048
128.5625,4.955,
128.6875,4.952,
128.8125,4.95,
128.9375,4.949,
129.0625,4.948,
129.1875,4.948,
129.3125,4.946,
129.4375,4.941,59.477
129.5625,4.938,
129.6875,4.934,
129.8125,4.932,
129.9375,4.931,
130.0625,4.93,
130.1875,4.929,
130.3125,4.929,
130.4375,4.925,57.609
130.5625,4.922,
130.6875,4.919,
130.8125,4.918,
130.9375,4.917,
131.0625,4.916,
131.1875,4.916,
131.3125,4.914,
131.4375,4.911,61.967
131.5625,4.907,
131.6875,4.904,
131.8125,4.902,
131.9375,4.901,
132.0625,4.9,
132.1875,4.899,
132.3125,4.897,
132.4375,4.893,59.622
132.5625,4.889,
132.6875,4.885,
132.8125,4.883,
132.9375,4.881,
133.0625,4.88,
133.1875,4.88,
133.3125,4.879,
133.4375,4.874,58.626
133.5625,4.871,
133.6875,4.869,
133.8125,4.867,
133.9375,4.866,
134.0625,4.865,
134.1875,4.865,
134.3125,4.863,
134.4375,4.859,62.281
134.5625,4.856,
134.6875,4.853,
134.8125,4.85,
134.9375,4.849,
135.0625,4.848,
135.1875,4.848,
135.3125,4.846,
135.4375,4.842,59.622
135.5625,4.839,
135.6875,4.836,
135.8125,4.833,
135.9375,4.832,
136.0625,4.832,
136.1875,4.832,
136.3125,4.831,
136.4375,4.826,60.206
136.5625,4.824,
136.6875,4.822,
136.8125,4.82,
136.9375,4.82,
137.0625,4.819,
137.1875,4.819,
137.3125,4.816,
137.4375,4.812,62.951
137.5625,4.81,
137.6875,4.807,
137.8125,4.806,
137.9375,4.806,
138.0625,4.806,
138.1875,4.807,
138.3125,4.805,
138.4375,4.802,59.796
138.5625,4.801,
138.6875,4.799,
138.8125,4.798,
138.9375,4.798,
139.0625,4.799,
139.1875,4.802,
139.3125,4.803,61.687
139.4375,4.808,
139.5625,4.82,
139.6875,4.843,
139.8125,4.881,
139.9375,4.933,
140.0625,4.999,
140.1875,5.071,
140.3125,5.143,63.275
140.4375,5.213,
140.5625,5.277,
140.6875,5.333,
140.8125,5.379,
140.9375,5.413,
141.0625,5.435,
141.1875,5.443,
141.3125,5.439,60.772
141.4375,5.43,
141.5625,5.415,
141.6875,5.398,
141.8125,5.381,
141.9375,5.363,
142.0625,5.346,
142.1875,5.326,
142.3125,5.308,63.242
142.4375,5.292,
142.5625,5.278,
142.6875,5.265,
142.8125,5.254,
142.9375,5.244,
143.0625,5.234,
143.1875,5.221,61.532
143.3125,5.21,
143.4375,5.201,
143.5625,5.193,
143.6875,5.187,
143.8125,5.182,
143.9375,5.179,
144.0625,5.176,
144.1875,5.171,
144.3125,5.165,57.908
144.4375,5.159,
144.5625,5.154,
144.6875,5.15,
144.8125,5.146,
144.9375,5.143,
145.0625,5.139,
145.1875,5.134,61.502
145.3125,5.129,
145.4375,5.124,
145.5625,5.12,
145.6875,5.117,
145.8125,5.115,
145.9375,5.113,
146.0625,5.111,
146.1875,5.107,
146.3125,5.104,58.964
146.4375,5.101,
146.5625,5.099,
146.6875,5.099,
146.8125,5.099,
146.9375,5.099,
147.0625,5.1,
147.1875,5.098,
147.3125,5.094,58.431
147.4375,5.091,
147.5625,5.088,
147.6875,5.085,
147.8125,5.083,
147.9375,5.08,
148.0625,5.079,
148.1875,5.073,
148.3125,5.068,62.155
148.4375,5.063,
148.5625,5.059,
148.6875,5.057,
148.8125,5.055,
148.9375,5.053,
149.0625,5.051,
149.1875,5.046,
149.3125,5.041,59.593
149.4375,5.037,
149.5625,5.033,
149.6875,5.031,
149.8125,5.028,
149.9375,5.025,
150.0625,5.024,
150.1875,5.019,
150.3125,5.016,60.652
150.4375,5.012,
150.5625,5.009,
150.6875,5.008,
150.8125,5.006,
150.9375,5.006,
151.0625,5.004,
151.1875,5,62.566
151.3125,4.998,
151.4375,4.996,
151.5625,4.995,
151.6875,4.995,
151.8125,4.995,
151.9375,4.995,
152.0625,4.994,
152.1875,4.991,60.059
152.3125,4.987,
152.4375,4.984,
152.5625,4.982,
152.6875,4.98,
152.8125,4.979,
152.9375,4.978,
153.0625,4.975,
153.1875,4.97,63.015
153.3125,4.967,
153.4375,4.965,
153.5625,4.963,
153.6875,4.962,
153.8125,4.961,
153.9375,4.961,
154.0625,4.957,
154.1875,4.953,61.317
154.3125,4.95,
154.4375,4.946,
154.5625,4.944,
154.6875,4.943,
154.8125,4.941,
154.9375,4.94,
155.0625,4.937,
155.1875,4.934,60.562
155.3125,4.932,
155.4375,4.929,
155.5625,4.928,
155.6875,4.928,
155.8125,4.927,
155.9375,4.924,
156.0625,4.92,63.21
156.1875,4.917,
156.3125,4.916,
156.4375,4.916,
156.5625,4.919,
156.6875,4.925,
156.8125,4.934,
156.9375,4.945,
157.0625,4.956,60.862
157.1875,4.971,
157.3125,4.986,
157.4375,5.002,
157.5625,5.018,
157.6875,5.032,
157.8125,5.043,
157.9375,5.051,
158.0625,5.053,59.535
158.1875,5.055,
158.3125,5.054,
158.4375,5.052,
158.5625,5.051,
158.6875,5.048,
158.8125,5.046,
158.9375,5.041,
159.0625,5.036,64.674
159.1875,5.035,
159.3125,5.034,
159.4375,5.037,
159.5625,5.041,
159.6875,5.048,
159.8125,5.055,
159.9375,5.058,61.317
160.0625,5.063,
160.1875,5.066,
160.3125,5.069,
160.4375,5.073,
160.5625,5.076,
160.6875,5.079,
160.8125,5.081,
160.9375,5.08,61.967
161.0625,5.081,
161.1875,5.08,
161.3125,5.079,
161.4375,5.079,
161.5625,5.079,
161.6875,5.078,
161.8125,5.075,65.746
161.9375,5.072,
162.0625,5.069,
162.1875,5.067,
162.3125,5.068,
162.4375,5.072,
162.5625,5.08,
162.6875,5.094,
162.8125,5.109,61.471
162.9375,5.13,
163.0625,5.154,
163.1875,5.18,
163.3125,5.205,
163.4375,5.229,
163.5625,5.249,
163.6875,5.262,
163.8125,5.269,63.177
163.9375,5.273,
164.0625,5.274,
164.1875,5.273,
164.3125,5.269,
164.4375,5.265,
164.5625,5.26,
164.6875,5.25,63.21
164.8125,5.241,
164.9375,5.231,
165.0625,5.223,
165.1875,5.216,
165.3125,5.209,
165.4375,5.203,
165.5625,5.198,
165.6875,5.19,60.354
165.8125,5.183,
165.9375,5.176,
166.0625,5.17,
166.1875,5.166,
166.3125,5.162,
166.4375,5.158,
166.5625,5.153,
166.6875,5.148,63.177
166.8125,5.144,
166.9375,5.14,
167.0625,5.136,
167.1875,5.134,
167.3125,5.132,
167.4375,5.13,
167.5625,5.128,
167.6875,5.124,61.409
167.8125,5.121,
167.9375,5.119,
168.0625,5.118,
168.1875,5.117,
168.3125,5.117,
168.4375,5.117,
168.5625,5.116,
168.6875,5.112,58.209
168.8125,5.109,
168.9375,5.107,
169.0625,5.104,
169.1875,5.103,
169.3125,5.101,
169.4375,5.1,
169.5625,5.1,
169.6875,5.099,59.883
169.8125,5.1,
169.9375,5.104,
170.0625,5.111,
170.1875,5.12,
170.3125,5.129,
170.4375,5.14,
170.5625,5.15,
170.6875,5.156,57.99
170.8125,5.16,
170.9375,5.163,
171.0625,5.167,
171.1875,5.169,
171.3125,5.173,
171.4375,5.176,
171.5625,5.181,
171.6875,5.184,
171.8125,5.187,58.265
171.9375,5.189,
172.0625,5.191,
172.1875,5.193,
172.3125,5.196,
172.4375,5.195,
172.5625,5.194,
172.6875,5.189,
172.8125,5.183,60.147
172.9375,5.178,
173.0625,5.174,
173.1875,5.175,
173.3125,5.179,
173.4375,5.191,
173.5625,5.209,
173.6875,5.233,
173.8125,5.261,58.794
173.9375,5.293,
174.0625,5.324,
174.1875,5.355,
174.3125,5.381,
174.4375,5.403,
174.5625,5.419,
174.6875,5.426,
174.8125,5.426,61.226
174.9375,5.422,
175.0625,5.416,
175.1875,5.407,
175.3125,5.397,
175.4375,5.386,
175.5625,5.374,
175.6875,5.359,62.598
175.8125,5.345,
175.9375,5.334,
176.0625,5.327,
176.1875,5.325,
176.3125,5.328,
176.4375,5.339,
176.5625,5.357,
176.6875,5.386,62.951
176.8125,5.428,
176.9375,5.48,
177.0625,5.538,
177.1875,5.598,
177.3125,5.653,
177.4375,5.699,
177.5625,5.728,65.223
177.6875,5.748,
177.8125,5.758,
177.9375,5.758,
178.0625,5.753,
178.1875,5.743,
178.3125,5.727,
178.4375,5.705,
178.5625,5.678,62.662
178.6875,5.653,
178.8125,5.63,
178.9375,5.609,
179.0625,5.591,
179.1875,5.575,
179.3125,5.561,
179.4375,5.546,
179.5625,5.53,60.502
179.6875,5.517,
179.8125,5.505,
179.9375,5.495,
180.0625,5.486,
180.1875,5.479,
180.3125,5.473,
180.4375,5.465,63.112
180.5625,5.458,
180.6875,5.452,
180.8125,5.447,
180.9375,5.442,
181.0625,5.438,
181.1875,5.434,
181.3125,5.43,
181.4375,5.425,61.656
181.5625,5.42,
181.6875,5.419,
181.8125,5.42,
181.9375,5.429,
182.0625,5.442,
182.1875,5.462,
182.3125,5.485,
182.4375,5.506,58.851
182.5625,5.526,
182.6875,5.543,
182.8125,5.557,
182.9375,5.568,
183.0625,5.573,
183.1875,5.576,
183.3125,5.573,
183.4375,5.565,61.687
183.5625,5.556,
183.6875,5.546,
183.8125,5.537,
183.9375,5.531,
184.0625,5.531,
184.1875,5.534,
184.3125,5.542,
184.4375,5.55,59.134
184.5625,5.561,
184.6875,5.572,
184.8125,5.583,
184.9375,5.592,
185.0625,5.599,
185.1875,5.603,
185.3125,5.603,
185.4375,5.598,
185.5625,5.59,57.609
185.6875,5.582,
185.8125,5.574,
185.9375,5.566,
186.0625,5.56,
186.1875,5.553,
186.3125,5.549,
186.4375,5.54,60.681
186.5625,5.533,
186.6875,5.526,
186.8125,5.52,
186.9375,5.516,
187.0625,5.512,
187.1875,5.51,
187.3125,5.507,
187.4375,5.501,59.941
187.5625,5.494,
187.6875,5.489,
187.8125,5.485,
187.9375,5.483,
188.0625,5.479,
188.1875,5.476,
188.3125,5.472,
188.4375,5.465,64.776
188.5625,5.46,
188.6875,5.455,
188.8125,5.451,
188.9375,5.449,
189.0625,5.446,
189.1875,5.443,
189.3125,5.438,66.422
189.4375,5.434,
189.5625,5.431,
189.6875,5.429,
189.8125,5.428,
189.9375,5.427,
190.0625,5.425,
190.1875,5.422,69.502
190.3125,5.419,
190.4375,5.417,
190.5625,5.415,
190.6875,5.414,
190.8125,5.414,
190.9375,5.413,
191.0625,5.409,65.606
191.1875,5.405,
191.3125,5.403,
191.4375,5.4,
191.5625,5.4,
191.6875,5.399,
191.8125,5.398,
191.9375,5.397,
192.0625,5.393,61.195
192.1875,5.39,
192.3125,5.388,
192.4375,5.386,
192.5625,5.386,
192.6875,5.385,
192.8125,5.385,
192.9375,5.383,
193.0625,5.38,65.016
193.1875,5.378,
193.3125,5.376,
193.4375,5.375,
193.5625,5.374,
193.6875,5.374,
193.8125,5.374,
193.9375,5.37,61.749
194.0625,5.366,
194.1875,5.364,
194.3125,5.36,
194.4375,5.358,
194.5625,5.358,
194.6875,5.357,
194.8125,5.357,
194.9375,5.354,60.147
195.0625,5.352,
195.1875,5.35,
195.3125,5.349,
195.4375,5.348,
195.5625,5.348,
195.6875,5.348,
195.8125,5.346,
195.9375,5.343,63.967
196.0625,5.343,
196.1875,5.343,
196.3125,5.345,
196.4375,5.349,
196.5625,5.354,
196.6875,5.361,
196.8125,5.366,
196.9375,5.37,60.681
197.0625,5.374,
197.1875,5.377,
197.3125,5.381,
197.4375,5.384,
197.5625,5.387,
197.6875,5.389,
197.8125,5.388,
197.9375,5.385,58.598
198.0625,5.383,
198.1875,5.379,
198.3125,5.377,
198.4375,5.375,
198.5625,5.374,
198.6875,5.373,
198.8125,5.369,
198.9375,5.365,61.563
199.0625,5.36,
199.1875,5.358,
199.3125,5.355,
199.4375,5.354,
199.5625,5.352,
199.6875,5.351,
199.8125,5.349,
199.9375,5.344,59.391
200.0625,5.341,
200.1875,5.338,
200.3125,5.336,
200.4375,5.335,
200.5625,5.334,
200.6875,5.334,
200.8125,5.332,
200.9375,5.328,59.767
201.0625,5.326,
201.1875,5.323,
201.3125,5.322,
201.4375,5.322,
201.5625,5.321,
201.6875,5.321,
201.8125,5.319,
201.9375,5.315,61.287
202.0625,5.312,
202.1875,5.309,
202.3125,5.307,
202.4375,5.306,
202.5625,5.305,
202.6875,5.305,
202.8125,5.302,
202.9375,5.298,59.535
203.0625,5.295,
203.1875,5.292,
203.3125,5.29,
203.4375,5.29,
203.5625,5.288,
203.6875,5.288,
203.8125,5.284,62.758
203.9375,5.282,
204.0625,5.28,
204.1875,5.279,
204.3125,5.281,
204.4375,5.283,
204.5625,5.286,
204.6875,5.287,
204.8125,5.286,63.406
204.9375,5.286,
205.0625,5.286,
205.1875,5.285,
205.3125,5.286,
205.4375,5.287,
205.5625,5.288,
205.6875,5.285,
205.8125,5.282,62.726
205.9375,5.281,
206.0625,5.278,
206.1875,5.277,
206.3125,5.277,
206.4375,5.278,
206.5625,5.274,
206.6875,5.273,68.686
206.8125,5.272,
206.9375,5.271,
207.0625,5.271,
207.1875,5.272,
207.3125,5.273,
207.4375,5.274,
207.5625,5.273,65.641
207.6875,5.273,
207.8125,5.275,
207.9375,5.277,
208.0625,5.279,
208.1875,5.282,
208.3125,5.285,
208.4375,5.285,
208.5625,5.284,62.186
208.6875,5.284,
208.8125,5.284,
208.9375,5.284,
209.0625,5.284,
209.1875,5.285,
209.3125,5.284,
209.4375,5.281,67.001
209.5625,5.279,
209.6875,5.277,
209.8125,5.277,
209.9375,5.276,
210.0625,5.277,
210.1875,5.278,
210.3125,5.279,
210.4375,5.28,59.077
210.5625,5.282,
210.6875,5.286,
210.8125,5.291,
210.9375,5.297,
211.0625,5.303,
211.1875,5.308,
211.3125,5.311,
211.4375,5.312,
211.5625,5.312,55.376
211.6875,5.313,
211.8125,5.317,
211.9375,5.328,
212.0625,5.351,
212.1875,5.392,
212.3125,5.458,
212.4375,5.547,60.772
212.5625,5.664,
212.6875,5.806,
212.8125,5.964,
212.9375,6.132,
