0.1875,6.413,
0.3125,6.416,
0.4375,6.418,
0.5625,6.421,
0.6875,6.425,
0.8125,6.429,
0.9375,6.433,
1.0625,6.435,
1.1875,6.437,
1.3125,6.436,
1.4375,6.433,63.242
1.5625,6.429,
1.6875,6.424,
1.8125,6.418,
1.9375,6.411,
2.0625,6.403,
2.1875,6.396,
2.3125,6.388,
2.4375,6.378,61.78
2.5625,6.37,
2.6875,6.362,
2.8125,6.355,
2.9375,6.349,
3.0625,6.342,
3.1875,6.336,
3.3125,6.33,
3.4375,6.323,60.324
3.5625,6.317,
3.6875,6.312,
3.8125,6.307,
3.9375,6.302,
4.0625,6.298,
4.1875,6.292,
4.3125,6.287,
4.4375,6.281,62.186
4.5625,6.279,
4.6875,6.28,
4.8125,6.289,
4.9375,6.308,
5.0625,6.337,
5.1875,6.381,
5.3125,6.435,
5.4375,6.497,
5.5625,6.564,
5.6875,6.63,
5.8125,6.693,
5.9375,6.75,
6.0625,6.803,
6.1875,6.855,
6.3125,6.9,
6.4375,6.936,
6.5625,6.967,
6.6875,6.989,
6.8125,7.002,
6.9375,7.004,
7.0625,6.998,
7.1875,6.985,
7.3125,6.964,
7.4375,6.94,62.407
7.5625,6.913,
7.6875,6.886,
7.8125,6.86,
7.9375,6.835,
8.0625,6.81,
8.1875,6.786,
8.3125,6.761,
8.4375,6.737,61.013
8.5625,6.715,
8.6875,6.695,
8.8125,6.678,
8.9375,6.662,
9.0625,6.647,
9.1875,6.634,
9.3125,6.621,
9.4375,6.611,60.592
9.5625,6.602,
9.6875,6.591,
9.8125,6.583,
9.9375,6.575,
10.0625,6.568,
10.1875,6.56,
10.3125,6.55,63.015
10.4375,6.543,
10.5625,6.535,
10.6875,6.528,
10.8125,6.522,
10.9375,6.516,
11.0625,6.511,
11.1875,6.504,
11.3125,6.497,61.563
11.4375,6.49,
11.5625,6.484,
11.6875,6.479,
11.8125,6.475,
11.9375,6.47,
12.0625,6.466,
12.1875,6.459,
12.3125,6.453,61.502
12.4375,6.448,
12.5625,6.443,
12.6875,6.439,
12.8125,6.435,
12.9375,6.432,
13.0625,6.429,
13.1875,6.424,
13.3125,6.419,61.998
13.4375,6.415,
13.5625,6.411,
13.6875,6.408,
13.8125,6.405,
13.9375,6.403,
14.0625,6.4,
14.1875,6.395,
14.3125,6.39,60.265
14.4375,6.387,
14.5625,6.384,
14.6875,6.38,
14.8125,6.378,
14.9375,6.375,
15.0625,6.373,
15.1875,6.369,61.935
15.3125,6.366,
15.4375,6.363,
15.5625,6.36,
15.6875,6.358,
15.8125,6.356,
15.9375,6.355,
16.0625,6.351,
16.1875,6.348,64.47
16.3125,6.345,
16.4375,6.341,
16.5625,6.339,
16.6875,6.337,
16.8125,6.335,
16.9375,6.334,
17.0625,6.331,
17.1875,6.327,61.409
17.3125,6.324,
17.4375,6.321,
17.5625,6.319,
17.6875,6.317,
17.8125,6.315,
17.9375,6.313,
18.0625,6.309,
18.1875,6.306,
18.3125,6.304,
18.4375,6.301,
18.5625,6.299,
18.6875,6.297,
18.8125,6.295,
18.9375,6.293,
19.0625,6.289,62.726
19.1875,6.287,
19.3125,6.285,
19.4375,6.283,
19.5625,6.281,
19.6875,6.28,
19.8125,6.278,
19.9375,6.276,
20.0625,6.272,60.443
20.1875,6.269,
20.3125,6.267,
20.4375,6.264,
20.5625,6.262,
20.6875,6.26,
20.8125,6.259,
20.9375,6.257,
21.0625,6.254,
21.1875,6.253,
21.3125,6.251,
21.4375,6.249,
21.5625,6.248,
21.6875,6.247,
21.8125,6.246,
21.9375,6.244,
22.0625,6.241,61.287
22.1875,6.239,
22.3125,6.237,
22.4375,6.236,
22.5625,6.234,
22.6875,6.233,
22.8125,6.232,
22.9375,6.231,
23.0625,6.229,
23.1875,6.227,
23.3125,6.225,
23.4375,6.224,
23.5625,6.223,
23.6875,6.221,
23.8125,6.22,
23.9375,6.219,
24.0625,6.216,
24.1875,6.215,
24.3125,6.213,
24.4375,6.212,
24.5625,6.211,
24.6875,6.21,
24.8125,6.209,
24.9375,6.207,
25.0625,6.204,
25.1875,6.202,
25.3125,6.201,
25.4375,6.2,
25.5625,6.198,
25.6875,6.197,
25.8125,6.196,
25.9375,6.195,
26.0625,6.191,
26.1875,6.189,
26.3125,6.186,
26.4375,6.184,
26.5625,6.183,
26.6875,6.182,
26.8125,6.181,
26.9375,6.181,
27.0625,6.179,
27.1875,6.177,
27.3125,6.176,
27.4375,6.174,
27.5625,6.174,
27.6875,6.172,
27.8125,6.173,
27.9375,6.172,
28.0625,6.17,
28.1875,6.169,60.952
28.3125,6.167,
28.4375,6.166,
28.5625,6.165,
28.6875,6.164,
28.8125,6.164,
28.9375,6.163,
29.0625,6.16,
29.1875,6.158,
29.3125,6.157,
29.4375,6.155,
29.5625,6.154,
29.6875,6.153,
29.8125,6.153,
29.9375,6.151,
30.0625,6.15,
30.1875,6.148,
30.3125,6.146,
30.4375,6.145,
30.5625,6.144,
30.6875,6.142,
30.8125,6.142,
30.9375,6.141,
31.0625,6.138,
31.1875,6.136,60.892
31.3125,6.134,
31.4375,6.133,
31.5625,6.131,
31.6875,6.13,
31.8125,6.129,
31.9375,6.128,
32.0625,6.126,
32.1875,6.123,60.592
32.3125,6.121,
32.4375,6.118,
32.5625,6.117,
32.6875,6.115,
32.8125,6.114,
32.9375,6.114,
33.0625,6.112,
33.1875,6.109,
33.3125,6.107,
33.4375,6.105,
33.5625,6.103,
33.6875,6.102,
33.8125,6.1,
33.9375,6.099,
34.0625,6.096,
34.1875,6.094,62.061
34.3125,6.092,
34.4375,6.09,
34.5625,6.088,
34.6875,6.087,
34.8125,6.086,
34.9375,6.085,
35.0625,6.082,61.967
35.1875,6.08,
35.3125,6.077,
35.4375,6.075,
35.5625,6.074,
35.6875,6.073,
35.8125,6.072,
35.9375,6.071,
36.0625,6.068,60.029
36.1875,6.066,
36.3125,6.063,
36.4375,6.061,
36.5625,6.06,
36.6875,6.059,
36.8125,6.058,
36.9375,6.056,
37.0625,6.053,60.802
37.1875,6.052,
37.3125,6.05,
37.4375,6.049,
37.5625,6.048,
37.6875,6.048,
37.8125,6.047,
37.9375,6.046,
38.0625,6.044,60.983
38.1875,6.043,
38.3125,6.043,
38.4375,6.042,
38.5625,6.042,
38.6875,6.043,
38.8125,6.044,
38.9375,6.043,
39.0625,6.041,
39.1875,6.04,
39.3125,6.038,
39.4375,6.038,
39.5625,6.037,
39.6875,6.037,
39.8125,6.036,
39.9375,6.035,
40.0625,6.032,61.226
40.1875,6.031,
40.3125,6.028,
40.4375,6.026,
40.5625,6.025,
40.6875,6.024,
40.8125,6.024,
40.9375,6.023,
41.0625,6.02,
41.1875,6.018,
41.3125,6.015,
41.4375,6.013,
41.5625,6.012,
41.6875,6.01,
41.8125,6.01,
41.9375,6.008,
42.0625,6.006,
42.1875,6.003,
42.3125,6.002,
42.4375,6,
42.5625,5.998,
42.6875,5.997,
42.8125,5.995,
42.9375,5.993,
43.0625,5.99,62.854
43.1875,5.988,
43.3125,5.986,
43.4375,5.984,
43.5625,5.983,
43.6875,5.982,
43.8125,5.981,
43.9375,5.979,
44.0625,5.976,60.983
44.1875,5.973,
44.3125,5.971,
44.4375,5.969,
44.5625,5.967,
44.6875,5.965,
44.8125,5.964,
44.9375,5.963,
45.0625,5.959,
45.1875,5.957,
45.3125,5.954,
45.4375,5.952,
45.5625,5.951,
45.6875,5.949,
45.8125,5.948,
45.9375,5.946,
46.0625,5.944,62.281
46.1875,5.941,
46.3125,5.94,
46.4375,5.938,
46.5625,5.937,
46.6875,5.936,
46.8125,5.935,
46.9375,5.932,
47.0625,5.93,62.726
47.1875,5.928,
47.3125,5.926,
47.4375,5.924,
47.5625,5.923,
47.6875,5.922,
47.8125,5.92,
47.9375,5.918,
48.0625,5.916,60.652
48.1875,5.914,
48.3125,5.911,
48.4375,5.91,
48.5625,5.91,
48.6875,5.909,
48.8125,5.908,
48.9375,5.906,62.439
49.0625,5.904,
49.1875,5.902,
49.3125,5.901,
49.4375,5.901,
49.5625,5.9,
49.6875,5.899,
49.8125,5.898,
49.9375,5.896,61.967
50.0625,5.895,
50.1875,5.894,
50.3125,5.893,
50.4375,5.892,
50.5625,5.891,
50.6875,5.89,
50.8125,5.889,
50.9375,5.887,
51.0625,5.886,
51.1875,5.884,
51.3125,5.883,
51.4375,5.883,
51.5625,5.883,
51.6875,5.885,
51.8125,5.888,
51.9375,5.893,
52.0625,5.901,
52.1875,5.918,
52.3125,5.948,
52.4375,5.998,
52.5625,6.073,
52.6875,6.175,
52.8125,6.295,
52.9375,6.429,
53.0625,6.57,
53.1875,6.719,
53.3125,6.879,
53.4375,7.039,
53.5625,7.193,
53.6875,7.345,
53.8125,7.494,
53.9375,7.638,
54.0625,7.765,
54.1875,7.872,
54.3125,7.961,
54.4375,8.037,
54.5625,8.103,
54.6875,8.158,
54.8125,8.206,
54.9375,8.257,
55.0625,8.301,
55.1875,8.341,
55.3125,8.373,
55.4375,8.4,
55.5625,8.427,
55.6875,8.468,
55.8125,8.522,
55.9375,8.57,
56.0625,8.598,
56.1875,8.613,
56.3125,8.616,
56.4375,8.602,
56.5625,8.58,
56.6875,8.546,
56.8125,8.499,
56.9375,8.442,
57.0625,8.377,
57.1875,8.308,
57.3125,8.24,
57.4375,8.173,
57.5625,8.111,
57.6875,8.05,
57.8125,7.99,
57.9375,7.935,
58.0625,7.889,
58.1875,7.86,62.186
58.3125,7.853,
58.4375,7.871,
58.5625,7.912,
58.6875,7.968,
58.8125,8.03,
58.9375,8.091,
59.0625,8.142,
59.1875,8.181,60
59.3125,8.213,
59.4375,8.244,
59.5625,8.282,
59.6875,8.337,
59.8125,8.414,
59.9375,8.516,
60.0625,8.631,
60.1875,8.748,62.092
60.3125,8.861,
60.4375,8.969,
60.5625,9.075,
60.6875,9.183,
60.8125,9.293,
60.9375,9.406,
61.0625,9.524,64.708
61.1875,9.651,
61.3125,9.777,
61.4375,9.895,
61.5625,10.011,
61.6875,10.133,
61.8125,10.248,
61.9375,10.342,65.571
,,
62.0625,10.433,
62.1875,10.535,
62.3125,10.632,
62.4375,10.729,
62.5625,10.802,
62.6875,10.853,
62.8125,10.882,
62.9375,10.904,65.676
63.0625,10.918,
63.1875,10.924,
63.3125,10.93,
63.4375,10.929,
63.5625,10.917,
63.6875,10.901,
63.8125,10.881,66.494
63.9375,10.86,
64.0625,10.829,
64.1875,10.788,
64.3125,10.738,
64.4375,10.677,
64.5625,10.611,
64.6875,10.545,
64.8125,10.486,60.862
64.9375,10.445,
65.0625,10.425,
65.1875,10.428,
65.3125,10.451,
65.4375,10.489,
65.5625,10.529,
65.6875,10.562,
65.8125,10.585,60.772
65.9375,10.598,
66.0625,10.601,
66.1875,10.599,
66.3125,10.594,
66.4375,10.585,
66.5625,10.57,
66.6875,10.543,
66.8125,10.502,
66.9375,10.449,
67.0625,10.385,
67.1875,10.311,
67.3125,10.234,
67.4375,10.146,
67.5625,10.061,
67.6875,9.993,
67.8125,9.955,
67.9375,9.96,
68.0625,10.004,
68.1875,10.079,
68.3125,10.166,
68.4375,10.248,
68.5625,10.312,
68.6875,10.349,
68.8125,10.363,63.406
68.9375,10.355,
69.0625,10.327,
69.1875,10.283,
69.3125,10.217,
69.4375,10.138,
69.5625,10.051,
69.6875,9.961,62.822
69.8125,9.875,
69.9375,9.795,
70.0625,9.724,
70.1875,9.664,
70.3125,9.613,
70.4375,9.571,
70.5625,9.533,
70.6875,9.493,61.074
70.8125,9.453,
70.9375,9.411,
71.0625,9.367,
71.1875,9.321,
71.3125,9.273,
71.4375,9.224,
71.5625,9.173,
71.6875,9.122,65.536
71.8125,9.072,
71.9375,9.024,
72.0625,8.981,
72.1875,8.944,
72.3125,8.916,
72.4375,8.898,
72.5625,8.888,63.701
72.6875,8.887,
72.8125,8.891,
72.9375,8.898,
73.0625,8.903,
73.1875,8.907,
73.3125,8.906,
73.4375,8.899,
73.5625,8.886,63.308
73.6875,8.869,
73.8125,8.851,
73.9375,8.837,
74.0625,8.833,
74.1875,8.848,
74.3125,8.886,
74.4375,8.947,65.292
74.5625,9.029,
74.6875,9.122,
74.8125,9.216,
74.9375,9.301,
75.0625,9.369,
75.1875,9.415,
75.3125,9.439,
75.4375,9.439,60.922
75.5625,9.421,
75.6875,9.391,
75.8125,9.351,
75.9375,9.309,
76.0625,9.272,
76.1875,9.247,
76.3125,9.234,
76.4375,9.231,
76.5625,9.237,
76.6875,9.245,
76.8125,9.25,
76.9375,9.249,
77.0625,9.24,
77.1875,9.225,
77.3125,9.201,
77.4375,9.169,61.348
77.5625,9.134,
77.6875,9.095,
77.8125,9.055,
77.9375,9.019,
78.0625,8.994,
78.1875,8.988,
78.3125,9.005,
78.4375,9.048,60.235
78.5625,9.113,
78.6875,9.186,
78.8125,9.257,
78.9375,9.315,
79.0625,9.357,
79.1875,9.381,
79.3125,9.387,63.537
79.4375,9.381,
79.5625,9.365,
79.6875,9.342,
79.8125,9.316,
79.9375,9.29,
80.0625,9.264,
80.1875,9.238,
80.3125,9.21,62.63
80.4375,9.182,
80.5625,9.153,
80.6875,9.124,
80.8125,9.094,
80.9375,9.063,
81.0625,9.031,
81.1875,8.996,
81.3125,8.958,
81.4375,8.92,
81.5625,8.881,
81.6875,8.842,
81.8125,8.805,
81.9375,8.769,
82.0625,8.734,
82.1875,8.7,
82.3125,8.67,63.34
82.4375,8.641,
82.5625,8.617,
82.6875,8.597,
82.8125,8.58,
82.9375,8.568,
83.0625,8.563,
83.1875,8.567,63.145
83.3125,8.585,
83.4375,8.615,
83.5625,8.654,
83.6875,8.698,
83.8125,8.74,
83.9375,8.774,
84.0625,8.799,
84.1875,8.813,62.822
84.3125,8.82,
84.4375,8.824,
84.5625,8.828,
84.6875,8.835,
84.8125,8.848,
84.9375,8.864,
85.0625,8.878,68.229
85.1875,8.892,
85.3125,8.903,
85.4375,8.915,
85.5625,8.931,
85.6875,8.953,
85.8125,8.978,
85.9375,9.003,68.879
86.0625,9.027,
86.1875,9.044,
86.3125,9.057,
86.4375,9.066,
86.5625,9.066,
86.6875,9.056,
86.8125,9.038,66.783
86.9375,9.015,
87.0625,8.986,
87.1875,8.953,
87.3125,8.917,
87.4375,8.879,
87.5625,8.837,
87.6875,8.792,70.418
87.8125,8.746,
87.9375,8.703,
88.0625,8.663,
88.1875,8.631,
88.3125,8.61,
88.4375,8.603,
88.5625,8.61,71.483
88.6875,8.63,
88.8125,8.661,
88.9375,8.697,
89.0625,8.733,
89.1875,8.766,
89.3125,8.792,
89.4375,8.807,68.802
89.5625,8.813,
89.6875,8.807,
89.8125,8.791,
89.9375,8.766,
90.0625,8.734,
90.1875,8.697,71.317
90.3125,8.656,
90.4375,8.614,
90.5625,8.572,
90.6875,8.531,
90.8125,8.493,
90.9375,8.46,
91.0625,8.433,73.317
91.1875,8.419,
91.3125,8.423,
91.4375,8.45,
91.5625,8.505,
91.6875,8.586,
91.8125,8.683,
91.9375,8.781,70.906
92.0625,8.867,
92.1875,8.937,
92.3125,8.989,
92.4375,9.024,
92.5625,9.044,
92.6875,9.046,72.453
92.8125,9.033,
92.9375,9.013,
93.0625,8.976,
93.1875,8.929,
93.3125,8.877,
93.4375,8.823,
93.5625,8.772,75.156
93.6875,8.73,
93.8125,8.696,
93.9375,8.668,
94.0625,8.644,
94.1875,8.621,
94.3125,8.596,71.567
94.4375,8.571,
94.5625,8.546,
94.6875,8.519,
94.8125,8.494,
94.9375,8.468,
95.0625,8.443,
95.1875,8.417,71.692
95.3125,8.393,
95.4375,8.369,
95.5625,8.347,
95.6875,8.325,
95.8125,8.304,
95.9375,8.281,76.752
96.0625,8.259,
96.1875,8.236,
96.3125,8.214,
96.4375,8.192,
96.5625,8.17,
96.6875,8.148,
96.8125,8.127,72.926
96.9375,8.107,
97.0625,8.092,
97.1875,8.085,
97.3125,8.091,
97.4375,8.114,
97.5625,8.153,72.197
97.6875,8.204,
97.8125,8.263,
97.9375,8.32,
98.0625,8.37,
98.1875,8.409,
98.3125,8.436,
98.4375,8.449,75.202
98.5625,8.45,
98.6875,8.44,
98.8125,8.421,
98.9375,8.395,
99.0625,8.364,
99.1875,8.328,
99.3125,8.291,70.54
99.4375,8.257,
99.5625,8.229,
99.6875,8.21,
99.8125,8.201,
99.9375,8.204,
100.0625,8.215,
100.1875,8.229,65.431
100.3125,8.245,
100.4375,8.259,
100.5625,8.266,
100.6875,8.268,
100.8125,8.263,
100.9375,8.251,
101.0625,8.233,72.155
101.1875,8.211,
101.3125,8.185,
101.4375,8.158,
101.5625,8.129,
101.6875,8.1,
101.8125,8.071,71.483
101.9375,8.042,
102.0625,8.014,
102.1875,7.987,
102.3125,7.963,
102.4375,7.94,
102.5625,7.919,
102.6875,7.898,67.927
102.8125,7.878,
102.9375,7.859,
103.0625,7.841,
103.1875,7.824,
103.3125,7.807,
103.4375,7.792,
103.5625,7.777,71.194
103.6875,7.763,
103.8125,7.751,
103.9375,7.739,
104.0625,7.728,
104.1875,7.722,
104.3125,7.725,
104.4375,7.741,70.418
104.5625,7.779,
104.6875,7.842,
104.8125,7.93,
104.9375,8.036,
105.0625,8.147,
105.1875,8.251,
105.3125,8.336,70.661
105.4375,8.404,
105.5625,8.452,
105.6875,8.482,
105.8125,8.495,
105.9375,8.491,
106.0625,8.471,77.186
106.1875,8.439,
106.3125,8.398,
106.4375,8.352,
106.5625,8.307,
106.6875,8.257,
106.8125,8.206,78.168
106.9375,8.156,
107.0625,8.112,
107.1875,8.071,
107.3125,8.034,
107.4375,8.003,
107.5625,7.977,
107.6875,7.957,75.064
107.8125,7.944,
107.9375,7.935,
108.0625,7.927,
108.1875,7.921,
108.3125,7.913,
108.4375,7.903,78.268
108.5625,7.893,
108.6875,7.883,
108.8125,7.874,
108.9375,7.867,
109.0625,7.862,
109.1875,7.859,75.433
109.3125,7.857,
109.4375,7.855,
109.5625,7.852,
109.6875,7.848,
109.8125,7.841,
109.9375,7.832,
110.0625,7.82,66.243
110.1875,7.806,
110.3125,7.791,
110.4375,7.777,
110.5625,7.764,
110.6875,7.751,
110.8125,7.739,
110.9375,7.728,70.865
111.0625,7.717,
111.1875,7.707,
111.3125,7.696,
111.4375,7.685,
111.5625,7.673,
111.6875,7.66,
111.8125,7.647,66.638
111.9375,7.634,
112.0625,7.62,
112.1875,7.606,
112.3125,7.593,
112.4375,7.579,
112.5625,7.566,
112.6875,7.552,
112.8125,7.538,64.403
112.9375,7.524,
113.0625,7.511,
113.1875,7.499,
113.3125,7.487,
113.4375,7.476,
113.5625,7.465,71.442
113.6875,7.456,
113.8125,7.449,
113.9375,7.446,
114.0625,7.449,
114.1875,7.457,
114.3125,7.473,
114.4375,7.495,70.54
114.5625,7.523,
114.6875,7.555,
114.8125,7.588,
114.9375,7.621,
115.0625,7.652,
115.1875,7.681,
115.3125,7.715,69.189
115.4375,7.755,
115.5625,7.802,
115.6875,7.857,
115.8125,7.91,
115.9375,7.959,
116.0625,7.996,
116.1875,8.022,74.473
116.3125,8.04,
116.4375,8.046,
116.5625,8.04,
116.6875,8.025,
116.8125,8.001,
116.9375,7.97,70.017
117.0625,7.935,
117.1875,7.896,
117.3125,7.858,
117.4375,7.818,
117.5625,7.781,
117.6875,7.746,
117.8125,7.711,
117.9375,7.677,65.327
118.0625,7.645,
118.1875,7.617,
118.3125,7.59,
118.4375,7.566,
118.5625,7.543,
118.6875,7.52,72.839
118.8125,7.5,
118.9375,7.481,
119.0625,7.464,
119.1875,7.448,
119.3125,7.433,
119.4375,7.422,
119.5625,7.413,75.248
119.6875,7.412,
119.8125,7.417,
119.9375,7.432,
120.0625,7.452,
120.1875,7.475,
120.3125,7.497,71.86
120.4375,7.515,
120.5625,7.527,
120.6875,7.534,
120.8125,7.536,
120.9375,7.533,
121.0625,7.525,
121.1875,7.514,77.041
121.3125,7.5,
121.4375,7.485,
121.5625,7.468,
121.6875,7.453,
121.8125,7.441,
121.9375,7.437,78.921
122.0625,7.446,
122.1875,7.469,
122.3125,7.508,
122.4375,7.56,
122.5625,7.62,
122.6875,7.684,76.944
122.8125,7.746,
122.9375,7.804,
123.0625,7.855,
123.1875,7.897,
123.3125,7.931,
123.4375,7.954,
123.5625,7.969,
123.6875,7.976,
123.8125,7.979,
123.9375,7.977,
124.0625,7.971,
124.1875,7.961,
124.3125,7.948,
124.4375,7.933,
124.5625,7.915,
124.6875,7.895,
124.8125,7.874,
124.9375,7.851,
125.0625,7.831,74.069
125.1875,7.82,
125.3125,7.825,
125.4375,7.85,
125.5625,7.897,
125.6875,7.962,
125.8125,8.037,
125.9375,8.11,
126.0625,8.175,
126.1875,8.226,
126.3125,8.263,
126.4375,8.289,
126.5625,8.297,
126.6875,8.291,75.479
126.8125,8.275,
126.9375,8.244,
127.0625,8.205,
127.1875,8.16,
127.3125,8.109,
127.4375,8.052,74.973
127.5625,7.994,
127.6875,7.937,
127.8125,7.885,
127.9375,7.836,
128.0625,7.793,
128.1875,7.754,
128.3125,7.722,
128.4375,7.694,
128.5625,7.671,
128.6875,7.653,
128.8125,7.636,
128.9375,7.623,
129.0625,7.609,75.526
129.1875,7.595,
129.3125,7.582,
129.4375,7.568,
129.5625,7.554,
129.6875,7.539,
129.8125,7.523,
129.9375,7.507,76.896
130.0625,7.49,
130.1875,7.474,
130.3125,7.459,
130.4375,7.447,
130.5625,7.438,
130.6875,7.43,
130.8125,7.425,
130.9375,7.421,
131.0625,7.418,
131.1875,7.417,
131.3125,7.417,
131.4375,7.419,
131.5625,7.425,
131.6875,7.436,
131.8125,7.454,
131.9375,7.48,
132.0625,7.511,
132.1875,7.546,81.216
132.3125,7.579,
132.4375,7.611,
132.5625,7.64,
132.6875,7.667,
132.8125,7.69,
132.9375,7.712,79.844
133.0625,7.733,
133.1875,7.752,
133.3125,7.772,
133.4375,7.79,
133.5625,7.806,
133.6875,7.818,
133.8125,7.824,
133.9375,7.825,
134.0625,7.82,
134.1875,7.811,
134.3125,7.797,
134.4375,7.779,
134.5625,7.756,
134.6875,7.732,60.088
134.8125,7.708,
134.9375,7.687,
135.0625,7.671,
135.1875,7.666,
135.3125,7.675,
135.4375,7.704,
135.5625,7.754,79.38
135.6875,7.823,
135.8125,7.906,
135.9375,7.997,
136.0625,8.091,
136.1875,8.178,
136.3125,8.256,76.228
136.4375,8.326,
136.5625,8.39,
136.6875,8.444,
136.8125,8.488,
136.9375,8.519,
137.0625,8.538,74.518
137.1875,8.54,
137.3125,8.524,
137.4375,8.499,
137.5625,8.467,
137.6875,8.424,
137.8125,8.372,79.124
137.9375,8.313,
138.0625,8.252,
138.1875,8.191,
138.3125,8.133,
138.4375,8.08,
138.5625,8.034,
138.6875,7.995,70.378
138.8125,7.967,
138.9375,7.946,
139.0625,7.932,
139.1875,7.92,
139.3125,7.908,
139.4375,7.895,
139.5625,7.881,
139.6875,7.866,64.64
139.8125,7.848,
139.9375,7.827,
140.0625,7.805,
140.1875,7.781,
140.3125,7.755,
140.4375,7.728,72.538
140.5625,7.702,
140.6875,7.676,
140.8125,7.65,
140.9375,7.626,
141.0625,7.6,
141.1875,7.578,
141.3125,7.556,
141.4375,7.535,62.951
141.5625,7.517,
141.6875,7.499,
141.8125,7.482,
141.9375,7.467,
142.0625,7.451,
142.1875,7.435,
142.3125,7.421,63.112
142.4375,7.407,
142.5625,7.394,
142.6875,7.382,
142.8125,7.37,
142.9375,7.357,
143.0625,7.345,
143.1875,7.333,69.189
143.3125,7.322,
143.4375,7.311,
143.5625,7.301,
143.6875,7.29,
143.8125,7.28,
143.9375,7.269,89.432
144.0625,7.259,
144.1875,7.248,
144.3125,7.238,
144.4375,7.228,
144.5625,7.22,
144.6875,7.21,
144.8125,7.201,
144.9375,7.19,
145.0625,7.18,
145.1875,7.171,
145.3125,7.163,
145.4375,7.154,
145.5625,7.146,
145.6875,7.136,
145.8125,7.126,
145.9375,7.117,
146.0625,7.109,
146.1875,7.1,
146.3125,7.093,
146.4375,7.086,
146.5625,7.078,
146.6875,7.07,
146.8125,7.061,
146.9375,7.053,70.257
147.0625,7.045,
147.1875,7.037,
147.3125,7.029,
147.4375,7.022,
147.5625,7.013,
147.6875,7.005,77.527
147.8125,6.997,
147.9375,6.989,
148.0625,6.981,
148.1875,6.974,
148.3125,6.967,
148.4375,6.96,
148.5625,6.952,
148.6875,6.944,60.802
148.8125,6.936,
148.9375,6.928,
149.0625,6.921,
149.1875,6.914,
149.3125,6.907,
149.4375,6.9,
149.5625,6.891,63.867
149.6875,6.884,
149.8125,6.876,
149.9375,6.869,
150.0625,6.863,
150.1875,6.857,
150.3125,6.851,
150.4375,6.844,72.367
150.5625,6.837,
150.6875,6.831,
150.8125,6.826,
150.9375,6.82,
151.0625,6.815,
151.1875,6.811,
151.3125,6.804,
151.4375,6.797,62.63
151.5625,6.791,
151.6875,6.785,
151.8125,6.779,
151.9375,6.774,
152.0625,6.769,
152.1875,6.763,
152.3125,6.756,62.822
152.4375,6.75,
152.5625,6.743,
152.6875,6.737,
152.8125,6.731,
152.9375,6.725,
153.0625,6.72,
153.1875,6.713,
153.3125,6.707,66.243
153.4375,6.701,
153.5625,6.694,
153.6875,6.688,
153.8125,6.683,
153.9375,6.678,
154.0625,6.673,
154.1875,6.668,
154.3125,6.662,
154.4375,6.655,
154.5625,6.649,
154.6875,6.643,
154.8125,6.639,
154.9375,6.634,
155.0625,6.628,
155.1875,6.622,62.79
155.3125,6.616,
155.4375,6.611,
155.5625,6.605,
155.6875,6.601,
155.8125,6.596,
155.9375,6.592,
156.0625,6.586,
156.1875,6.581,61.287
156.3125,6.575,
156.4375,6.569,
156.5625,6.565,
156.6875,6.561,
156.8125,6.556,
156.9375,6.551,
157.0625,6.546,
157.1875,6.541,
157.3125,6.536,
157.4375,6.53,
157.5625,6.525,
157.6875,6.521,
157.8125,6.516,
157.9375,6.512,
158.0625,6.506,
158.1875,6.501,63.34
158.3125,6.496,
158.4375,6.492,
158.5625,6.488,
158.6875,6.485,
158.8125,6.481,
158.9375,6.478,
159.0625,6.475,
159.1875,6.47,
159.3125,6.466,
159.4375,6.462,
159.5625,6.458,
159.6875,6.455,
159.8125,6.45,
159.9375,6.447,
160.0625,6.442,
160.1875,6.437,60.922
160.3125,6.433,
160.4375,6.428,
160.5625,6.425,
160.6875,6.421,
160.8125,6.417,
160.9375,6.414,
161.0625,6.408,63.275
161.1875,6.403,
161.3125,6.399,
161.4375,6.395,
161.5625,6.391,
161.6875,6.388,
161.8125,6.386,
161.9375,6.384,
162.0625,6.38,
162.1875,6.377,
162.3125,6.375,
162.4375,6.374,
162.5625,6.374,
162.6875,6.374,
162.8125,6.374,
162.9375,6.373,
163.0625,6.371,61.842
163.1875,6.37,
163.3125,6.369,
163.4375,6.367,
163.5625,6.365,
163.6875,6.363,
163.8125,6.361,
163.9375,6.358,
164.0625,6.353,61.256
164.1875,6.349,
164.3125,6.346,
164.4375,6.343,
164.5625,6.34,
164.6875,6.336,
164.8125,6.334,
164.9375,6.331,
165.0625,6.327,
165.1875,6.324,
165.3125,6.32,
165.4375,6.317,
165.5625,6.314,
165.6875,6.312,
165.8125,6.309,
165.9375,6.307,
166.0625,6.305,62.534
166.1875,6.305,
166.3125,6.308,
166.4375,6.314,
166.5625,6.321,
166.6875,6.331,
166.8125,6.34,
166.9375,6.348,
167.0625,6.354,
167.1875,6.359,
167.3125,6.363,
167.4375,6.366,
167.5625,6.368,
167.6875,6.369,
167.8125,6.368,
167.9375,6.366,
168.0625,6.362,
168.1875,6.357,
168.3125,6.352,
168.4375,6.347,
168.5625,6.342,
168.6875,6.337,
168.8125,6.333,
168.9375,6.328,
169.0625,6.322,
169.1875,6.316,
169.3125,6.311,
169.4375,6.307,
169.5625,6.304,
169.6875,6.302,
169.8125,6.298,
169.9375,6.295,
170.0625,6.292,
170.1875,6.288,
170.3125,6.284,
170.4375,6.28,
170.5625,6.277,
170.6875,6.274,
170.8125,6.272,
170.9375,6.269,
171.0625,6.265,
171.1875,6.261,61.104
171.3125,6.257,
171.4375,6.254,
171.5625,6.251,
171.6875,6.249,
171.8125,6.247,
171.9375,6.244,
172.0625,6.24,
172.1875,6.236,
172.3125,6.232,
172.4375,6.229,
172.5625,6.226,
172.6875,6.224,
172.8125,6.222,
172.9375,6.219,
173.0625,6.216,
173.1875,6.212,
173.3125,6.209,
173.4375,6.205,
173.5625,6.202,
173.6875,6.199,
173.8125,6.197,
173.9375,6.195,
174.0625,6.192,
174.1875,6.187,61.687
174.3125,6.183,
174.4375,6.18,
174.5625,6.177,
174.6875,6.175,
174.8125,6.174,
174.9375,6.171,
175.0625,6.17,
175.1875,6.165,
175.3125,6.162,
175.4375,6.159,
175.5625,6.156,
175.6875,6.154,
175.8125,6.152,
175.9375,6.15,
176.0625,6.148,
176.1875,6.145,
176.3125,6.142,
