0.1875,9.554,
0.3125,9.553,
0.4375,9.552,
0.5625,9.552,
0.6875,9.558,
0.8125,9.573,
0.9375,9.599,
1.0625,9.637,
1.1875,9.685,
1.3125,9.741,
1.4375,9.801,
1.5625,9.86,61.718
1.6875,9.915,
1.8125,9.962,
1.9375,10.004,
2.0625,10.04,
2.1875,10.075,
2.3125,10.113,
2.4375,10.156,
2.5625,10.206,62.919
2.6875,10.26,
2.8125,10.312,
2.9375,10.357,
3.0625,10.393,
3.1875,10.419,
3.3125,10.434,
3.4375,10.44,64.776
3.5625,10.436,
3.6875,10.425,
3.8125,10.406,
3.9375,10.382,
4.0625,10.356,
4.1875,10.334,
4.3125,10.318,
4.4375,10.309,60.383
4.5625,10.317,
4.6875,10.344,
4.8125,10.388,
4.9375,10.447,
5.0625,10.513,
5.1875,10.578,
5.3125,10.634,
5.4375,10.676,65.606
5.5625,10.704,
5.6875,10.719,
5.8125,10.722,
5.9375,10.714,
6.0625,10.694,
6.1875,10.665,
6.3125,10.626,61.625
6.4375,10.582,
6.5625,10.532,
6.6875,10.48,
6.8125,10.427,
6.9375,10.375,
7.0625,10.325,
7.1875,10.276,
7.3125,10.229,60.862
7.4375,10.185,
7.5625,10.143,
7.6875,10.104,
7.8125,10.068,
7.9375,10.034,
8.0625,10.002,
8.1875,9.97,
8.3125,9.941,62.123
8.4375,9.915,
8.5625,9.889,
8.6875,9.866,
8.8125,9.843,
8.9375,9.822,
9.0625,9.803,
9.1875,9.784,
9.3125,9.766,
9.4375,9.748,
9.5625,9.731,
9.6875,9.715,
9.8125,9.7,
9.9375,9.686,
10.0625,9.671,
10.1875,9.656,
10.3125,9.642,
10.4375,9.627,
10.5625,9.613,
10.6875,9.6,
10.8125,9.587,
10.9375,9.574,
11.0625,9.563,
11.1875,9.55,
11.3125,9.538,
11.4375,9.526,
11.5625,9.514,
11.6875,9.503,
11.8125,9.491,
11.9375,9.48,
12.0625,9.469,
12.1875,9.458,
12.3125,9.447,64.134
12.4375,9.436,
12.5625,9.426,
12.6875,9.419,
12.8125,9.412,
12.9375,9.407,
13.0625,9.405,
13.1875,9.403,
13.3125,9.402,61.226
13.4375,9.402,
13.5625,9.403,
13.6875,9.405,
13.8125,9.407,
13.9375,9.408,
14.0625,9.407,
14.1875,9.404,63.734
14.3125,9.4,
14.4375,9.394,
14.5625,9.388,
14.6875,9.381,
14.8125,9.374,
14.9375,9.366,
15.0625,9.356,
15.1875,9.346,64.879
15.3125,9.335,
15.4375,9.325,
15.5625,9.316,
15.6875,9.308,
15.8125,9.299,
15.9375,9.291,
16.0625,9.284,68.879
16.1875,9.281,
16.3125,9.282,
16.4375,9.29,
16.5625,9.306,
16.6875,9.328,
16.8125,9.355,
16.9375,9.383,65.327
17.0625,9.411,
17.1875,9.436,
17.3125,9.458,
17.4375,9.475,
17.5625,9.487,
17.6875,9.495,
17.8125,9.495,
17.9375,9.49,62.407
18.0625,9.482,
18.1875,9.472,
18.3125,9.459,
18.4375,9.446,
18.5625,9.43,
18.6875,9.415,
18.8125,9.398,
18.9375,9.38,
19.0625,9.362,
19.1875,9.345,
19.3125,9.329,
19.4375,9.313,
19.5625,9.299,
19.6875,9.285,
19.8125,9.272,
19.9375,9.259,
20.0625,9.246,
20.1875,9.235,
20.3125,9.224,
20.4375,9.214,
20.5625,9.205,
20.6875,9.196,
20.8125,9.189,
20.9375,9.18,
21.0625,9.172,
21.1875,9.164,
21.3125,9.156,
21.4375,9.149,
21.5625,9.143,
21.6875,9.138,
21.8125,9.135,
21.9375,9.133,63.145
22.0625,9.132,
22.1875,9.135,
22.3125,9.14,
22.4375,9.147,
22.5625,9.156,
22.6875,9.166,
22.8125,9.179,
22.9375,9.194,61.687
23.0625,9.215,
23.1875,9.242,
23.3125,9.276,
23.4375,9.314,
23.5625,9.354,
23.6875,9.394,
23.8125,9.429,67.965
23.9375,9.46,
24.0625,9.486,
24.1875,9.505,
24.3125,9.515,
24.4375,9.519,
24.5625,9.517,
24.6875,9.509,69.898
24.8125,9.499,
24.9375,9.488,
25.0625,9.475,
25.1875,9.459,
25.3125,9.441,
25.4375,9.421,
25.5625,9.4,68.343
25.6875,9.38,
25.8125,9.36,
25.9375,9.342,
26.0625,9.326,
26.1875,9.311,
26.3125,9.296,
26.4375,9.281,
26.5625,9.266,62.951
26.6875,9.252,
26.8125,9.239,
26.9375,9.227,
27.0625,9.214,
27.1875,9.203,
27.3125,9.192,
27.4375,9.181,64.742
27.5625,9.17,
27.6875,9.159,
27.8125,9.149,
27.9375,9.14,
28.0625,9.131,
28.1875,9.122,
28.3125,9.115,
28.4375,9.106,60.324
28.5625,9.098,
28.6875,9.09,
28.8125,9.083,
28.9375,9.075,
29.0625,9.068,
29.1875,9.061,
29.3125,9.054,
29.4375,9.047,
29.5625,9.04,
29.6875,9.033,
29.8125,9.027,
29.9375,9.021,
30.0625,9.014,
30.1875,9.008,
30.3125,9.003,
30.4375,8.997,
30.5625,8.99,
30.6875,8.984,
30.8125,8.978,
30.9375,8.972,
31.0625,8.966,
31.1875,8.96,
31.3125,8.955,
31.4375,8.949,
31.5625,8.943,
31.6875,8.937,
31.8125,8.931,
31.9375,8.926,
32.0625,8.921,
32.1875,8.915,
32.3125,8.91,
32.4375,8.904,
32.5625,8.898,60.832
32.6875,8.892,
32.8125,8.887,
32.9375,8.881,
33.0625,8.876,
33.1875,8.871,
33.3125,8.866,
33.4375,8.86,
33.5625,8.854,
33.6875,8.848,
33.8125,8.843,
33.9375,8.837,
34.0625,8.832,
34.1875,8.826,
34.3125,8.821,
34.4375,8.815,
34.5625,8.809,
34.6875,8.804,
34.8125,8.798,
34.9375,8.793,
35.0625,8.79,
35.1875,8.786,
35.3125,8.783,
35.4375,8.777,
35.5625,8.772,60.652
35.6875,8.768,
35.8125,8.764,
35.9375,8.76,
36.0625,8.757,
36.1875,8.755,
36.3125,8.754,
36.4375,8.754,65.571
36.5625,8.758,
36.6875,8.764,
36.8125,8.775,
36.9375,8.79,
37.0625,8.807,
37.1875,8.826,
37.3125,8.843,70.057
37.4375,8.86,
37.5625,8.874,
37.6875,8.886,
37.8125,8.895,
37.9375,8.902,
38.0625,8.904,
38.1875,8.903,72.667
38.3125,8.902,
38.4375,8.898,
38.5625,8.893,
38.6875,8.886,
38.8125,8.878,
38.9375,8.869,
39.0625,8.86,71.276
39.1875,8.85,
39.3125,8.84,
39.4375,8.83,
39.5625,8.82,
39.6875,8.811,
39.8125,8.802,
39.9375,8.793,68.648
40.0625,8.783,
40.1875,8.775,
40.3125,8.768,
40.4375,8.761,
40.5625,8.754,
40.6875,8.747,
40.8125,8.741,62.726
40.9375,8.734,
41.0625,8.728,
41.1875,8.723,
41.3125,8.718,
41.4375,8.713,
41.5625,8.708,
41.6875,8.703,
41.8125,8.698,62.566
41.9375,8.693,
42.0625,8.689,
42.1875,8.685,
42.3125,8.681,
42.4375,8.677,
42.5625,8.673,
42.6875,8.669,
42.8125,8.664,
42.9375,8.661,
43.0625,8.657,
43.1875,8.652,
43.3125,8.648,
43.4375,8.645,
43.5625,8.64,
43.6875,8.637,
43.8125,8.632,
43.9375,8.627,
44.0625,8.621,
44.1875,8.617,
44.3125,8.613,
44.4375,8.609,
44.5625,8.605,
44.6875,8.601,
44.8125,8.597,
44.9375,8.593,
45.0625,8.588,
45.1875,8.583,
45.3125,8.579,
45.4375,8.575,
45.5625,8.571,
45.6875,8.567,
45.8125,8.563,
45.9375,8.559,
46.0625,8.554,
46.1875,8.55,
46.3125,8.546,
46.4375,8.542,
46.5625,8.539,
46.6875,8.535,
46.8125,8.531,
46.9375,8.526,
47.0625,8.522,
47.1875,8.518,
47.3125,8.515,
47.4375,8.511,
47.5625,8.507,
47.6875,8.503,
47.8125,8.5,
47.9375,8.496,
48.0625,8.491,
48.1875,8.488,
48.3125,8.484,
48.4375,8.481,
48.5625,8.478,
48.6875,8.474,
48.8125,8.471,
48.9375,8.468,
49.0625,8.464,
49.1875,8.46,
49.3125,8.455,
49.4375,8.451,
49.5625,8.448,
49.6875,8.444,
49.8125,8.44,
49.9375,8.437,
50.0625,8.432,60
50.1875,8.429,
50.3125,8.425,
50.4375,8.421,
50.5625,8.418,
50.6875,8.414,
50.8125,8.411,
50.9375,8.407,
51.0625,8.403,
51.1875,8.399,
51.3125,8.395,
51.4375,8.391,
51.5625,8.387,
51.6875,8.384,
51.8125,8.38,
51.9375,8.377,
52.0625,8.373,
52.1875,8.368,
52.3125,8.365,
52.4375,8.361,
52.5625,8.358,
52.6875,8.355,
52.8125,8.352,
52.9375,8.348,
53.0625,8.345,
53.1875,8.342,62.029
53.3125,8.339,
53.4375,8.335,
53.5625,8.333,
53.6875,8.33,
53.8125,8.327,
53.9375,8.324,
54.0625,8.321,
54.1875,8.317,
54.3125,8.314,
54.4375,8.311,
54.5625,8.308,
54.6875,8.305,
54.8125,8.302,
54.9375,8.3,
55.0625,8.295,
55.1875,8.292,
55.3125,8.288,
55.4375,8.284,
55.5625,8.281,
55.6875,8.279,
55.8125,8.276,
55.9375,8.272,
56.0625,8.268,63.867
56.1875,8.265,
56.3125,8.261,
56.4375,8.257,
56.5625,8.255,
56.6875,8.252,
56.8125,8.249,
56.9375,8.245,
57.0625,8.241,60.622
57.1875,8.238,
57.3125,8.234,
57.4375,8.23,
57.5625,8.227,
57.6875,8.224,
57.8125,8.222,
57.9375,8.218,
58.0625,8.214,62.503
58.1875,8.211,
58.3125,8.207,
58.4375,8.205,
58.5625,8.202,
58.6875,8.199,
58.8125,8.197,
58.9375,8.193,62.123
59.0625,8.19,
59.1875,8.186,
59.3125,8.183,
59.4375,8.18,
59.5625,8.178,
59.6875,8.176,
59.8125,8.174,
59.9375,8.17,
60.0625,8.167,
60.1875,8.163,
60.3125,8.16,
60.4375,8.157,
60.5625,8.154,
60.6875,8.151,
60.8125,8.148,
60.9375,8.144,61.256
61.0625,8.141,
61.1875,8.137,
61.3125,8.134,
61.4375,8.131,
61.5625,8.128,
61.6875,8.126,
61.8125,8.123,
61.9375,8.119,65.571
62.0625,8.117,
62.1875,8.114,
62.3125,8.111,
62.4375,8.109,
62.5625,8.107,
62.6875,8.104,
62.8125,8.101,63.768
62.9375,8.098,
63.0625,8.095,
63.1875,8.092,
63.3125,8.089,
63.4375,8.086,
63.5625,8.084,
63.6875,8.08,
63.8125,8.076,65.501
63.9375,8.073,
64.0625,8.071,
64.1875,8.069,
64.3125,8.068,
64.4375,8.068,
64.5625,8.067,
64.6875,8.066,64.369
64.8125,8.065,
64.9375,8.064,
65.0625,8.064,
65.1875,8.064,
65.3125,8.064,
65.4375,8.063,
65.5625,8.061,68.61
65.6875,8.059,
65.8125,8.057,
65.9375,8.055,
66.0625,8.053,
66.1875,8.051,
66.3125,8.049,
66.4375,8.046,
66.5625,8.043,63.537
66.6875,8.04,
66.8125,8.036,
66.9375,8.033,
67.0625,8.03,
67.1875,8.028,
67.3125,8.026,
67.4375,8.022,63.537
67.5625,8.019,
67.6875,8.015,
67.8125,8.012,
67.9375,8.01,
68.0625,8.008,
68.1875,8.005,
68.3125,8.003,
68.4375,7.999,61.718
68.5625,7.996,
68.6875,7.993,
68.8125,7.99,
68.9375,7.988,
69.0625,7.985,
69.1875,7.982,
69.3125,7.98,
69.4375,7.977,
69.5625,7.974,
69.6875,7.971,
69.8125,7.967,
69.9375,7.965,
70.0625,7.962,
70.1875,7.96,
70.3125,7.957,
70.4375,7.953,61.043
70.5625,7.949,
70.6875,7.946,
70.8125,7.943,
70.9375,7.941,
71.0625,7.938,
71.1875,7.936,
71.3125,7.933,
71.4375,7.929,61.594
71.5625,7.926,
71.6875,7.923,
71.8125,7.92,
71.9375,7.917,
72.0625,7.914,
72.1875,7.912,
72.3125,7.909,
72.4375,7.905,
72.5625,7.902,
72.6875,7.898,
72.8125,7.896,
72.9375,7.893,
73.0625,7.891,
73.1875,7.888,
73.3125,7.885,
73.4375,7.882,61.935
73.5625,7.879,
73.6875,7.876,
73.8125,7.873,
73.9375,7.87,
74.0625,7.868,
74.1875,7.866,
74.3125,7.862,
74.4375,7.859,
74.5625,7.856,
74.6875,7.853,
74.8125,7.851,
74.9375,7.849,
75.0625,7.847,
75.1875,7.846,
75.3125,7.844,
75.4375,7.842,60.681
75.5625,7.839,
75.6875,7.837,
75.8125,7.834,
75.9375,7.832,
76.0625,7.83,
76.1875,7.829,
76.3125,7.826,
76.4375,7.823,
76.5625,7.82,
76.6875,7.817,
76.8125,7.815,
76.9375,7.812,
77.0625,7.81,
77.1875,7.807,
77.3125,7.804,
77.4375,7.801,
77.5625,7.798,
77.6875,7.795,
77.8125,7.793,
77.9375,7.79,
78.0625,7.788,
78.1875,7.786,
78.3125,7.784,
78.4375,7.781,63.308
78.5625,7.778,
78.6875,7.776,
78.8125,7.774,
78.9375,7.772,
79.0625,7.77,
79.1875,7.768,
79.3125,7.765,
79.4375,7.762,60.147
79.5625,7.759,
79.6875,7.757,
79.8125,7.754,
79.9375,7.752,
80.0625,7.751,
80.1875,7.749,
80.3125,7.746,
80.4375,7.744,60.652
80.5625,7.741,
80.6875,7.739,
80.8125,7.737,
80.9375,7.735,
81.0625,7.733,
81.1875,7.731,
81.3125,7.728,61.104
81.4375,7.725,
81.5625,7.723,
81.6875,7.721,
81.8125,7.718,
81.9375,7.716,
82.0625,7.714,
82.1875,7.712,
82.3125,7.709,
82.4375,7.706,
82.5625,7.703,
82.6875,7.701,
82.8125,7.699,
82.9375,7.697,
83.0625,7.695,
83.1875,7.693,
83.3125,7.69,63.668
83.4375,7.687,
83.5625,7.685,
83.6875,7.682,
83.8125,7.68,
83.9375,7.678,
84.0625,7.676,
84.1875,7.673,
84.3125,7.671,60.592
84.4375,7.668,
84.5625,7.666,
84.6875,7.664,
84.8125,7.662,
84.9375,7.66,
85.0625,7.659,
85.1875,7.655,
85.3125,7.653,60.952
85.4375,7.65,
85.5625,7.648,
85.6875,7.646,
85.8125,7.644,
85.9375,7.642,
86.0625,7.64,
86.1875,7.638,
86.3125,7.635,62.598
86.4375,7.634,
86.5625,7.633,
86.6875,7.633,
86.8125,7.634,
86.9375,7.635,
87.0625,7.636,
87.1875,7.636,
87.3125,7.638,
87.4375,7.638,
87.5625,7.638,
87.6875,7.638,
87.8125,7.638,
87.9375,7.637,
88.0625,7.636,
88.1875,7.634,61.195
88.3125,7.632,
88.4375,7.63,
88.5625,7.627,
88.6875,7.626,
88.8125,7.624,
88.9375,7.622,
89.0625,7.62,
89.1875,7.617,
89.3125,7.614,
89.4375,7.611,
89.5625,7.609,
89.6875,7.607,
89.8125,7.604,
89.9375,7.602,
90.0625,7.6,
90.1875,7.597,
90.3125,7.594,
90.4375,7.591,
90.5625,7.589,
90.6875,7.587,
90.8125,7.585,
90.9375,7.583,
91.0625,7.581,
91.1875,7.578,63.734
91.3125,7.575,
91.4375,7.573,
91.5625,7.571,
91.6875,7.569,
91.8125,7.567,
91.9375,7.564,
92.0625,7.562,
92.1875,7.559,61.317
92.3125,7.557,
92.4375,7.554,
92.5625,7.552,
92.6875,7.55,
92.8125,7.548,
92.9375,7.547,
93.0625,7.544,
93.1875,7.541,61.967
93.3125,7.539,
93.4375,7.537,
93.5625,7.535,
93.6875,7.533,
93.8125,7.531,
93.9375,7.529,
94.0625,7.526,63.406
94.1875,7.524,
94.3125,7.522,
94.4375,7.519,
94.5625,7.517,
94.6875,7.516,
94.8125,7.514,
94.9375,7.511,
95.0625,7.508,61.656
95.1875,7.506,
95.3125,7.504,
95.4375,7.501,
95.5625,7.499,
95.6875,7.497,
95.8125,7.495,
95.9375,7.493,
96.0625,7.491,64.369
96.1875,7.488,
96.3125,7.486,
96.4375,7.484,
96.5625,7.482,
96.6875,7.481,
96.8125,7.479,
96.9375,7.476,62.218
97.0625,7.474,
97.1875,7.471,
97.3125,7.469,
97.4375,7.467,
97.5625,7.465,
97.6875,7.464,
97.8125,7.462,
97.9375,7.46,60.413
98.0625,7.457,
98.1875,7.455,
98.3125,7.453,
98.4375,7.45,
98.5625,7.449,
98.6875,7.447,
98.8125,7.444,
98.9375,7.442,65.571
99.0625,7.44,
99.1875,7.438,
99.3125,7.437,
99.4375,7.435,
99.5625,7.433,
99.6875,7.431,
99.8125,7.429,63.08
99.9375,7.427,
100.0625,7.425,
100.1875,7.422,
100.3125,7.421,
100.4375,7.419,
100.5625,7.418,
100.6875,7.416,
100.8125,7.414,61.718
100.9375,7.412,
101.0625,7.409,
101.1875,7.407,
101.3125,7.405,
101.4375,7.404,
101.5625,7.402,
101.6875,7.399,
101.8125,7.397,62.63
101.9375,7.395,
102.0625,7.393,
102.1875,7.392,
102.3125,7.391,
102.4375,7.389,
102.5625,7.387,
102.6875,7.384,66.029
102.8125,7.382,
102.9375,7.38,
103.0625,7.378,
103.1875,7.376,
103.3125,7.374,
103.4375,7.372,
103.5625,7.371,
103.6875,7.369,61.256
103.8125,7.366,
103.9375,7.364,
104.0625,7.363,
104.1875,7.361,
104.3125,7.359,
104.4375,7.357,
104.5625,7.355,
104.6875,7.353,
104.8125,7.351,
104.9375,7.349,
105.0625,7.347,
105.1875,7.346,
105.3125,7.344,
105.4375,7.342,
105.5625,7.339,63.34
105.6875,7.338,
105.8125,7.336,
105.9375,7.336,
106.0625,7.336,
106.1875,7.336,
106.3125,7.338,
106.4375,7.339,
106.5625,7.34,61.226
106.6875,7.342,
106.8125,7.343,
106.9375,7.344,
107.0625,7.345,
107.1875,7.346,
107.3125,7.347,
107.4375,7.347,
107.5625,7.346,63.275
107.6875,7.345,
107.8125,7.343,
107.9375,7.342,
108.0625,7.341,
108.1875,7.339,
108.3125,7.337,
108.4375,7.335,
108.5625,7.333,60.802
108.6875,7.33,
108.8125,7.327,
108.9375,7.325,
109.0625,7.323,
109.1875,7.321,
109.3125,7.319,
109.4375,7.316,
109.5625,7.313,
109.6875,7.311,
109.8125,7.309,
109.9375,7.307,
110.0625,7.305,
110.1875,7.303,
110.3125,7.301,
110.4375,7.299,
110.5625,7.296,61.287
110.6875,7.295,
110.8125,7.293,
110.9375,7.29,
111.0625,7.288,
111.1875,7.286,
111.3125,7.285,
111.4375,7.283,
111.5625,7.281,
111.6875,7.279,
111.8125,7.277,
111.9375,7.275,
112.0625,7.273,
112.1875,7.271,
112.3125,7.27,
112.4375,7.268,
112.5625,7.266,
112.6875,7.264,
112.8125,7.262,
112.9375,7.26,
113.0625,7.258,
113.1875,7.257,
113.3125,7.257,
113.4375,7.256,
113.5625,7.255,
113.6875,7.256,
113.8125,7.258,
113.9375,7.262,
114.0625,7.269,
114.1875,7.276,
114.3125,7.285,
114.4375,7.295,
114.5625,7.303,
114.6875,7.311,
114.8125,7.318,
114.9375,7.323,
115.0625,7.328,
115.1875,7.331,
115.3125,7.333,
115.4375,7.334,
115.5625,7.333,
115.6875,7.332,
115.8125,7.331,
115.9375,7.329,
116.0625,7.327,
116.1875,7.326,
116.3125,7.325,
116.4375,7.324,
116.5625,7.323,63.015
116.6875,7.323,
116.8125,7.325,
116.9375,7.329,
117.0625,7.332,
117.1875,7.336,
117.3125,7.341,
117.4375,7.345,
117.5625,7.347,61.532
117.6875,7.35,
117.8125,7.35,
117.9375,7.351,
118.0625,7.352,
118.1875,7.352,
118.3125,7.35,
118.4375,7.349,
118.5625,7.347,64.403
118.6875,7.344,
118.8125,7.342,
118.9375,7.34,
119.0625,7.337,
119.1875,7.334,
119.3125,7.332,
119.4375,7.329,62.029
119.5625,7.325,
119.6875,7.322,
119.8125,7.319,
119.9375,7.316,
120.0625,7.314,
120.1875,7.311,
120.3125,7.309,
120.4375,7.305,
120.5625,7.302,
120.6875,7.3,
120.8125,7.296,
120.9375,7.293,
121.0625,7.291,
121.1875,7.288,
121.3125,7.286,
121.4375,7.282,
121.5625,7.28,61.013
121.6875,7.278,
121.8125,7.275,
121.9375,7.272,
122.0625,7.27,
122.1875,7.269,
122.3125,7.266,
122.4375,7.263,
122.5625,7.261,
122.6875,7.259,
122.8125,7.256,
122.9375,7.254,
123.0625,7.251,
123.1875,7.249,
123.3125,7.247,
123.4375,7.244,
123.5625,7.242,
123.6875,7.239,
123.8125,7.236,
123.9375,7.233,
124.0625,7.232,
124.1875,7.229,
124.3125,7.227,
124.4375,7.225,
124.5625,7.221,61.226
124.6875,7.219,
124.8125,7.217,
124.9375,7.214,
125.0625,7.213,
125.1875,7.212,
125.3125,7.211,
125.4375,7.21,
125.5625,7.209,
125.6875,7.207,
125.8125,7.205,
125.9375,7.204,
126.0625,7.202,
126.1875,7.201,
126.3125,7.2,
126.4375,7.198,
126.5625,7.196,
126.6875,7.193,
126.8125,7.191,
126.9375,7.189,
127.0625,7.188,
127.1875,7.186,
127.3125,7.184,
127.4375,7.182,
127.5625,7.18,
127.6875,7.177,
127.8125,7.175,
127.9375,7.172,
128.0625,7.17,
128.1875,7.168,
128.3125,7.166,
128.4375,7.164,
128.5625,7.161,
128.6875,7.159,
128.8125,7.156,
128.9375,7.154,
129.0625,7.152,
129.1875,7.15,
129.3125,7.148,
129.4375,7.146,
129.5625,7.144,62.249
129.6875,7.142,
129.8125,7.14,
129.9375,7.138,
130.0625,7.137,
130.1875,7.135,
130.3125,7.133,
130.4375,7.132,
130.5625,7.13,
130.6875,7.128,
130.8125,7.126,
130.9375,7.124,
131.0625,7.122,
131.1875,7.12,
131.3125,7.119,
131.4375,7.117,
131.5625,7.115,60.176
131.6875,7.113,
131.8125,7.111,
131.9375,7.11,
132.0625,7.109,
132.1875,7.107,
132.3125,7.105,
132.4375,7.104,
132.5625,7.102,60.892
132.6875,7.1,
132.8125,7.098,
132.9375,7.096,
133.0625,7.096,
133.1875,7.095,
133.3125,7.096,
133.4375,7.097,
133.5625,7.1,
133.6875,7.104,
133.8125,7.108,
133.9375,7.113,
134.0625,7.118,
134.1875,7.123,
134.3125,7.127,
134.4375,7.13,
134.5625,7.133,63.21
134.6875,7.134,
134.8125,7.135,
134.9375,7.137,
135.0625,7.139,
135.1875,7.144,
135.3125,7.15,
135.4375,7.158,
135.5625,7.167,61.165
135.6875,7.177,
135.8125,7.187,
135.9375,7.197,
136.0625,7.206,
136.1875,7.214,
136.3125,7.221,
136.4375,7.228,
136.5625,7.234,
136.6875,7.241,
136.8125,7.249,
136.9375,7.257,
137.0625,7.265,
137.1875,7.273,
137.3125,7.28,
137.4375,7.285,
137.5625,7.288,62.407
137.6875,7.289,
137.8125,7.289,
137.9375,7.288,
138.0625,7.286,
138.1875,7.283,
138.3125,7.279,
138.4375,7.274,
138.5625,7.269,
138.6875,7.264,
138.8125,7.259,
138.9375,7.253,
139.0625,7.249,
139.1875,7.243,
139.3125,7.239,
139.4375,7.234,
139.5625,7.229,
139.6875,7.225,
139.8125,7.22,
139.9375,7.216,
140.0625,7.213,
140.1875,7.21,
140.3125,7.207,
140.4375,7.204,
140.5625,7.202,60.622
140.6875,7.199,
140.8125,7.198,
140.9375,7.196,
141.0625,7.195,
141.1875,7.197,
141.3125,7.201,
141.4375,7.207,62.439
141.5625,7.215,
141.6875,7.229,
141.8125,7.246,
141.9375,7.267,
142.0625,7.29,
142.1875,7.313,
142.3125,7.334,
142.4375,7.352,60.892
142.5625,7.367,
142.6875,7.379,
142.8125,7.387,
142.9375,7.393,
143.0625,7.396,
143.1875,7.396,
143.3125,7.394,
143.4375,7.389,62.79
143.5625,7.383,
143.6875,7.376,
143.8125,7.369,
143.9375,7.361,
144.0625,7.353,
144.1875,7.346,
144.3125,7.339,
144.4375,7.335,61.718
144.5625,7.332,
144.6875,7.333,
144.8125,7.336,
144.9375,7.34,
145.0625,7.345,
145.1875,7.349,
145.3125,7.353,66.458
145.4375,7.357,
145.5625,7.36,
145.6875,7.363,
145.8125,7.367,
145.9375,7.372,
146.0625,7.381,
146.1875,7.399,64
146.3125,7.429,
146.4375,7.471,
146.5625,7.526,
146.6875,7.594,
146.8125,7.666,
146.9375,7.738,
147.0625,7.805,
147.1875,7.861,61.967
147.3125,7.906,
147.4375,7.939,
147.5625,7.964,
147.6875,7.979,
147.8125,7.985,
147.9375,7.984,
148.0625,7.977,
148.1875,7.964,61.749
148.3125,7.948,
148.4375,7.93,
148.5625,7.913,
148.6875,7.895,
148.8125,7.877,
148.9375,7.859,
149.0625,7.842,
149.1875,7.824,
149.3125,7.806,
149.4375,7.789,
149.5625,7.774,
149.6875,7.759,
149.8125,7.745,
149.9375,7.732,
150.0625,7.718,
150.1875,7.705,60.622
150.3125,7.692,
150.4375,7.681,
150.5625,7.67,
150.6875,7.659,
150.8125,7.649,
150.9375,7.64,
151.0625,7.632,
151.1875,7.623,
151.3125,7.616,
151.4375,7.608,
151.5625,7.601,
151.6875,7.594,
151.8125,7.587,
151.9375,7.58,
152.0625,7.573,
152.1875,7.566,60.235
152.3125,7.559,
152.4375,7.553,
152.5625,7.548,
152.6875,7.543,
152.8125,7.539,
152.9375,7.534,
153.0625,7.529,
153.1875,7.524,64.268
153.3125,7.519,
153.4375,7.515,
153.5625,7.51,
153.6875,7.506,
153.8125,7.503,
153.9375,7.5,
154.0625,7.497,62.886
154.1875,7.493,
154.3125,7.49,
154.4375,7.488,
154.5625,7.486,
154.6875,7.485,
154.8125,7.486,
154.9375,7.487,
155.0625,7.489,65.119
155.1875,7.491,
155.3125,7.493,
155.4375,7.495,
155.5625,7.498,
155.6875,7.5,
155.8125,7.502,
155.9375,7.505,63.834
156.0625,7.509,
156.1875,7.514,
156.3125,7.522,
156.4375,7.532,
156.5625,7.545,
156.6875,7.56,
156.8125,7.576,
156.9375,7.593,60.029
157.0625,7.609,
157.1875,7.624,
157.3125,7.636,
157.4375,7.645,
157.5625,7.651,
157.6875,7.655,
157.8125,7.657,
157.9375,7.655,61.687
158.0625,7.652,
158.1875,7.648,
158.3125,7.642,
158.4375,7.635,
158.5625,7.628,
158.6875,7.62,
158.8125,7.613,
158.9375,7.606,
159.0625,7.598,
159.1875,7.591,
159.3125,7.584,
159.4375,7.577,
159.5625,7.571,
159.6875,7.565,
159.8125,7.56,
159.9375,7.554,
160.0625,7.549,
160.1875,7.544,
160.3125,7.539,
160.4375,7.535,
160.5625,7.531,
160.6875,7.527,
160.8125,7.524,
160.9375,7.521,
161.0625,7.518,
161.1875,7.515,
161.3125,7.512,
161.4375,7.51,
161.5625,7.508,
161.6875,7.506,
161.8125,7.503,
161.9375,7.5,
162.0625,7.497,
162.1875,7.494,
162.3125,7.491,
162.4375,7.488,
162.5625,7.486,
162.6875,7.484,
162.8125,7.482,
162.9375,7.48,
163.0625,7.479,
163.1875,7.48,
163.3125,7.484,
163.4375,7.489,
163.5625,7.496,
163.6875,7.506,
163.8125,7.517,
163.9375,7.53,
164.0625,7.544,
164.1875,7.556,
164.3125,7.568,
164.4375,7.576,
164.5625,7.582,
164.6875,7.586,
164.8125,7.589,
164.9375,7.59,
165.0625,7.588,
165.1875,7.585,
165.3125,7.581,
165.4375,7.577,
165.5625,7.572,
165.6875,7.566,
165.8125,7.561,
165.9375,7.556,
166.0625,7.551,
166.1875,7.545,
166.3125,7.539,
166.4375,7.535,
166.5625,7.53,
166.6875,7.526,
166.8125,7.522,
166.9375,7.519,
167.0625,7.515,
167.1875,7.512,
167.3125,7.508,
167.4375,7.505,
167.5625,7.502,
167.6875,7.499,
167.8125,7.496,
167.9375,7.495,
168.0625,7.495,
168.1875,7.495,
168.3125,7.493,60.176
168.4375,7.49,
168.5625,7.488,
168.6875,7.486,
168.8125,7.483,
168.9375,7.48,
169.0625,7.478,
169.1875,7.476,
169.3125,7.473,
169.4375,7.471,
169.5625,7.469,
169.6875,7.467,
169.8125,7.465,
169.9375,7.463,
170.0625,7.461,
170.1875,7.46,
170.3125,7.457,
170.4375,7.455,
170.5625,7.453,
170.6875,7.451,
170.8125,7.449,
170.9375,7.447,
171.0625,7.445,
171.1875,7.444,
171.3125,7.442,63.768
171.4375,7.441,
171.5625,7.438,
171.6875,7.437,
171.8125,7.436,
171.9375,7.434,
172.0625,7.433,
172.1875,7.431,
172.3125,7.429,61.749
172.4375,7.428,
172.5625,7.426,
172.6875,7.425,
172.8125,7.424,
172.9375,7.422,
173.0625,7.421,
173.1875,7.42,
173.3125,7.418,61.317
173.4375,7.417,
173.5625,7.415,
173.6875,7.415,
173.8125,7.413,
173.9375,7.412,
174.0625,7.41,
174.1875,7.408,62.951
174.3125,7.407,
174.4375,7.406,
174.5625,7.404,
174.6875,7.403,
174.8125,7.403,
174.9375,7.402,
175.0625,7.402,
175.1875,7.4,60.147
175.3125,7.399,
175.4375,7.399,
175.5625,7.399,
175.6875,7.399,
175.8125,7.398,
175.9375,7.399,
176.0625,7.399,
176.1875,7.398,60.652
176.3125,7.398,
176.4375,7.397,
176.5625,7.396,
176.6875,7.396,
176.8125,7.396,
176.9375,7.395,
177.0625,7.395,
177.1875,7.393,
177.3125,7.392,
177.4375,7.391,
177.5625,7.389,
177.6875,7.388,
177.8125,7.387,
177.9375,7.386,
178.0625,7.385,
178.1875,7.383,
178.3125,7.382,
178.4375,7.38,
178.5625,7.38,
178.6875,7.379,
178.8125,7.378,
178.9375,7.377,
179.0625,7.376,
179.1875,7.376,
179.3125,7.375,
179.4375,7.374,
179.5625,7.373,
179.6875,7.372,
179.8125,7.372,
179.9375,7.372,
180.0625,7.372,
180.1875,7.373,
180.3125,7.372,
180.4375,7.372,
180.5625,7.372,
180.6875,7.372,
180.8125,7.371,
180.9375,7.371,
181.0625,7.37,
181.1875,7.369,
181.3125,7.368,
181.4375,7.368,
181.5625,7.366,
181.6875,7.365,
181.8125,7.364,
181.9375,7.364,
182.0625,7.363,
182.1875,7.363,
182.3125,7.362,62.854
182.4375,7.361,
182.5625,7.36,
182.6875,7.36,
182.8125,7.36,
182.9375,7.361,
183.0625,7.362,
183.1875,7.362,
183.3125,7.363,62.155
183.4375,7.363,
183.5625,7.364,
183.6875,7.365,
183.8125,7.366,
183.9375,7.366,
184.0625,7.366,
184.1875,7.365,
184.3125,7.364,62.123
184.4375,7.363,
184.5625,7.362,
184.6875,7.362,
184.8125,7.36,
184.9375,7.36,
185.0625,7.359,
185.1875,7.358,67.74
185.3125,7.357,
185.4375,7.356,
185.5625,7.355,
185.6875,7.355,
185.8125,7.354,
185.9375,7.353,
186.0625,7.353,63.308
186.1875,7.352,
186.3125,7.351,
186.4375,7.351,
186.5625,7.35,
186.6875,7.35,
186.8125,7.349,
186.9375,7.348,
187.0625,7.347,
187.1875,7.346,
187.3125,7.345,
187.4375,7.344,
187.5625,7.344,
187.6875,7.343,
187.8125,7.343,
187.9375,7.343,
188.0625,7.342,61.471
188.1875,7.341,
188.3125,7.34,
188.4375,7.339,
188.5625,7.339,
188.6875,7.338,
188.8125,7.338,
188.9375,7.338,
189.0625,7.337,
189.1875,7.337,
189.3125,7.337,
189.4375,7.336,
189.5625,7.336,
189.6875,7.335,
189.8125,7.335,
189.9375,7.335,
190.0625,7.334,
190.1875,7.334,
190.3125,7.333,
190.4375,7.332,
190.5625,7.331,
190.6875,7.331,
190.8125,7.331,
190.9375,7.331,
191.0625,7.33,
191.1875,7.329,
191.3125,7.329,
191.4375,7.329,
191.5625,7.328,
191.6875,7.327,
191.8125,7.327,
191.9375,7.326,
192.0625,7.326,
192.1875,7.324,
192.3125,7.324,
192.4375,7.323,
192.5625,7.322,
192.6875,7.321,
192.8125,7.321,
192.9375,7.32,
193.0625,7.32,
193.1875,7.319,
193.3125,7.318,
193.4375,7.317,
193.5625,7.317,
193.6875,7.316,
193.8125,7.315,
193.9375,7.314,
194.0625,7.314,
194.1875,7.313,
194.3125,7.312,
194.4375,7.311,
194.5625,7.311,
194.6875,7.31,
194.8125,7.309,
194.9375,7.309,
195.0625,7.309,
195.1875,7.309,
195.3125,7.308,60.681
195.4375,7.308,
195.5625,7.307,
195.6875,7.307,
195.8125,7.306,
195.9375,7.305,
196.0625,7.304,
196.1875,7.303,
196.3125,7.302,60.772
196.4375,7.301,
196.5625,7.3,
196.6875,7.299,
196.8125,7.299,
196.9375,7.298,
197.0625,7.297,
197.1875,7.296,
197.3125,7.294,
197.4375,7.293,
197.5625,7.292,
197.6875,7.291,
197.8125,7.291,
197.9375,7.29,
198.0625,7.289,
198.1875,7.288,
198.3125,7.287,61.195
198.4375,7.286,
198.5625,7.284,
198.6875,7.283,
198.8125,7.283,
198.9375,7.283,
199.0625,7.282,
199.1875,7.281,62.186
199.3125,7.28,
199.4375,7.279,
199.5625,7.278,
199.6875,7.278,
199.8125,7.277,
199.9375,7.276,
200.0625,7.276,
200.1875,7.274,
200.3125,7.273,
200.4375,7.273,
200.5625,7.272,
200.6875,7.272,
200.8125,7.27,
200.9375,7.269,
201.0625,7.268,
201.1875,7.267,61.165
201.3125,7.266,
201.4375,7.265,
201.5625,7.264,
201.6875,7.264,
201.8125,7.262,
201.9375,7.262,
202.0625,7.261,
202.1875,7.259,60.354
202.3125,7.259,
202.4375,7.258,
202.5625,7.257,
202.6875,7.256,
202.8125,7.255,
202.9375,7.254,
203.0625,7.253,
203.1875,7.252,
203.3125,7.252,
203.4375,7.25,
203.5625,7.249,
203.6875,7.249,
203.8125,7.248,
203.9375,7.247,
204.0625,7.246,
204.1875,7.244,63.701
204.3125,7.243,
204.4375,7.242,
204.5625,7.241,
204.6875,7.24,
204.8125,7.239,
204.9375,7.238,
205.0625,7.236,
205.1875,7.235,61.165
205.3125,7.234,
205.4375,7.233,
205.5625,7.232,
205.6875,7.231,
205.8125,7.23,
205.9375,7.229,
206.0625,7.227,61.687
206.1875,7.226,
206.3125,7.225,
206.4375,7.224,
206.5625,7.224,
206.6875,7.223,
206.8125,7.221,
206.9375,7.22,
207.0625,7.219,63.9
207.1875,7.217,
207.3125,7.216,
207.4375,7.215,
207.5625,7.214,
207.6875,7.213,
207.8125,7.212,
207.9375,7.211,
208.0625,7.209,61.165
208.1875,7.208,
208.3125,7.207,
208.4375,7.206,
208.5625,7.206,
208.6875,7.205,
208.8125,7.204,
208.9375,7.204,63.177
209.0625,7.202,
209.1875,7.201,
209.3125,7.201,
209.4375,7.2,
209.5625,7.199,
209.6875,7.198,
209.8125,7.197,
209.9375,7.196,62.407
210.0625,7.195,
210.1875,7.193,
210.3125,7.193,
210.4375,7.191,
210.5625,7.191,
210.6875,7.19,
210.8125,7.188,
210.9375,7.187,60.088
211.0625,7.185,
211.1875,7.184,
211.3125,7.183,
211.4375,7.182,
211.5625,7.181,
211.6875,7.18,
211.8125,7.179,
211.9375,7.177,63.08
212.0625,7.175,
212.1875,7.175,
212.3125,7.173,
212.4375,7.172,
212.5625,7.172,
212.6875,7.17,
212.8125,7.169,61.935
212.9375,7.167,
213.0625,7.166,
213.1875,7.164,
213.3125,7.164,
213.4375,7.163,
213.5625,7.162,
213.6875,7.16,
213.8125,7.159,
213.9375,7.158,
214.0625,7.157,
214.1875,7.155,
214.3125,7.154,
214.4375,7.153,
214.5625,7.151,
214.6875,7.15,
214.8125,7.149,64.301
214.9375,7.148,
215.0625,7.146,
215.1875,7.146,
215.3125,7.145,
215.4375,7.145,
215.5625,7.143,
215.6875,7.142,
215.8125,7.142,60.862
215.9375,7.14,
216.0625,7.139,
216.1875,7.139,
216.3125,7.137,
216.4375,7.137,
216.5625,7.136,
216.6875,7.134,
216.8125,7.133,
216.9375,7.131,
217.0625,7.13,
217.1875,7.129,
217.3125,7.128,
217.4375,7.127,
217.5625,7.126,
217.6875,7.124,
217.8125,7.122,60.952
217.9375,7.12,
218.0625,7.12,
218.1875,7.118,
218.3125,7.118,
218.4375,7.117,
218.5625,7.115,
218.6875,7.114,
218.8125,7.112,
218.9375,7.11,
219.0625,7.108,
219.1875,7.107,
219.3125,7.105,
219.4375,7.104,
219.5625,7.103,
219.6875,7.101,
219.8125,7.099,
219.9375,7.098,
220.0625,7.097,
220.1875,7.095,
220.3125,7.094,
220.4375,7.093,
220.5625,7.091,
220.6875,7.09,
220.8125,7.088,
220.9375,7.087,
221.0625,7.085,
221.1875,7.084,
221.3125,7.083,
221.4375,7.082,
221.5625,7.08,
221.6875,7.079,
221.8125,7.077,60.265
221.9375,7.075,
222.0625,7.074,
222.1875,7.072,
222.3125,7.071,
222.4375,7.069,
222.5625,7.069,
222.6875,7.067,
222.8125,7.066,60.772
222.9375,7.064,
223.0625,7.063,
223.1875,7.063,
223.3125,7.063,
223.4375,7.064,
223.5625,7.067,
223.6875,7.072,66.819
223.8125,7.081,
223.9375,7.092,
224.0625,7.107,
224.1875,7.124,
224.3125,7.142,
224.4375,7.16,
224.5625,7.176,
224.6875,7.19,65.994
224.8125,7.2,
224.9375,7.21,
225.0625,7.218,
225.1875,7.224,
225.3125,7.227,
225.4375,7.228,
225.5625,7.227,63.834
225.6875,7.225,
225.8125,7.222,
225.9375,7.219,
226.0625,7.216,
226.1875,7.212,
226.3125,7.208,
226.4375,7.204,66.314
226.5625,7.2,
226.6875,7.196,
226.8125,7.193,
226.9375,7.189,
227.0625,7.186,
227.1875,7.183,
227.3125,7.18,
227.4375,7.177,62.694
227.5625,7.174,
227.6875,7.172,
227.8125,7.169,
227.9375,7.167,
228.0625,7.164,
228.1875,7.163,
228.3125,7.161,
228.4375,7.158,62.886
228.5625,7.156,
228.6875,7.154,
228.8125,7.152,
228.9375,7.15,
229.0625,7.149,
229.1875,7.147,
229.3125,7.144,
229.4375,7.142,60.622
229.5625,7.14,
229.6875,7.138,
229.8125,7.136,
229.9375,7.134,
230.0625,7.132,
230.1875,7.13,
230.3125,7.127,60.832
230.4375,7.125,
230.5625,7.123,
230.6875,7.121,
230.8125,7.118,
230.9375,7.116,
231.0625,7.114,
231.1875,7.112,
231.3125,7.11,63.015
231.4375,7.108,
231.5625,7.106,
231.6875,7.104,
231.8125,7.102,
231.9375,7.1,
232.0625,7.099,
232.1875,7.097,
232.3125,7.095,60.324
232.4375,7.093,
232.5625,7.091,
232.6875,7.089,
232.8125,7.087,
232.9375,7.085,
233.0625,7.083,
233.1875,7.081,
233.3125,7.078,62.503
233.4375,7.076,
233.5625,7.074,
233.6875,7.072,
233.8125,7.071,
233.9375,7.069,
234.0625,7.067,
234.1875,7.065,
234.3125,7.063,60.652
234.4375,7.061,
234.5625,7.059,
234.6875,7.057,
234.8125,7.056,
234.9375,7.054,
235.0625,7.052,
235.1875,7.05,
235.3125,7.048,
235.4375,7.046,
235.5625,7.044,
235.6875,7.042,
235.8125,7.041,
235.9375,7.039,
236.0625,7.038,
236.1875,7.035,
236.3125,7.034,61.043
236.4375,7.032,
236.5625,7.03,
236.6875,7.028,
236.8125,7.026,
236.9375,7.025,
237.0625,7.023,
237.1875,7.021,
237.3125,7.019,
237.4375,7.017,
237.5625,7.015,
237.6875,7.014,
237.8125,7.012,
237.9375,7.01,
238.0625,7.009,
238.1875,7.007,
238.3125,7.005,
238.4375,7.004,
238.5625,7.002,
238.6875,7,
238.8125,6.999,
238.9375,6.996,
239.0625,6.996,
239.1875,6.994,
239.3125,6.992,61.625
239.4375,6.99,
239.5625,6.988,
239.6875,6.987,
239.8125,6.985,
239.9375,6.984,
240.0625,6.982,
240.1875,6.98,
240.3125,6.978,
240.4375,6.976,
240.5625,6.974,
240.6875,6.973,
240.8125,6.971,
240.9375,6.97,
241.0625,6.969,
241.1875,6.966,63.21
241.3125,6.965,
241.4375,6.963,
241.5625,6.961,
241.6875,6.96,
241.8125,6.959,
241.9375,6.958,
242.0625,6.957,
242.1875,6.956,60.922
242.3125,6.957,
242.4375,6.956,
242.5625,6.957,
242.6875,6.957,
242.8125,6.957,
242.9375,6.957,
243.0625,6.956,
243.1875,6.955,
243.3125,6.955,
243.4375,6.953,
243.5625,6.952,
243.6875,6.95,
243.8125,6.949,
243.9375,6.948,
244.0625,6.946,
244.1875,6.944,63.308
244.3125,6.942,
244.4375,6.941,
244.5625,6.94,
244.6875,6.938,
244.8125,6.937,
244.9375,6.935,
245.0625,6.933,
245.1875,6.932,60.711
245.3125,6.93,
245.4375,6.928,
245.5625,6.927,
245.6875,6.925,
245.8125,6.924,
245.9375,6.922,
246.0625,6.92,62.983
246.1875,6.918,
246.3125,6.917,
246.4375,6.915,
246.5625,6.914,
246.6875,6.912,
246.8125,6.91,
246.9375,6.908,
247.0625,6.906,62.186
247.1875,6.905,
247.3125,6.903,
247.4375,6.901,
247.5625,6.899,
247.6875,6.897,
247.8125,6.897,
247.9375,6.894,
248.0625,6.893,61.256
248.1875,6.891,
248.3125,6.89,
248.4375,6.888,
248.5625,6.886,
248.6875,6.884,
248.8125,6.882,
248.9375,6.88,66.278
249.0625,6.879,
249.1875,6.878,
249.3125,6.877,
249.4375,6.877,
249.5625,6.877,
249.6875,6.88,
249.8125,6.882,
249.9375,6.885,63.57
250.0625,6.888,
250.1875,6.892,
250.3125,6.896,
250.4375,6.899,
250.5625,6.902,
250.6875,6.904,
250.8125,6.905,63.933
250.9375,6.905,
251.0625,6.906,
251.1875,6.905,
251.3125,6.904,
251.4375,6.904,
251.5625,6.902,
251.6875,6.9,
251.8125,6.898,64.301
251.9375,6.896,
252.0625,6.894,
252.1875,6.892,
252.3125,6.89,
252.4375,6.888,
252.5625,6.886,
252.6875,6.884,
252.8125,6.883,60.772
252.9375,6.881,
253.0625,6.879,
253.1875,6.878,
253.3125,6.876,
253.4375,6.874,
253.5625,6.873,
253.6875,6.872,62.951
253.8125,6.87,
253.9375,6.868,
254.0625,6.866,
254.1875,6.865,
254.3125,6.863,
254.4375,6.862,
254.5625,6.86,
254.6875,6.858,
254.8125,6.857,
254.9375,6.855,
255.0625,6.853,
255.1875,6.85,
255.3125,6.849,
255.4375,6.847,
255.5625,6.845,
255.6875,6.844,
255.8125,6.842,
255.9375,6.841,
256.0625,6.84,
256.1875,6.838,
256.3125,6.837,
256.4375,6.835,
256.5625,6.834,
256.6875,6.831,60.502
256.8125,6.83,
256.9375,6.828,
257.0625,6.827,
257.1875,6.826,
257.3125,6.824,
257.4375,6.822,
257.5625,6.822,
257.6875,6.821,
257.8125,6.819,
257.9375,6.818,
258.0625,6.816,
258.1875,6.814,
258.3125,6.813,
258.4375,6.811,
258.5625,6.81,
258.6875,6.808,61.811
258.8125,6.807,
258.9375,6.806,
259.0625,6.804,
259.1875,6.803,
259.3125,6.801,
259.4375,6.801,
259.5625,6.799,
259.6875,6.797,
259.8125,6.795,
259.9375,6.793,
260.0625,6.792,
260.1875,6.791,
260.3125,6.79,
260.4375,6.788,
260.5625,6.787,
260.6875,6.785,
260.8125,6.783,
260.9375,6.781,
261.0625,6.78,
261.1875,6.779,
261.3125,6.777,
261.4375,6.776,
261.5625,6.774,
261.6875,6.773,
261.8125,6.77,61.409
261.9375,6.769,
262.0625,6.767,
262.1875,6.766,
262.3125,6.764,
262.4375,6.762,
262.5625,6.761,
262.6875,6.759,
262.8125,6.758,
262.9375,6.756,
263.0625,6.754,
263.1875,6.753,
263.3125,6.752,
263.4375,6.75,
263.5625,6.749,
263.6875,6.747,61.471
263.8125,6.745,
263.9375,6.744,
264.0625,6.742,
264.1875,6.74,
264.3125,6.739,
264.4375,6.737,
264.5625,6.736,
264.6875,6.734,62.63
264.8125,6.733,
264.9375,6.731,
265.0625,6.73,
265.1875,6.728,
265.3125,6.727,
265.4375,6.726,
265.5625,6.724,
265.6875,6.722,60.862
265.8125,6.719,
265.9375,6.718,
266.0625,6.716,
266.1875,6.715,
266.3125,6.713,
266.4375,6.711,
266.5625,6.709,65.466
266.6875,6.708,
266.8125,6.706,
266.9375,6.705,
267.0625,6.703,
267.1875,6.702,
267.3125,6.701,
267.4375,6.7,
267.5625,6.698,64
267.6875,6.698,
267.8125,6.696,
267.9375,6.695,
268.0625,6.694,
268.1875,6.693,
268.3125,6.692,
268.4375,6.691,63.834
268.5625,6.689,
268.6875,6.688,
268.8125,6.687,
268.9375,6.686,
269.0625,6.685,
269.1875,6.684,
269.3125,6.683,
269.4375,6.681,65.085
269.5625,6.68,
269.6875,6.678,
269.8125,6.676,
269.9375,6.676,
270.0625,6.674,
270.1875,6.673,
270.3125,6.671,61.594
270.4375,6.67,
270.5625,6.669,
270.6875,6.667,
270.8125,6.666,
270.9375,6.665,
271.0625,6.664,
271.1875,6.664,
271.3125,6.662,63.145
271.4375,6.66,
271.5625,6.658,
271.6875,6.657,
271.8125,6.655,
271.9375,6.654,
272.0625,6.653,
272.1875,6.651,
272.3125,6.65,62.662
272.4375,6.648,
272.5625,6.647,
272.6875,6.645,
272.8125,6.644,
272.9375,6.643,
273.0625,6.641,
273.1875,6.64,
273.3125,6.639,
273.4375,6.637,
273.5625,6.636,
273.6875,6.635,
273.8125,6.634,
273.9375,6.633,
274.0625,6.631,
274.1875,6.63,62.983
274.3125,6.629,
274.4375,6.628,
274.5625,6.626,
274.6875,6.625,
274.8125,6.624,
274.9375,6.623,
275.0625,6.622,
275.1875,6.622,60.265
275.3125,6.621,
275.4375,6.62,
275.5625,6.618,
275.6875,6.617,
275.8125,6.617,
275.9375,6.616,
276.0625,6.615,
276.1875,6.615,
276.3125,6.614,
276.4375,6.613,
276.5625,6.612,
276.6875,6.61,
276.8125,6.608,
276.9375,6.607,
277.0625,6.606,
277.1875,6.605,62.726
277.3125,6.603,
277.4375,6.602,
277.5625,6.6,
277.6875,6.6,
277.8125,6.598,
277.9375,6.597,
278.0625,6.596,
278.1875,6.595,60.413
278.3125,6.593,
278.4375,6.592,
278.5625,6.59,
278.6875,6.589,
278.8125,6.588,
278.9375,6.588,
279.0625,6.586,
279.1875,6.585,60.088
279.3125,6.584,
279.4375,6.583,
279.5625,6.582,
279.6875,6.581,
279.8125,6.58,
279.9375,6.579,
280.0625,6.578,
280.1875,6.577,64
280.3125,6.576,
280.4375,6.575,
280.5625,6.574,
280.6875,6.573,
280.8125,6.573,
280.9375,6.572,
281.0625,6.571,
281.1875,6.57,60.832
281.3125,6.569,
281.4375,6.568,
281.5625,6.567,
281.6875,6.565,
281.8125,6.565,
281.9375,6.564,
282.0625,6.562,60.354
282.1875,6.561,
282.3125,6.559,
282.4375,6.558,
282.5625,6.557,
282.6875,6.555,
282.8125,6.554,
282.9375,6.553,
283.0625,6.552,60.059
283.1875,6.552,
283.3125,6.55,
283.4375,6.549,
283.5625,6.548,
283.6875,6.547,
283.8125,6.546,
283.9375,6.545,
284.0625,6.544,
284.1875,6.542,
284.3125,6.541,
284.4375,6.541,
284.5625,6.54,
284.6875,6.539,
284.8125,6.537,
284.9375,6.536,
285.0625,6.535,
285.1875,6.534,60.235
285.3125,6.533,
285.4375,6.531,
285.5625,6.53,
285.6875,6.529,
285.8125,6.528,
285.9375,6.527,
286.0625,6.526,
286.1875,6.525,61.718
286.3125,6.524,
286.4375,6.523,
286.5625,6.523,
286.6875,6.522,
286.8125,6.52,
286.9375,6.519,
287.0625,6.517,
287.1875,6.516,
287.3125,6.515,
287.4375,6.513,
287.5625,6.513,
287.6875,6.511,
287.8125,6.51,
287.9375,6.509,
288.0625,6.508,
288.1875,6.508,
288.3125,6.507,
288.4375,6.506,
288.5625,6.505,
288.6875,6.503,
288.8125,6.502,
288.9375,6.502,
289.0625,6.501,
289.1875,6.5,60.652
289.3125,6.499,
289.4375,6.498,
289.5625,6.497,
289.6875,6.496,
289.8125,6.495,
289.9375,6.493,
290.0625,6.493,
290.1875,6.491,60.117
290.3125,6.49,
290.4375,6.489,
290.5625,6.488,
290.6875,6.487,
290.8125,6.485,
290.9375,6.484,
291.0625,6.483,
291.1875,6.483,60.562
291.3125,6.482,
291.4375,6.482,
291.5625,6.482,
291.6875,6.482,
291.8125,6.484,
291.9375,6.486,
292.0625,6.492,66.746
292.1875,6.498,
292.3125,6.508,
292.4375,6.519,
292.5625,6.533,
292.6875,6.547,
292.8125,6.562,
292.9375,6.575,65.188
293.0625,6.588,
293.1875,6.6,
293.3125,6.609,
293.4375,6.617,
293.5625,6.623,
293.6875,6.627,
293.8125,6.629,
293.9375,6.63,64.81
294.0625,6.63,
294.1875,6.628,
294.3125,6.626,
294.4375,6.623,
294.5625,6.621,
294.6875,6.618,
294.8125,6.614,64.674
294.9375,6.611,
295.0625,6.608,
295.1875,6.605,
295.3125,6.601,
295.4375,6.598,
295.5625,6.596,
295.6875,6.594,
295.8125,6.591,
295.9375,6.587,
296.0625,6.585,
296.1875,6.583,
296.3125,6.581,
296.4375,6.579,
296.5625,6.577,
296.6875,6.575,
296.8125,6.573,
296.9375,6.572,
297.0625,6.569,
297.1875,6.568,
297.3125,6.565,
297.4375,6.564,
297.5625,6.562,
297.6875,6.56,
297.8125,6.559,
297.9375,6.557,
298.0625,6.556,
298.1875,6.555,
298.3125,6.553,
298.4375,6.552,
298.5625,6.552,
298.6875,6.554,
298.8125,6.557,61.718
298.9375,6.562,
299.0625,6.57,
299.1875,6.58,
299.3125,6.592,
299.4375,6.605,
299.5625,6.618,
299.6875,6.63,
299.8125,6.641,
299.9375,6.65,
300.0625,6.658,
300.1875,6.664,
300.3125,6.668,
300.4375,6.669,
300.5625,6.668,
300.6875,6.666,
300.8125,6.663,63.471
300.9375,6.661,
301.0625,6.656,
301.1875,6.651,
301.3125,6.647,
301.4375,6.643,
301.5625,6.64,
301.6875,6.636,
301.8125,6.634,61.842
301.9375,6.632,
302.0625,6.631,
302.1875,6.63,
302.3125,6.629,
302.4375,6.628,
302.5625,6.626,
302.6875,6.624,61.842
302.8125,6.623,
302.9375,6.62,
303.0625,6.618,
303.1875,6.616,
303.3125,6.614,
303.4375,6.612,
303.5625,6.61,
303.6875,6.609,62.281
303.8125,6.607,
303.9375,6.605,
304.0625,6.602,
304.1875,6.601,
304.3125,6.599,
304.4375,6.598,
304.5625,6.596,
304.6875,6.594,
304.8125,6.593,
304.9375,6.591,
305.0625,6.59,
305.1875,6.589,
305.3125,6.587,
305.4375,6.586,
305.5625,6.584,
305.6875,6.583,61.013
305.8125,6.581,
305.9375,6.58,
306.0625,6.578,
306.1875,6.577,
306.3125,6.575,
306.4375,6.573,
306.5625,6.572,
306.6875,6.57,
306.8125,6.569,
306.9375,6.567,
307.0625,6.566,
307.1875,6.564,
307.3125,6.563,
307.4375,6.562,
307.5625,6.561,
307.6875,6.559,61.348
307.8125,6.558,
307.9375,6.557,
308.0625,6.555,
308.1875,6.555,
308.3125,6.554,
308.4375,6.553,
308.5625,6.551,
308.6875,6.55,
308.8125,6.548,
308.9375,6.546,
309.0625,6.544,
309.1875,6.543,
309.3125,6.541,
309.4375,6.54,
309.5625,6.538,
309.6875,6.536,
309.8125,6.534,
309.9375,6.533,
310.0625,6.531,
310.1875,6.53,
310.3125,6.528,
310.4375,6.527,
310.5625,6.525,
310.6875,6.524,60.711
310.8125,6.523,
310.9375,6.521,
311.0625,6.52,
311.1875,6.518,
311.3125,6.517,
311.4375,6.516,
311.5625,6.514,
311.6875,6.513,
311.8125,6.511,
311.9375,6.51,
312.0625,6.509,
312.1875,6.508,
312.3125,6.506,
312.4375,6.505,
312.5625,6.503,
312.6875,6.501,60.265
312.8125,6.5,
312.9375,6.499,
313.0625,6.497,
313.1875,6.496,
313.3125,6.495,
313.4375,6.494,
313.5625,6.493,
313.6875,6.492,60.772
313.8125,6.491,
313.9375,6.491,
314.0625,6.491,
314.1875,6.491,
314.3125,6.49,
314.4375,6.491,
314.5625,6.49,
314.6875,6.489,60.265
314.8125,6.488,
314.9375,6.488,
315.0625,6.487,
315.1875,6.485,
315.3125,6.484,
315.4375,6.483,
315.5625,6.482,64.538
315.6875,6.481,
315.8125,6.48,
315.9375,6.479,
316.0625,6.477,
316.1875,6.477,
316.3125,6.475,
316.4375,6.474,
316.5625,6.473,63.635
316.6875,6.471,
316.8125,6.47,
316.9375,6.468,
317.0625,6.467,
317.1875,6.466,
317.3125,6.466,
317.4375,6.464,
317.5625,6.463,
317.6875,6.462,
317.8125,6.461,
317.9375,6.46,
318.0625,6.459,
318.1875,6.459,
318.3125,6.46,
318.4375,6.461,65.641
318.5625,6.465,
318.6875,6.472,
318.8125,6.48,
318.9375,6.493,
319.0625,6.507,
319.1875,6.524,
319.3125,6.543,69.818
319.4375,6.563,
319.5625,6.584,
319.6875,6.607,
319.8125,6.632,
319.9375,6.656,
320.0625,6.68,
320.1875,6.703,
320.3125,6.726,63.015
320.4375,6.747,
320.5625,6.762,
320.6875,6.772,
320.8125,6.779,
320.9375,6.783,
321.0625,6.785,
321.1875,6.785,
321.3125,6.782,60.294
321.4375,6.778,
321.5625,6.774,
321.6875,6.768,
321.8125,6.761,
321.9375,6.755,
322.0625,6.749,
322.1875,6.743,
322.3125,6.737,61.842
322.4375,6.733,
322.5625,6.728,
322.6875,6.723,
322.8125,6.719,
322.9375,6.716,
323.0625,6.712,
323.1875,6.708,
323.3125,6.706,60
323.4375,6.703,
323.5625,6.701,
323.6875,6.7,
323.8125,6.699,
323.9375,6.698,
324.0625,6.698,
324.1875,6.697,
324.3125,6.696,
324.4375,6.695,
324.5625,6.694,
324.6875,6.692,
324.8125,6.692,
324.9375,6.69,
325.0625,6.689,
325.1875,6.688,
325.3125,6.686,
325.4375,6.684,
325.5625,6.683,
325.6875,6.681,
325.8125,6.678,
325.9375,6.677,
326.0625,6.674,
326.1875,6.672,
326.3125,6.67,
326.4375,6.668,
326.5625,6.665,
326.6875,6.663,
326.8125,6.662,
326.9375,6.66,
327.0625,6.659,
327.1875,6.659,
327.3125,6.658,
327.4375,6.655,
327.5625,6.653,
327.6875,6.65,
327.8125,6.649,
327.9375,6.647,
328.0625,6.646,
328.1875,6.644,
328.3125,6.642,61.165
328.4375,6.641,
328.5625,6.639,
328.6875,6.637,
328.8125,6.635,
328.9375,6.634,
329.0625,6.632,
329.1875,6.63,
329.3125,6.628,
329.4375,6.627,
329.5625,6.625,
329.6875,6.623,
329.8125,6.622,
329.9375,6.621,
330.0625,6.62,
330.1875,6.618,
330.3125,6.617,
330.4375,6.615,
330.5625,6.613,
330.6875,6.611,
330.8125,6.609,
330.9375,6.608,
331.0625,6.607,
331.1875,6.605,
331.3125,6.603,63.57
331.4375,6.602,
331.5625,6.6,
331.6875,6.599,
331.8125,6.598,
331.9375,6.597,
332.0625,6.595,
332.1875,6.596,
332.3125,6.597,61.104
332.4375,6.598,
332.5625,6.599,
332.6875,6.601,
332.8125,6.602,
332.9375,6.604,
333.0625,6.605,
333.1875,6.605,
333.3125,6.606,
333.4375,6.605,
333.5625,6.605,
333.6875,6.604,
333.8125,6.603,
333.9375,6.602,
334.0625,6.601,
334.1875,6.599,
334.3125,6.599,61.502
334.4375,6.596,
334.5625,6.595,
334.6875,6.593,
334.8125,6.592,
334.9375,6.591,
335.0625,6.59,
335.1875,6.588,61.195
335.3125,6.587,
335.4375,6.586,
335.5625,6.585,
335.6875,6.583,
335.8125,6.582,
335.9375,6.581,
336.0625,6.58,
336.1875,6.578,
336.3125,6.577,
336.4375,6.576,
336.5625,6.575,
336.6875,6.574,
336.8125,6.572,
336.9375,6.571,
337.0625,6.57,
337.1875,6.569,
337.3125,6.568,
337.4375,6.567,
337.5625,6.565,
337.6875,6.564,
337.8125,6.563,
337.9375,6.562,
338.0625,6.561,
338.1875,6.56,
338.3125,6.559,
338.4375,6.558,
338.5625,6.556,
338.6875,6.555,
338.8125,6.554,
338.9375,6.553,
339.0625,6.552,
339.1875,6.551,
339.3125,6.549,
339.4375,6.548,
339.5625,6.546,
339.6875,6.545,
339.8125,6.544,
339.9375,6.544,
340.0625,6.543,
340.1875,6.542,
340.3125,6.541,
340.4375,6.54,
340.5625,6.538,
340.6875,6.538,
340.8125,6.537,
340.9375,6.536,
341.0625,6.535,
341.1875,6.534,
341.3125,6.534,
341.4375,6.533,
341.5625,6.532,
341.6875,6.531,
341.8125,6.53,
341.9375,6.53,
342.0625,6.529,
342.1875,6.528,
342.3125,6.527,
342.4375,6.526,
342.5625,6.524,
342.6875,6.522,
342.8125,6.521,
342.9375,6.52,
343.0625,6.519,
343.1875,6.519,
343.3125,6.518,
343.4375,6.517,63.406
343.5625,6.516,
343.6875,6.516,
343.8125,6.515,
343.9375,6.514,
344.0625,6.514,
344.1875,6.513,
344.3125,6.512,61.967
344.4375,6.51,
344.5625,6.509,
344.6875,6.509,
344.8125,6.508,
344.9375,6.508,
345.0625,6.508,
345.1875,6.507,
345.3125,6.506,64.234
345.4375,6.506,
345.5625,6.506,
345.6875,6.507,
345.8125,6.509,
345.9375,6.513,
346.0625,6.52,
346.1875,6.53,63.967
346.3125,6.543,
346.4375,6.559,
346.5625,6.577,
346.6875,6.597,
346.8125,6.619,
346.9375,6.639,
347.0625,6.656,
347.1875,6.671,60.802
347.3125,6.683,
347.4375,6.692,
347.5625,6.7,
347.6875,6.707,
347.8125,6.714,
347.9375,6.719,
348.0625,6.724,
348.1875,6.727,60.413
348.3125,6.729,
348.4375,6.731,
348.5625,6.732,
348.6875,6.732,
348.8125,6.732,
348.9375,6.731,
349.0625,6.729,67.89
349.1875,6.728,
349.3125,6.728,
349.4375,6.729,
349.5625,6.732,
349.6875,6.737,
349.8125,6.743,
349.9375,6.751,
350.0625,6.759,63.57
350.1875,6.769,
350.3125,6.778,
350.4375,6.784,
350.5625,6.789,
350.6875,6.792,
350.8125,6.794,
350.9375,6.794,62.566
351.0625,6.793,
351.1875,6.791,
351.3125,6.789,
351.4375,6.787,
351.5625,6.785,
351.6875,6.783,
351.8125,6.785,
351.9375,6.794,61.532
352.0625,6.812,
352.1875,6.85,
352.3125,6.914,
352.4375,7.013,
