0.1875,8.721,
0.3125,8.735,
0.4375,8.752,
0.5625,8.77,
0.6875,8.789,
0.8125,8.81,
0.9375,8.84,
1.0625,8.878,
1.1875,8.921,
1.3125,8.968,
1.4375,9.012,
1.5625,9.047,
1.6875,9.068,
1.8125,9.074,61.873
1.9375,9.066,
2.0625,9.046,
2.1875,9.017,
2.3125,8.976,
2.4375,8.929,
2.5625,8.876,
2.6875,8.817,
2.8125,8.756,61.967
2.9375,8.697,
3.0625,8.642,
3.1875,8.591,
3.3125,8.547,
3.4375,8.507,
3.5625,8.469,
3.6875,8.434,67.074
3.8125,8.403,
3.9375,8.373,
4.0625,8.346,
4.1875,8.325,
4.3125,8.309,
4.4375,8.3,
4.5625,8.303,63.08
4.6875,8.317,
4.8125,8.339,
4.9375,8.363,
5.0625,8.387,
5.1875,8.406,
5.3125,8.42,
5.4375,8.424,
5.5625,8.42,64.268
5.6875,8.41,
5.8125,8.393,
5.9375,8.372,
6.0625,8.348,
6.1875,8.324,
6.3125,8.296,
6.4375,8.268,71.194
6.5625,8.243,
6.6875,8.221,
6.8125,8.203,
6.9375,8.19,
7.0625,8.182,
7.1875,8.177,
7.3125,8.177,67.965
7.4375,8.184,
7.5625,8.193,
7.6875,8.203,
7.8125,8.212,
7.9375,8.22,
8.0625,8.222,
8.1875,8.218,62.218
8.3125,8.211,
8.4375,8.202,
8.5625,8.19,
8.6875,8.177,
8.8125,8.163,
8.9375,8.15,
9.0625,8.136,
9.1875,8.122,63.967
9.3125,8.108,
9.4375,8.095,
9.5625,8.082,
9.6875,8.07,
9.8125,8.06,
9.9375,8.05,
10.0625,8.039,
10.1875,8.027,61.811
10.3125,8.017,
10.4375,8.007,
10.5625,7.998,
10.6875,7.989,
10.8125,7.98,
10.9375,7.972,
11.0625,7.962,
11.1875,7.951,61.256
11.3125,7.942,
11.4375,7.932,
11.5625,7.923,
11.6875,7.915,
11.8125,7.907,
11.9375,7.899,
12.0625,7.89,
12.1875,7.879,
12.3125,7.869,
12.4375,7.858,
12.5625,7.848,
12.6875,7.839,
12.8125,7.83,
12.9375,7.822,
13.0625,7.813,
13.1875,7.802,
13.3125,7.792,
13.4375,7.781,
13.5625,7.771,
13.6875,7.762,
13.8125,7.754,
13.9375,7.747,
14.0625,7.741,
14.1875,7.731,
14.3125,7.722,
14.4375,7.713,
14.5625,7.704,
14.6875,7.695,
14.8125,7.688,
14.9375,7.682,
15.0625,7.675,
15.1875,7.669,
15.3125,7.66,
15.4375,7.65,
15.5625,7.641,
15.6875,7.632,
15.8125,7.625,
15.9375,7.617,
16.0625,7.611,
16.1875,7.605,
16.3125,7.595,
16.4375,7.585,
16.5625,7.576,
16.6875,7.569,
16.8125,7.562,
16.9375,7.555,
17.0625,7.55,
17.1875,7.545,
17.3125,7.539,
17.4375,7.531,
17.5625,7.523,
17.6875,7.517,
17.8125,7.513,
17.9375,7.511,
18.0625,7.512,
18.1875,7.514,
18.3125,7.515,
18.4375,7.513,
18.5625,7.511,
18.6875,7.509,
18.8125,7.506,
18.9375,7.504,
19.0625,7.501,
19.1875,7.497,
19.3125,7.491,
19.4375,7.483,62.092
19.5625,7.476,
19.6875,7.468,
19.8125,7.46,
19.9375,7.454,
20.0625,7.448,
20.1875,7.442,
20.3125,7.435,
20.4375,7.427,
20.5625,7.421,
20.6875,7.415,
20.8125,7.41,
20.9375,7.407,
21.0625,7.404,
21.1875,7.402,
21.3125,7.398,
21.4375,7.392,
21.5625,7.385,
21.6875,7.378,
21.8125,7.371,
21.9375,7.366,
22.0625,7.362,
22.1875,7.358,
22.3125,7.351,
22.4375,7.342,61.013
22.5625,7.334,
22.6875,7.327,
22.8125,7.32,
22.9375,7.316,
23.0625,7.311,
23.1875,7.308,
23.3125,7.304,
23.4375,7.297,
23.5625,7.29,
23.6875,7.283,
23.8125,7.276,
23.9375,7.271,
24.0625,7.267,
24.1875,7.263,
24.3125,7.26,
24.4375,7.254,
24.5625,7.246,
24.6875,7.239,
24.8125,7.232,
24.9375,7.227,
25.0625,7.222,
25.1875,7.217,
25.3125,7.213,
25.4375,7.207,
25.5625,7.201,60.922
25.6875,7.195,
25.8125,7.188,
25.9375,7.183,
26.0625,7.179,
26.1875,7.175,
26.3125,7.172,
26.4375,7.164,
26.5625,7.156,
26.6875,7.149,
26.8125,7.142,
26.9375,7.137,
27.0625,7.133,
27.1875,7.13,
27.3125,7.126,
27.4375,7.124,
27.5625,7.117,
27.6875,7.11,
27.8125,7.104,
27.9375,7.098,
28.0625,7.094,
28.1875,7.091,
28.3125,7.089,
28.4375,7.085,
28.5625,7.078,60.117
28.6875,7.072,
28.8125,7.066,
28.9375,7.06,
29.0625,7.057,
29.1875,7.054,
29.3125,7.052,
29.4375,7.047,
29.5625,7.039,61.348
29.6875,7.033,
29.8125,7.027,
29.9375,7.022,
30.0625,7.02,
30.1875,7.017,
30.3125,7.016,
30.4375,7.012,
30.5625,7.005,60.443
30.6875,7.001,
30.8125,6.996,
30.9375,6.991,
31.0625,6.989,
31.1875,6.987,
31.3125,6.984,
31.4375,6.978,64.403
31.5625,6.972,
31.6875,6.967,
31.8125,6.962,
31.9375,6.959,
32.0625,6.958,
32.1875,6.956,
32.3125,6.952,
32.4375,6.945,63.048
32.5625,6.939,
32.6875,6.934,
32.8125,6.93,
32.9375,6.927,
33.0625,6.925,
33.1875,6.924,
33.3125,6.921,
33.4375,6.915,
33.5625,6.909,
33.6875,6.905,
33.8125,6.901,
33.9375,6.899,
34.0625,6.898,
34.1875,6.895,
34.3125,6.892,
34.4375,6.886,61.348
34.5625,6.882,
34.6875,6.878,
34.8125,6.876,
34.9375,6.875,
35.0625,6.874,
35.1875,6.874,
35.3125,6.87,
35.4375,6.864,60.592
35.5625,6.859,
35.6875,6.853,
35.8125,6.85,
35.9375,6.849,
36.0625,6.847,
36.1875,6.847,
36.3125,6.845,
36.4375,6.839,
36.5625,6.834,
36.6875,6.83,
36.8125,6.826,
36.9375,6.825,
37.0625,6.824,
37.1875,6.823,
37.3125,6.821,
37.4375,6.82,60.206
37.5625,6.818,
37.6875,6.815,
37.8125,6.813,
37.9375,6.812,
38.0625,6.811,
38.1875,6.81,
38.3125,6.807,
38.4375,6.802,61.471
38.5625,6.798,
38.6875,6.795,
38.8125,6.793,
38.9375,6.792,
39.0625,6.791,
39.1875,6.792,
39.3125,6.79,
39.4375,6.784,
39.5625,6.781,
39.6875,6.777,
39.8125,6.775,
39.9375,6.773,
40.0625,6.772,
40.1875,6.771,
40.3125,6.767,
40.4375,6.763,61.842
40.5625,6.759,
40.6875,6.756,
40.8125,6.754,
40.9375,6.754,
41.0625,6.754,
41.1875,6.753,
41.3125,6.747,61.998
41.4375,6.743,
41.5625,6.739,
41.6875,6.736,
41.8125,6.735,
41.9375,6.734,
42.0625,6.734,
42.1875,6.733,
42.3125,6.729,
42.4375,6.724,
42.5625,6.72,
42.6875,6.717,
42.8125,6.715,
42.9375,6.714,
43.0625,6.713,
43.1875,6.712,
43.3125,6.707,61.842
43.4375,6.703,
43.5625,6.699,
43.6875,6.697,
43.8125,6.695,
43.9375,6.694,
44.0625,6.694,
44.1875,6.692,
44.3125,6.687,61.379
44.4375,6.682,
44.5625,6.678,
44.6875,6.676,
44.8125,6.675,
44.9375,6.673,
45.0625,6.673,
45.1875,6.672,
45.3125,6.666,
45.4375,6.662,
45.5625,6.659,
45.6875,6.656,
45.8125,6.654,
45.9375,6.652,
46.0625,6.651,
46.1875,6.648,
46.3125,6.642,63.112
46.4375,6.639,
46.5625,6.635,
46.6875,6.633,
46.8125,6.632,
46.9375,6.631,
47.0625,6.63,
47.1875,6.626,
47.3125,6.621,61.842
47.4375,6.617,
47.5625,6.613,
47.6875,6.612,
47.8125,6.611,
47.9375,6.611,
48.0625,6.611,
48.1875,6.608,
48.3125,6.602,
48.4375,6.599,
48.5625,6.596,
48.6875,6.594,
48.8125,6.593,
48.9375,6.592,
49.0625,6.591,
49.1875,6.589,
49.3125,6.585,
49.4375,6.581,
49.5625,6.578,
49.6875,6.576,
49.8125,6.575,
49.9375,6.575,
50.0625,6.576,
50.1875,6.573,
50.3125,6.568,
50.4375,6.564,
50.5625,6.561,
50.6875,6.559,
50.8125,6.557,
50.9375,6.557,
51.0625,6.556,
51.1875,6.555,
51.3125,6.55,
51.4375,6.546,
51.5625,6.543,
51.6875,6.54,
51.8125,6.539,
51.9375,6.538,
52.0625,6.537,
52.1875,6.535,
52.3125,6.53,61.287
52.4375,6.527,
52.5625,6.524,
52.6875,6.521,
52.8125,6.521,
52.9375,6.52,
53.0625,6.519,
53.1875,6.517,
53.3125,6.511,60.681
53.4375,6.507,
53.5625,6.503,
53.6875,6.502,
53.8125,6.5,
53.9375,6.499,
54.0625,6.498,
54.1875,6.497,
54.3125,6.492,
54.4375,6.488,
54.5625,6.485,
54.6875,6.482,
54.8125,6.481,
54.9375,6.48,
55.0625,6.479,
55.1875,6.475,
55.3125,6.471,63.145
55.4375,6.468,
55.5625,6.465,
55.6875,6.463,
55.8125,6.462,
55.9375,6.462,
56.0625,6.461,
56.1875,6.457,62.886
56.3125,6.455,
56.4375,6.452,
56.5625,6.449,
56.6875,6.449,
56.8125,6.452,
56.9375,6.457,
57.0625,6.46,
57.1875,6.466,63.602
57.3125,6.477,
57.4375,6.491,
57.5625,6.511,
57.6875,6.537,
57.8125,6.573,
57.9375,6.622,
58.0625,6.695,66.855
58.1875,6.809,
58.3125,6.969,
58.4375,7.173,
58.5625,7.401,
58.6875,7.637,
58.8125,7.863,
58.9375,8.057,64.167
59.0625,8.223,
59.1875,8.357,
59.3125,8.459,
59.4375,8.533,
59.5625,8.58,
59.6875,8.604,
59.8125,8.61,
59.9375,8.618,66.819
60.0625,8.642,
60.1875,8.691,
60.3125,8.763,
60.4375,8.839,
60.5625,8.916,
60.6875,8.974,
60.8125,9.016,69.66
60.9375,9.052,
61.0625,9.078,
61.1875,9.099,
61.3125,9.123,
61.4375,9.161,
61.5625,9.217,70.824
61.6875,9.283,
61.8125,9.35,
61.9375,9.419,
62.0625,9.494,
62.1875,9.562,
62.3125,9.621,
62.4375,9.681,75.387
62.5625,9.736,
62.6875,9.774,
62.8125,9.802,
62.9375,9.816,
63.0625,9.825,
63.1875,9.834,74.428
63.3125,9.86,
63.4375,9.904,
63.5625,9.953,
63.6875,10.009,
63.8125,10.058,
63.9375,10.092,77.527
64.0625,10.115,
64.1875,10.131,
64.3125,10.134,
64.4375,10.152,
64.5625,10.208,
64.6875,10.294,78.268
64.8125,10.404,
64.9375,10.521,
65.0625,10.632,
65.1875,10.73,
65.3125,10.808,
65.4375,10.863,
65.5625,10.904,78.218
65.6875,10.948,
65.8125,11.005,
65.9375,11.084,
66.0625,11.184,
66.1875,11.287,82.029
66.3125,11.389,
66.4375,11.478,
66.5625,11.546,
66.6875,11.586,
66.8125,11.603,
66.9375,11.607,82.139
67.0625,11.606,
67.1875,11.606,
67.3125,11.614,
67.4375,11.635,
67.5625,11.661,
67.6875,11.687,84.454
67.8125,11.712,
67.9375,11.732,
68.0625,11.738,
68.1875,11.727,
68.3125,11.694,
68.4375,11.65,85.511
68.5625,11.585,
68.6875,11.499,
68.8125,11.406,
68.9375,11.316,
69.0625,11.237,85.81
69.1875,11.188,
69.3125,11.168,
69.4375,11.178,
69.5625,11.211,
69.6875,11.25,
69.8125,11.283,86.353
69.9375,11.302,
70.0625,11.297,
70.1875,11.266,
70.3125,11.213,
70.4375,11.131,86.414
70.5625,11.027,
70.6875,10.907,
70.8125,10.777,
70.9375,10.642,
71.0625,10.502,
71.1875,10.369,88.915
71.3125,10.256,
71.4375,10.169,
71.5625,10.108,
71.6875,10.086,
71.8125,10.091,85.87
71.9375,10.124,
72.0625,10.17,
72.1875,10.215,
72.3125,10.249,
72.4375,10.263,92.46
72.5625,10.262,
72.6875,10.244,
72.8125,10.211,
72.9375,10.17,
73.0625,10.133,
73.1875,10.095,88.339
73.3125,10.064,
73.4375,10.04,
73.5625,10.031,
73.6875,10.038,
73.8125,10.063,96.528
73.9375,10.115,
74.0625,10.189,
74.1875,10.281,
74.3125,10.379,
74.4375,10.473,100.228
74.5625,10.555,
74.6875,10.617,
74.8125,10.656,
74.9375,10.661,
75.0625,10.637,92.6
75.1875,10.59,
75.3125,10.524,
75.4375,10.449,
75.5625,10.364,
75.6875,10.283,100.804
75.8125,10.225,
75.9375,10.202,
76.0625,10.233,
76.1875,10.317,101.386
76.3125,10.45,
76.4375,10.606,
76.5625,10.766,
76.6875,10.904,
76.8125,11.004,97.446
76.9375,11.065,
77.0625,11.085,
77.1875,11.064,
77.3125,11.008,
77.4375,10.921,101.638
77.5625,10.82,
77.6875,10.708,
77.8125,10.595,
77.9375,10.482,
78.0625,10.374,97.834
78.1875,10.279,
78.3125,10.198,
78.4375,10.137,
78.5625,10.09,
78.6875,10.059,96.528
78.8125,10.041,
78.9375,10.031,
79.0625,10.023,
79.1875,10.011,
79.3125,9.99,
79.4375,9.964,83.478
79.5625,9.933,
79.6875,9.898,
79.8125,9.863,
79.9375,9.826,
80.0625,9.787,
80.1875,9.746,75.294
80.3125,9.708,
80.4375,9.676,
80.5625,9.652,
80.6875,9.64,
80.8125,9.641,
80.9375,9.649,
81.0625,9.659,66.746
81.1875,9.672,
81.3125,9.687,
81.4375,9.708,
81.5625,9.737,
81.6875,9.776,
81.8125,9.825,
81.9375,9.876,68.648
82.0625,9.929,
82.1875,9.972,
82.3125,10.001,
82.4375,10.018,
82.5625,10.026,
82.6875,10.023,
82.8125,10.012,
82.9375,9.991,61.594
83.0625,9.967,
83.1875,9.936,
83.3125,9.902,
83.4375,9.863,
83.5625,9.822,
83.6875,9.778,
83.8125,9.736,71.692
83.9375,9.696,
84.0625,9.66,
84.1875,9.624,
84.3125,9.591,
84.4375,9.56,
84.5625,9.533,
84.6875,9.505,62.886
84.8125,9.487,
84.9375,9.473,
85.0625,9.465,
85.1875,9.456,
85.3125,9.449,
85.4375,9.437,
85.5625,9.423,71.944
85.6875,9.405,
85.8125,9.386,
85.9375,9.366,
86.0625,9.347,
86.1875,9.327,
86.3125,9.306,
86.4375,9.282,66.171
86.5625,9.263,
86.6875,9.243,
86.8125,9.226,
86.9375,9.211,
87.0625,9.201,
87.1875,9.19,
87.3125,9.173,
87.4375,9.155,64.504
87.5625,9.139,
87.6875,9.121,
87.8125,9.107,
87.9375,9.096,
88.0625,9.086,
88.1875,9.079,75.665
88.3125,9.093,
88.4375,9.133,
88.5625,9.212,
88.6875,9.332,
88.8125,9.483,
88.9375,9.64,
89.0625,9.793,71.818
89.1875,9.927,
89.3125,10.026,
89.4375,10.09,
89.5625,10.124,
89.6875,10.126,
89.8125,10.099,75.618
89.9375,10.055,
90.0625,9.997,
90.1875,9.928,
90.3125,9.851,
90.4375,9.771,
90.5625,9.682,
90.6875,9.599,74.248
90.8125,9.523,
90.9375,9.458,
91.0625,9.401,
91.1875,9.353,
91.3125,9.311,
91.4375,9.28,74.069
91.5625,9.267,
91.6875,9.27,
91.8125,9.294,
91.9375,9.333,
92.0625,9.375,
92.1875,9.408,76.323
92.3125,9.435,
92.4375,9.454,
92.5625,9.456,
92.6875,9.447,
92.8125,9.434,
92.9375,9.402,78.769
93.0625,9.365,
93.1875,9.32,
93.3125,9.274,
93.4375,9.228,
93.5625,9.182,
93.6875,9.134,
93.8125,9.091,76.752
93.9375,9.055,
94.0625,9.021,
94.1875,8.989,
94.3125,8.962,
94.4375,8.93,
94.5625,8.904,79.689
94.6875,8.884,
94.8125,8.874,
94.9375,8.883,
95.0625,8.915,
95.1875,8.97,82.47
95.3125,9.06,
95.4375,9.175,
95.5625,9.306,
95.6875,9.438,
95.8125,9.561,
95.9375,9.648,81.162
96.0625,9.71,
96.1875,9.74,
96.3125,9.751,
96.4375,9.741,
96.5625,9.708,
96.6875,9.661,88.594
96.8125,9.613,
96.9375,9.553,
97.0625,9.486,
97.1875,9.42,
97.3125,9.347,87.521
97.4375,9.278,
97.5625,9.212,
97.6875,9.155,
97.8125,9.107,
97.9375,9.063,
98.0625,9.028,86.657
98.1875,9.012,
98.3125,9.018,
98.4375,9.042,
98.5625,9.079,
98.6875,9.117,86.414
98.8125,9.155,
98.9375,9.184,
99.0625,9.199,
99.1875,9.205,
99.3125,9.193,
99.4375,9.168,87.709
99.5625,9.137,
99.6875,9.099,
99.8125,9.057,
99.9375,9.015,
100.0625,8.972,
100.1875,8.933,83.478
100.3125,8.897,
100.4375,8.866,
100.5625,8.836,
100.6875,8.81,
100.8125,8.783,
100.9375,8.758,81.27
101.0625,8.731,
101.1875,8.705,
101.3125,8.681,
101.4375,8.656,
101.5625,8.63,
101.6875,8.608,79.948
101.8125,8.586,
101.9375,8.565,
102.0625,8.546,
102.1875,8.528,
102.3125,8.508,
102.4375,8.49,78.367
102.5625,8.471,
102.6875,8.456,
102.8125,8.441,
102.9375,8.427,
103.0625,8.41,
103.1875,8.392,77.234
103.3125,8.378,
103.4375,8.365,
103.5625,8.353,
103.6875,8.345,
103.8125,8.331,
103.9375,8.318,82.581
104.0625,8.308,
104.1875,8.303,
104.3125,8.305,
104.4375,8.315,
104.5625,8.33,
104.6875,8.35,77.527
104.8125,8.374,
104.9375,8.396,
105.0625,8.414,
105.1875,8.427,
105.3125,8.431,
105.4375,8.428,80.949
105.5625,8.421,
105.6875,8.411,
105.8125,8.398,
105.9375,8.382,
106.0625,8.36,
106.1875,8.335,80.949
106.3125,8.314,
106.4375,8.293,
106.5625,8.273,
106.6875,8.257,
106.8125,8.24,
106.9375,8.223,80
107.0625,8.208,
107.1875,8.192,
107.3125,8.181,
107.4375,8.17,
107.5625,8.156,84.107
107.6875,8.144,
107.8125,8.137,
107.9375,8.128,
108.0625,8.123,
108.1875,8.115,
108.3125,8.105,82.414
108.4375,8.1,
108.5625,8.102,
108.6875,8.107,
108.8125,8.117,
108.9375,8.124,
109.0625,8.128,83.365
109.1875,8.13,
109.3125,8.132,
109.4375,8.131,
109.5625,8.128,
109.6875,8.12,
109.8125,8.112,85.215
109.9375,8.105,
110.0625,8.098,
110.1875,8.091,
110.3125,8.087,
110.4375,8.076,84.049
110.5625,8.07,
110.6875,8.066,
110.8125,8.066,
110.9375,8.067,
111.0625,8.064,
111.1875,8.057,83.252
111.3125,8.055,
111.4375,8.049,
111.5625,8.042,
111.6875,8.035,
111.8125,8.026,
111.9375,8.016,86.841
112.0625,8.008,
112.1875,7.999,
112.3125,7.993,
112.4375,7.987,
112.5625,7.978,87.584
112.6875,7.971,
112.8125,7.969,
112.9375,7.976,
113.0625,7.997,
113.1875,8.033,
113.3125,8.087,81.109
113.4375,8.158,
113.5625,8.235,
113.6875,8.312,
113.8125,8.383,
113.9375,8.434,
114.0625,8.471,82.304
114.1875,8.494,
114.3125,8.505,
114.4375,8.502,
114.5625,8.489,
114.6875,8.461,
114.8125,8.428,83.649
114.9375,8.392,
115.0625,8.354,
115.1875,8.318,
115.3125,8.285,
115.4375,8.251,82.029
115.5625,8.226,
115.6875,8.213,
115.8125,8.209,
115.9375,8.219,
116.0625,8.236,
116.1875,8.257,80
116.3125,8.28,
116.4375,8.302,
116.5625,8.318,
116.6875,8.331,
116.8125,8.335,
116.9375,8.327,
117.0625,8.313,77.821
117.1875,8.297,
117.3125,8.278,
117.4375,8.257,
117.5625,8.237,
117.6875,8.217,
117.8125,8.202,79.637
117.9375,8.194,
118.0625,8.202,
118.1875,8.223,
118.3125,8.255,
118.4375,8.3,
118.5625,8.36,81.594
118.6875,8.438,
118.8125,8.527,
118.9375,8.619,
119.0625,8.708,
119.1875,8.777,84.628
119.3125,8.829,
119.4375,8.86,
119.5625,8.877,
119.6875,8.877,
119.8125,8.859,
119.9375,8.821,78.568
120.0625,8.771,
120.1875,8.715,
120.3125,8.656,
120.4375,8.598,
120.5625,8.541,
120.6875,8.483,82.803
120.8125,8.43,
120.9375,8.381,
121.0625,8.342,
121.1875,8.315,
121.3125,8.303,
121.4375,8.311,83.196
121.5625,8.352,
121.6875,8.42,
121.8125,8.514,
121.9375,8.619,
122.0625,8.723,
122.1875,8.81,82.194
122.3125,8.88,
122.4375,8.927,
122.5625,8.952,
122.6875,8.952,
122.8125,8.929,86.718
122.9375,8.887,
123.0625,8.837,
123.1875,8.779,
123.3125,8.716,
123.4375,8.65,
123.5625,8.581,80.949
123.6875,8.515,
123.8125,8.453,
123.9375,8.395,
124.0625,8.346,
124.1875,8.301,
124.3125,8.257,76.656
124.4375,8.221,
124.5625,8.191,
124.6875,8.163,
124.8125,8.137,
124.9375,8.114,
125.0625,8.091,84.396
125.1875,8.071,
125.3125,8.054,
125.4375,8.042,
125.5625,8.035,
125.6875,8.034,
125.8125,8.035,76.465
125.9375,8.046,
126.0625,8.063,
126.1875,8.084,
126.3125,8.105,
126.4375,8.126,
126.5625,8.139,
126.6875,8.143,75.479
126.8125,8.142,
126.9375,8.14,
127.0625,8.137,
127.1875,8.136,
127.3125,8.14,
127.4375,8.149,81.27
127.5625,8.163,
127.6875,8.176,
127.8125,8.188,
127.9375,8.199,
128.0625,8.206,
128.1875,8.205,73.493
128.3125,8.21,
128.4375,8.213,
128.5625,8.215,
128.6875,8.214,
128.8125,8.211,
128.9375,8.198,
129.0625,8.184,76.04
129.1875,8.168,
129.3125,8.152,
129.4375,8.135,
129.5625,8.115,
129.6875,8.091,83.763
129.8125,8.071,
129.9375,8.052,
130.0625,8.032,
130.1875,8.015,
130.3125,8,
130.4375,7.987,
130.5625,7.976,
130.6875,7.968,
130.8125,7.962,
130.9375,7.958,
131.0625,7.954,
131.1875,7.951,80.261
131.3125,7.948,
131.4375,7.946,
131.5625,7.942,
131.6875,7.939,
131.8125,7.935,
131.9375,7.926,81.109
132.0625,7.917,
132.1875,7.908,
132.3125,7.899,
132.4375,7.889,
132.5625,7.88,
132.6875,7.871,77.723
132.8125,7.866,
132.9375,7.869,
133.0625,7.885,
133.1875,7.918,
133.3125,7.968,
133.4375,8.026,
133.5625,8.087,
133.6875,8.147,
133.8125,8.196,
133.9375,8.234,
134.0625,8.261,
134.1875,8.277,
134.3125,8.276,
134.4375,8.263,
134.5625,8.243,
134.6875,8.216,
134.8125,8.185,
134.9375,8.151,
135.0625,8.112,80.577
135.1875,8.077,
135.3125,8.042,
135.4375,8.01,
135.5625,7.98,
135.6875,7.954,
135.8125,7.93,
135.9375,7.908,76.134
136.0625,7.892,
136.1875,7.88,
136.3125,7.872,
136.4375,7.866,
136.5625,7.862,
136.6875,7.859,77.821
136.8125,7.86,
136.9375,7.86,
137.0625,7.862,
137.1875,7.863,
137.3125,7.862,
137.4375,7.857,76.465
137.5625,7.861,
137.6875,7.871,
137.8125,7.886,
137.9375,7.905,
138.0625,7.926,
138.1875,7.939,75.11
138.3125,7.95,
138.4375,7.954,
138.5625,7.954,
138.6875,7.951,
138.8125,7.944,
138.9375,7.929,83.877
139.0625,7.914,
139.1875,7.897,
139.3125,7.877,
139.4375,7.859,
139.5625,7.842,
139.6875,7.821,78.168
139.8125,7.802,
139.9375,7.787,
140.0625,7.774,
140.1875,7.762,
140.3125,7.751,
140.4375,7.74,
140.5625,7.727,74.608
140.6875,7.717,
140.8125,7.708,
140.9375,7.704,
141.0625,7.698,
141.1875,7.692,
141.3125,7.688,81.756
141.4375,7.693,
141.5625,7.707,
141.6875,7.732,
141.8125,7.775,
141.9375,7.836,82.525
142.0625,7.912,
142.1875,8.001,
142.3125,8.094,
142.4375,8.188,
142.5625,8.271,
142.6875,8.339,
142.8125,8.389,
142.9375,8.426,
143.0625,8.442,
143.1875,8.44,
143.3125,8.429,
143.4375,8.402,
143.5625,8.365,83.422
143.6875,8.325,
143.8125,8.283,
143.9375,8.241,
144.0625,8.2,
144.1875,8.155,
144.3125,8.11,80.104
144.4375,8.068,
144.5625,8.03,
144.6875,7.995,
144.8125,7.967,
144.9375,7.94,
145.0625,7.912,73.669
145.1875,7.886,
145.3125,7.863,
145.4375,7.841,
145.5625,7.823,
145.6875,7.806,
145.8125,7.789,
145.9375,7.774,
146.0625,7.759,111.709
146.1875,7.745,
146.3125,7.735,
146.4375,7.727,
146.5625,7.723,
146.6875,7.725,
146.8125,7.735,
146.9375,7.75,
147.0625,7.767,
147.1875,7.787,101.722
147.3125,7.807,
147.4375,7.822,
147.5625,7.834,
147.6875,7.844,
147.8125,7.852,
147.9375,7.854,
148.0625,7.853,
148.1875,7.842,
148.3125,7.83,
148.4375,7.816,
148.5625,7.801,
148.6875,7.788,
148.8125,7.781,
148.9375,7.774,
149.0625,7.774,75.618
149.1875,7.783,
149.3125,7.802,
149.4375,7.824,
149.5625,7.849,112.219
149.6875,7.868,
149.8125,7.885,
149.9375,7.897,
150.0625,7.902,
150.1875,7.903,
150.3125,7.9,
150.4375,7.887,
150.5625,7.874,
150.6875,7.858,
150.8125,7.84,
150.9375,7.821,
151.0625,7.803,
151.1875,7.779,
151.3125,7.757,76.992
151.4375,7.738,
151.5625,7.722,
151.6875,7.71,
151.8125,7.698,
151.9375,7.687,
152.0625,7.672,73.802
152.1875,7.663,
152.3125,7.655,
152.4375,7.652,
152.5625,7.649,
152.6875,7.647,
152.8125,7.639,80.789
152.9375,7.635,
153.0625,7.63,
153.1875,7.63,
153.3125,7.634,
153.4375,7.643,
153.5625,7.652,76.04
153.6875,7.667,
153.8125,7.684,
153.9375,7.702,
154.0625,7.717,
154.1875,7.727,
154.3125,7.731,
154.4375,7.733,78.118
154.5625,7.733,
154.6875,7.732,
154.8125,7.726,
154.9375,7.717,
155.0625,7.701,82.359
155.1875,7.687,
155.3125,7.672,
155.4375,7.658,
155.5625,7.646,
155.6875,7.638,
155.8125,7.63,
155.9375,7.625,75.064
156.0625,7.632,
156.1875,7.646,
156.3125,7.667,
156.4375,7.689,
156.5625,7.71,83.82
156.6875,7.727,
156.8125,7.741,
156.9375,7.749,
157.0625,7.754,
157.1875,7.753,
157.3125,7.747,
157.4375,7.736,76.181
157.5625,7.726,
157.6875,7.712,
157.8125,7.698,
157.9375,7.685,
158.0625,7.669,
158.1875,7.651,79.585
158.3125,7.635,
158.4375,7.622,
158.5625,7.61,
158.6875,7.599,
158.8125,7.586,
158.9375,7.574,82.194
159.0625,7.565,
159.1875,7.558,
159.3125,7.553,
159.4375,7.549,
159.5625,7.546,
159.6875,7.54,73.449
159.8125,7.537,
159.9375,7.535,
160.0625,7.533,
160.1875,7.534,
160.3125,7.535,
160.4375,7.532,77.723
160.5625,7.53,
160.6875,7.527,
160.8125,7.528,
160.9375,7.533,
161.0625,7.551,
161.1875,7.579,83.706
161.3125,7.627,
161.4375,7.687,
161.5625,7.759,
161.6875,7.836,
161.8125,7.915,
161.9375,7.987,79.483
162.0625,8.056,
162.1875,8.118,
162.3125,8.172,
162.4375,8.213,
162.5625,8.238,
162.6875,8.248,85.511
162.8125,8.246,
162.9375,8.231,
163.0625,8.207,
163.1875,8.178,
163.3125,8.142,
163.4375,8.105,82.747
163.5625,8.069,
163.6875,8.037,
163.8125,8.01,
163.9375,7.988,
164.0625,7.968,83.706
164.1875,7.953,
164.3125,7.943,
164.4375,7.936,
164.5625,7.935,
164.6875,7.938,
164.8125,7.946,
164.9375,7.957,
165.0625,7.972,
165.1875,7.982,
165.3125,7.988,119.649
165.4375,7.989,
165.5625,7.986,
165.6875,7.983,
165.8125,7.991,119.301
165.9375,8.012,
166.0625,8.053,
166.1875,8.113,
166.3125,8.184,
166.4375,8.259,
166.5625,8.331,
166.6875,8.39,
166.8125,8.436,
166.9375,8.465,
167.0625,8.479,
167.1875,8.474,
167.3125,8.455,118.61
167.4375,8.427,
167.5625,8.392,
167.6875,8.357,
167.8125,8.326,
167.9375,8.305,
168.0625,8.308,
168.1875,8.337,
168.3125,8.392,93.161
168.4375,8.473,
168.5625,8.567,
168.6875,8.661,
168.8125,8.749,
168.9375,8.823,
169.0625,8.876,
169.1875,8.912,
169.3125,8.926,
169.4375,8.927,
169.5625,8.92,
169.6875,8.91,
169.8125,8.896,
169.9375,8.885,
170.0625,8.873,
170.1875,8.861,105.567
170.3125,8.844,
170.4375,8.828,
170.5625,8.811,
170.6875,8.795,
170.8125,8.777,
170.9375,8.754,
171.0625,8.723,
171.1875,8.689,
171.3125,8.658,
171.4375,8.626,
171.5625,8.588,
171.6875,8.548,
171.8125,8.513,
171.9375,8.483,
172.0625,8.456,112.425
172.1875,8.43,
172.3125,8.408,
172.4375,8.384,
172.5625,8.358,
172.6875,8.331,
172.8125,8.304,
172.9375,8.277,
173.0625,8.249,
173.1875,8.218,
173.3125,8.187,89.956
173.4375,8.156,
173.5625,8.128,
173.6875,8.102,
173.8125,8.081,
173.9375,8.065,
174.0625,8.054,
174.1875,8.059,
174.3125,8.085,
174.4375,8.131,
174.5625,8.195,
174.6875,8.268,100.556
174.8125,8.339,
174.9375,8.397,
175.0625,8.441,
175.1875,8.471,
175.3125,8.484,
175.4375,8.488,79.431
175.5625,8.481,
175.6875,8.464,
175.8125,8.44,
175.9375,8.408,
176.0625,8.372,96.528
176.1875,8.335,
176.3125,8.295,
176.4375,8.256,
176.5625,8.224,
176.6875,8.2,
176.8125,8.181,
176.9375,8.169,119.417
177.0625,8.159,
177.1875,8.15,
177.3125,8.142,
177.4375,8.138,
177.5625,8.134,
177.6875,8.132,
177.8125,8.127,
177.9375,8.116,96.909
178.0625,8.105,
178.1875,8.094,
178.3125,8.08,
178.4375,8.066,
178.5625,8.053,
178.6875,8.038,
178.8125,8.019,
178.9375,8.002,
179.0625,7.986,
179.1875,7.971,
179.3125,7.958,111.405
179.4375,7.944,
179.5625,7.929,
179.6875,7.916,
179.8125,7.903,
179.9375,7.889,
180.0625,7.878,
180.1875,7.865,
180.3125,7.853,
180.4375,7.843,
180.5625,7.835,
180.6875,7.826,
180.8125,7.817,105.476
180.9375,7.808,
181.0625,7.797,
181.1875,7.788,
181.3125,7.779,
181.4375,7.772,
181.5625,7.765,
181.6875,7.759,
181.8125,7.752,
181.9375,7.745,
182.0625,7.743,
182.1875,7.746,
182.3125,7.752,
182.4375,7.76,
182.5625,7.766,
182.6875,7.77,80.209
182.8125,7.773,
182.9375,7.775,
183.0625,7.775,
183.1875,7.775,
183.3125,7.774,
183.4375,7.77,78.317
183.5625,7.764,
183.6875,7.76,
183.8125,7.76,
183.9375,7.762,
184.0625,7.768,101.136
184.1875,7.774,
184.3125,7.782,
184.4375,7.789,
184.5625,7.794,
184.6875,7.797,
184.8125,7.798,
184.9375,7.795,
185.0625,7.791,
185.1875,7.788,
185.3125,7.782,
185.4375,7.774,
185.5625,7.766,108.264
185.6875,7.756,
185.8125,7.743,
185.9375,7.733,
186.0625,7.723,
186.1875,7.715,
186.3125,7.706,
186.4375,7.697,
186.5625,7.685,
186.6875,7.677,
186.8125,7.67,
186.9375,7.663,
187.0625,7.658,
187.1875,7.654,
187.3125,7.649,
187.4375,7.647,
187.5625,7.653,
187.6875,7.667,
187.8125,7.692,
187.9375,7.723,91.361
188.0625,7.755,
188.1875,7.786,
188.3125,7.814,
188.4375,7.835,
188.5625,7.852,
188.6875,7.862,
188.8125,7.866,77.041
188.9375,7.864,
189.0625,7.86,
189.1875,7.851,
189.3125,7.838,115.597
189.4375,7.823,
189.5625,7.805,
189.6875,7.784,
189.8125,7.767,
189.9375,7.749,
190.0625,7.734,
190.1875,7.719,
190.3125,7.704,
190.4375,7.689,
190.5625,7.679,
190.6875,7.669,
190.8125,7.661,
190.9375,7.655,
191.0625,7.647,
191.1875,7.638,
191.3125,7.63,
191.4375,7.623,
191.5625,7.616,
191.6875,7.61,
191.8125,7.602,85.452
191.9375,7.595,
192.0625,7.589,
192.1875,7.583,
192.3125,7.58,
192.4375,7.578,
192.5625,7.576,
192.6875,7.575,78.972
192.8125,7.575,
192.9375,7.578,
193.0625,7.579,
193.1875,7.58,100.474
193.3125,7.58,
193.4375,7.577,
193.5625,7.575,
193.6875,7.572,
193.8125,7.571,
193.9375,7.568,
194.0625,7.564,
194.1875,7.555,
194.3125,7.549,
194.4375,7.543,
194.5625,7.539,
194.6875,7.537,
194.8125,7.535,
194.9375,7.53,
195.0625,7.524,
195.1875,7.519,
195.3125,7.515,
195.4375,7.512,
195.5625,7.509,
195.6875,7.504,
195.8125,7.5,
195.9375,7.495,116.917
196.0625,7.491,
196.1875,7.489,
196.3125,7.491,
196.4375,7.497,
196.5625,7.516,
196.6875,7.554,
196.8125,7.61,
196.9375,7.681,
197.0625,7.764,
197.1875,7.848,
197.3125,7.925,
197.4375,7.992,
197.5625,8.045,
197.6875,8.086,
197.8125,8.113,
197.9375,8.126,100.804
198.0625,8.128,
198.1875,8.13,
198.3125,8.136,
198.4375,8.157,
198.5625,8.197,
198.6875,8.255,
198.8125,8.321,
198.9375,8.387,
199.0625,8.45,
199.1875,8.505,
199.3125,8.545,
199.4375,8.57,
199.5625,8.581,
199.6875,8.576,
199.8125,8.561,
199.9375,8.531,
200.0625,8.49,
200.1875,8.44,
200.3125,8.386,
200.4375,8.328,
200.5625,8.271,
200.6875,8.214,
200.8125,8.161,112.837
200.9375,8.116,
201.0625,8.074,
201.1875,8.036,
201.3125,8.007,
201.4375,7.99,
201.5625,7.979,
201.6875,7.976,
201.8125,7.978,
201.9375,7.978,
202.0625,7.979,
202.1875,7.981,
202.3125,7.982,
202.4375,7.98,
202.5625,7.976,98.62
202.6875,7.964,
202.8125,7.955,
202.9375,7.949,
203.0625,7.951,
203.1875,7.966,
203.3125,8.001,
203.4375,8.06,
203.5625,8.15,
203.6875,8.268,
203.8125,8.406,
203.9375,8.551,
204.0625,8.682,
204.1875,8.788,89.432
204.3125,8.87,
204.4375,8.924,
204.5625,8.954,
204.6875,8.961,
204.8125,8.945,
204.9375,8.912,
205.0625,8.867,
205.1875,8.814,
205.3125,8.753,
205.4375,8.691,
205.5625,8.623,
205.6875,8.558,
205.8125,8.498,
205.9375,8.443,
206.0625,8.392,
206.1875,8.347,
206.3125,8.301,
206.4375,8.259,
206.5625,8.218,
206.6875,8.182,
206.8125,8.151,
206.9375,8.121,92.322
207.0625,8.093,
207.1875,8.065,
207.3125,8.041,
207.4375,8.018,
207.5625,7.998,
207.6875,7.979,
207.8125,7.966,78.417
207.9375,7.957,
208.0625,7.955,
208.1875,7.957,
208.3125,7.96,110.009
208.4375,7.962,
208.5625,7.965,
208.6875,7.968,
208.8125,7.971,
208.9375,7.973,
209.0625,7.973,
209.1875,7.968,117.701
209.3125,7.959,
209.4375,7.95,
209.5625,7.939,
209.6875,7.93,
209.8125,7.92,
209.9375,7.908,
210.0625,7.895,
210.1875,7.886,
210.3125,7.876,
210.4375,7.868,
210.5625,7.86,
210.6875,7.851,
210.8125,7.843,
210.9375,7.836,
211.0625,7.827,
211.1875,7.819,
211.3125,7.811,
211.4375,7.804,
211.5625,7.797,
211.6875,7.793,
211.8125,7.79,
211.9375,7.788,
212.0625,7.787,
212.1875,7.785,97.292
212.3125,7.786,
212.4375,7.79,
212.5625,7.795,
212.6875,7.804,
212.8125,7.812,
212.9375,7.816,
213.0625,7.82,
213.1875,7.824,
213.3125,7.827,
213.4375,7.829,
213.5625,7.832,
213.6875,7.835,
213.8125,7.835,
213.9375,7.832,
214.0625,7.832,109.421
214.1875,7.829,
214.3125,7.825,
214.4375,7.818,
214.5625,7.811,
214.6875,7.806,
214.8125,7.799,
214.9375,7.79,
215.0625,7.782,
215.1875,7.772,
215.3125,7.76,
215.4375,7.751,
215.5625,7.745,
215.6875,7.741,
215.8125,7.739,
215.9375,7.738,
216.0625,7.74,
216.1875,7.746,
216.3125,7.754,
216.4375,7.762,
216.5625,7.771,
216.6875,7.779,
216.8125,7.784,115.489
216.9375,7.788,
217.0625,7.792,
217.1875,7.795,
217.3125,7.798,
217.4375,7.796,
217.5625,7.793,
217.6875,7.788,
217.8125,7.781,
217.9375,7.773,
218.0625,7.765,
218.1875,7.754,
218.3125,7.742,
218.4375,7.734,
218.5625,7.727,
218.6875,7.721,
218.8125,7.714,95.776
218.9375,7.707,
219.0625,7.702,
219.1875,7.698,
219.3125,7.696,
219.4375,7.694,
219.5625,7.692,
219.6875,7.688,
219.8125,7.686,
219.9375,7.687,
220.0625,7.693,105.84
220.1875,7.706,
220.3125,7.727,
220.4375,7.753,
220.5625,7.782,
220.6875,7.812,
220.8125,7.841,
220.9375,7.867,
221.0625,7.89,
221.1875,7.904,
221.3125,7.915,
221.4375,7.919,
221.5625,7.918,
221.6875,7.911,
221.8125,7.902,
221.9375,7.889,
222.0625,7.872,
222.1875,7.856,
222.3125,7.838,
222.4375,7.818,
222.5625,7.799,
222.6875,7.78,83.478
222.8125,7.761,
222.9375,7.745,
223.0625,7.73,
223.1875,7.717,
223.3125,7.704,
223.4375,7.692,
223.5625,7.679,
223.6875,7.668,
223.8125,7.661,
223.9375,7.656,
224.0625,7.66,
224.1875,7.674,
224.3125,7.695,115.489
224.4375,7.724,
224.5625,7.764,
224.6875,7.807,
224.8125,7.851,
224.9375,7.89,
225.0625,7.923,
225.1875,7.946,
225.3125,7.961,
225.4375,7.967,
225.5625,7.968,
225.6875,7.962,
225.8125,7.951,
225.9375,7.936,
226.0625,7.919,
226.1875,7.902,
226.3125,7.887,
226.4375,7.876,
226.5625,7.867,
226.6875,7.859,
226.8125,7.855,
226.9375,7.856,
227.0625,7.856,
227.1875,7.853,100.721
227.3125,7.85,
227.4375,7.844,
227.5625,7.837,
227.6875,7.83,
227.8125,7.825,
227.9375,7.817,
228.0625,7.807,
228.1875,7.795,
228.3125,7.785,
228.4375,7.774,
228.5625,7.764,
228.6875,7.755,
228.8125,7.75,
228.9375,7.748,
229.0625,7.752,
229.1875,7.763,
229.3125,7.781,
229.4375,7.802,
229.5625,7.823,
229.6875,7.841,
229.8125,7.855,
229.9375,7.865,
230.0625,7.869,
230.1875,7.87,
230.3125,7.865,
230.4375,7.857,
230.5625,7.849,
230.6875,7.839,
230.8125,7.829,
230.9375,7.819,
231.0625,7.808,
231.1875,7.796,
231.3125,7.786,
231.4375,7.777,
231.5625,7.767,
231.6875,7.759,
231.8125,7.749,
231.9375,7.734,99.177
232.0625,7.724,
232.1875,7.714,
232.3125,7.706,
232.4375,7.698,
232.5625,7.691,
232.6875,7.68,
232.8125,7.67,
232.9375,7.659,
233.0625,7.653,
233.1875,7.646,
233.3125,7.64,
233.4375,7.635,
233.5625,7.63,
233.6875,7.625,
233.8125,7.62,
233.9375,7.616,
234.0625,7.612,
234.1875,7.606,
234.3125,7.6,
234.4375,7.595,
234.5625,7.591,
234.6875,7.587,119.766
234.8125,7.582,
234.9375,7.579,
235.0625,7.583,
235.1875,7.596,
235.3125,7.621,
235.4375,7.661,
235.5625,7.71,
235.6875,7.764,113.567
235.8125,7.816,
235.9375,7.868,
236.0625,7.914,
236.1875,7.953,
236.3125,7.982,
236.4375,8.002,
236.5625,8.012,
236.6875,8.012,
236.8125,8.004,
236.9375,7.993,
237.0625,7.976,
237.1875,7.952,
237.3125,7.926,
237.4375,7.9,
237.5625,7.874,
237.6875,7.849,
237.8125,7.827,
237.9375,7.805,
238.0625,7.785,
238.1875,7.769,
238.3125,7.757,
238.4375,7.751,
238.5625,7.749,
238.6875,7.75,98.778
238.8125,7.764,
238.9375,7.786,
239.0625,7.819,
239.1875,7.86,
239.3125,7.904,
239.4375,7.95,
239.5625,7.994,
239.6875,8.035,
239.8125,8.073,
239.9375,8.106,
240.0625,8.128,
240.1875,8.144,
240.3125,8.155,
240.4375,8.159,
240.5625,8.155,
240.6875,8.148,
240.8125,8.132,
240.9375,8.113,118.954
241.0625,8.091,
241.1875,8.069,
241.3125,8.044,
241.4375,8.018,
241.5625,7.989,
241.6875,7.963,
241.8125,7.939,
241.9375,7.921,
242.0625,7.909,
242.1875,7.905,
242.3125,7.904,
242.4375,7.905,
242.5625,7.911,
242.6875,7.917,
242.8125,7.921,
242.9375,7.922,
243.0625,7.921,
243.1875,7.916,
243.3125,7.908,
243.4375,7.897,
243.5625,7.886,
243.6875,7.878,
243.8125,7.877,
243.9375,7.89,
244.0625,7.926,
244.1875,7.985,
244.3125,8.068,102.742
244.4375,8.173,
244.5625,8.284,
244.6875,8.397,
244.8125,8.506,
244.9375,8.603,
245.0625,8.683,
245.1875,8.744,
245.3125,8.783,
245.4375,8.808,
245.5625,8.819,
245.6875,8.816,
245.8125,8.807,
245.9375,8.799,
246.0625,8.804,
246.1875,8.827,
246.3125,8.867,
246.4375,8.917,
246.5625,8.968,119.883
246.6875,9.009,
246.8125,9.035,
246.9375,9.044,
247.0625,9.038,
247.1875,9.019,
247.3125,8.989,
247.4375,8.949,
247.5625,8.899,
247.6875,8.844,
247.8125,8.781,
247.9375,8.714,
248.0625,8.645,
248.1875,8.578,
248.3125,8.515,
248.4375,8.458,
248.5625,8.411,
248.6875,8.373,
248.8125,8.344,
248.9375,8.322,
249.0625,8.311,
249.1875,8.309,
249.3125,8.315,
249.4375,8.324,93.161
249.5625,8.335,
249.6875,8.34,
249.8125,8.342,
249.9375,8.339,
250.0625,8.333,
250.1875,8.323,
250.3125,8.309,
250.4375,8.29,
250.5625,8.268,
250.6875,8.244,
250.8125,8.217,
250.9375,8.191,
251.0625,8.164,88.53
251.1875,8.135,
251.3125,8.109,
251.4375,8.085,
251.5625,8.063,
251.6875,8.043,
251.8125,8.024,
251.9375,8.006,
252.0625,7.989,119.533
252.1875,7.973,
252.3125,7.961,
252.4375,7.952,
252.5625,7.942,115.815
252.6875,7.933,
252.8125,7.926,
252.9375,7.918,
253.0625,7.912,
253.1875,7.907,
253.3125,7.904,
253.4375,7.898,
253.5625,7.891,98.462
253.6875,7.885,
253.8125,7.881,
253.9375,7.877,
254.0625,7.872,
254.1875,7.869,
254.3125,7.868,
254.4375,7.869,
254.5625,7.871,
254.6875,7.876,
254.8125,7.88,
254.9375,7.882,
255.0625,7.884,
255.1875,7.884,
255.3125,7.883,
255.4375,7.879,
255.5625,7.876,
255.6875,7.869,
255.8125,7.863,
255.9375,7.857,
256.0625,7.852,
256.1875,7.846,
256.3125,7.838,
256.4375,7.83,
256.5625,7.826,
256.6875,7.828,
256.8125,7.84,
256.9375,7.863,
257.0625,7.896,
257.1875,7.935,103.521
257.3125,7.983,
257.4375,8.03,
257.5625,8.076,
257.6875,8.117,
257.8125,8.154,
257.9375,8.179,
258.0625,8.204,
258.1875,8.235,
258.3125,8.274,
258.4375,8.324,
258.5625,8.381,
258.6875,8.44,
258.8125,8.497,
258.9375,8.547,
259.0625,8.587,
259.1875,8.616,
259.3125,8.628,
259.4375,8.629,
259.5625,8.618,88.658
259.6875,8.602,
259.8125,8.575,
259.9375,8.54,
260.0625,8.501,
260.1875,8.459,
260.3125,8.417,
260.4375,8.375,114.095
260.5625,8.337,
260.6875,8.299,
260.8125,8.263,
260.9375,8.232,
261.0625,8.203,
261.1875,8.176,79.896
261.3125,8.15,
261.4375,8.126,
261.5625,8.103,
261.6875,8.081,
261.8125,8.061,
261.9375,8.043,
262.0625,8.026,
262.1875,8.012,
262.3125,8.002,
262.4375,7.997,
262.5625,7.996,
262.6875,8.001,
262.8125,8.011,
262.9375,8.02,
263.0625,8.033,
263.1875,8.046,
263.3125,8.058,
263.4375,8.068,
263.5625,8.076,
263.6875,8.08,
263.8125,8.084,
263.9375,8.086,
264.0625,8.085,115.489
264.1875,8.085,
264.3125,8.087,
264.4375,8.087,
264.5625,8.088,
264.6875,8.092,
264.8125,8.098,
264.9375,8.103,116.806
265.0625,8.106,
265.1875,8.109,
265.3125,8.106,
265.4375,8.101,
265.5625,8.094,112.631
265.6875,8.086,
265.8125,8.075,
265.9375,8.062,
266.0625,8.048,
266.1875,8.037,
266.3125,8.024,
266.4375,8.009,
266.5625,7.997,
266.6875,7.984,
266.8125,7.969,
266.9375,7.957,
267.0625,7.948,
267.1875,7.939,
267.3125,7.93,
267.4375,7.923,
267.5625,7.915,
267.6875,7.909,
267.8125,7.903,
267.9375,7.9,
268.0625,7.899,
268.1875,7.901,
268.3125,7.905,
268.4375,7.912,
268.5625,7.92,
268.6875,7.928,
268.8125,7.938,
268.9375,7.945,
269.0625,7.948,113.358
269.1875,7.949,
269.3125,7.948,
269.4375,7.944,
269.5625,7.942,
269.6875,7.938,
269.8125,7.932,
269.9375,7.923,118.382
270.0625,7.916,
270.1875,7.912,
270.3125,7.912,
270.4375,7.918,
270.5625,7.926,
270.6875,7.937,
270.8125,7.952,
270.9375,7.966,
271.0625,7.976,
271.1875,7.986,
271.3125,7.992,
271.4375,7.995,
271.5625,7.996,
271.6875,7.998,
271.8125,7.999,
271.9375,8.003,
272.0625,8.014,
272.1875,8.034,
272.3125,8.065,
272.4375,8.103,
272.5625,8.144,
272.6875,8.185,
272.8125,8.22,
272.9375,8.247,98.937
273.0625,8.27,
273.1875,8.284,
273.3125,8.291,
273.4375,8.294,
273.5625,8.29,
273.6875,8.283,
273.8125,8.273,
273.9375,8.261,
274.0625,8.248,
274.1875,8.234,
274.3125,8.219,
274.4375,8.205,
274.5625,8.188,120
274.6875,8.171,
274.8125,8.154,
274.9375,8.137,
275.0625,8.121,
275.1875,8.104,
275.3125,8.091,
275.4375,8.077,
275.5625,8.065,
275.6875,8.057,
275.8125,8.053,
275.9375,8.056,
276.0625,8.068,101.136
276.1875,8.092,
276.3125,8.131,
276.4375,8.18,
276.5625,8.234,
276.6875,8.297,
276.8125,8.36,
276.9375,8.417,
277.0625,8.465,
277.1875,8.506,
277.3125,8.532,
277.4375,8.545,
277.5625,8.547,
277.6875,8.543,
277.8125,8.53,
277.9375,8.513,
278.0625,8.491,
278.1875,8.465,
278.3125,8.435,
278.4375,8.402,105.115
278.5625,8.372,
278.6875,8.344,
278.8125,8.317,
278.9375,8.294,
279.0625,8.287,
279.1875,8.297,
279.3125,8.332,105.296
279.4375,8.395,
279.5625,8.481,
279.6875,8.579,
279.8125,8.679,
279.9375,8.773,
280.0625,8.853,
280.1875,8.913,
280.3125,8.951,
280.4375,8.972,
280.5625,8.976,
280.6875,8.969,
280.8125,8.948,
280.9375,8.915,
281.0625,8.871,
281.1875,8.816,
281.3125,8.758,
281.4375,8.7,
281.5625,8.643,
281.6875,8.59,
281.8125,8.543,
281.9375,8.502,
282.0625,8.468,
282.1875,8.445,
282.3125,8.43,
282.4375,8.421,
282.5625,8.417,
282.6875,8.415,
282.8125,8.414,
282.9375,8.409,
283.0625,8.4,99.902
283.1875,8.391,
283.3125,8.38,
283.4375,8.367,
283.5625,8.352,
283.6875,8.337,
283.8125,8.319,
283.9375,8.3,
284.0625,8.283,
284.1875,8.27,
284.3125,8.255,
284.4375,8.241,
284.5625,8.231,
284.6875,8.221,
284.8125,8.212,
284.9375,8.201,
285.0625,8.19,
285.1875,8.179,
285.3125,8.168,119.533
285.4375,8.159,
285.5625,8.149,
285.6875,8.139,
285.8125,8.129,
285.9375,8.121,
286.0625,8.115,
286.1875,8.109,
286.3125,8.105,
286.4375,8.104,
286.5625,8.101,
286.6875,8.099,
286.8125,8.098,
286.9375,8.096,
287.0625,8.094,
287.1875,8.091,
287.3125,8.086,
287.4375,8.081,
287.5625,8.081,118.154
287.6875,8.087,
287.8125,8.11,
287.9375,8.154,
288.0625,8.222,
288.1875,8.315,
288.3125,8.429,
288.4375,8.551,
288.5625,8.669,
288.6875,8.773,
288.8125,8.858,
288.9375,8.922,
289.0625,8.967,
289.1875,8.997,
289.3125,9.008,
289.4375,9.003,
289.5625,8.989,
289.6875,8.973,
289.8125,8.961,69.463
289.9375,8.955,
290.0625,8.959,
290.1875,8.965,
290.3125,8.967,
290.4375,8.967,
290.5625,8.963,
290.6875,8.953,
290.8125,8.937,
290.9375,8.911,
291.0625,8.881,
291.1875,8.845,119.417
291.3125,8.804,
291.4375,8.76,
291.5625,8.714,
291.6875,8.666,
291.8125,8.62,
291.9375,8.578,
292.0625,8.538,
292.1875,8.5,109.13
292.3125,8.467,
292.4375,8.435,
292.5625,8.405,
292.6875,8.379,
292.8125,8.356,
292.9375,8.335,
293.0625,8.315,
293.1875,8.295,
293.3125,8.28,
293.4375,8.268,
293.5625,8.263,
293.6875,8.267,
293.8125,8.282,
293.9375,8.314,
294.0625,8.364,
294.1875,8.433,
294.3125,8.516,
294.4375,8.606,
294.5625,8.696,
294.6875,8.776,
294.8125,8.841,
294.9375,8.889,
295.0625,8.922,
295.1875,8.939,
295.3125,8.942,
295.4375,8.929,
295.5625,8.909,
295.6875,8.878,
295.8125,8.841,
295.9375,8.799,
296.0625,8.755,
296.1875,8.708,
296.3125,8.661,
296.4375,8.616,
296.5625,8.573,
296.6875,8.532,
296.8125,8.495,
296.9375,8.46,
297.0625,8.428,
297.1875,8.402,
297.3125,8.377,
297.4375,8.358,
297.5625,8.34,
297.6875,8.321,
297.8125,8.304,
297.9375,8.291,
298.0625,8.283,
298.1875,8.281,
298.3125,8.289,
298.4375,8.309,
298.5625,8.338,
298.6875,8.377,107.132
298.8125,8.424,
298.9375,8.476,
299.0625,8.531,
299.1875,8.578,
299.3125,8.62,
299.4375,8.65,
299.5625,8.67,
299.6875,8.681,
299.8125,8.681,
299.9375,8.672,119.07
300.0625,8.656,
300.1875,8.636,
300.3125,8.61,
300.4375,8.583,
300.5625,8.556,
300.6875,8.532,
300.8125,8.512,
300.9375,8.498,
301.0625,8.49,
301.1875,8.489,
301.3125,8.491,
301.4375,8.491,
301.5625,8.493,
301.6875,8.493,
301.8125,8.492,
301.9375,8.489,
302.0625,8.485,
302.1875,8.476,
302.3125,8.463,
302.4375,8.452,
302.5625,8.441,
302.6875,8.433,
302.8125,8.427,
302.9375,8.424,
303.0625,8.421,
303.1875,8.42,
303.3125,8.418,
303.4375,8.417,
303.5625,8.413,
303.6875,8.405,
303.8125,8.396,
303.9375,8.387,
304.0625,8.375,
304.1875,8.362,
304.3125,8.35,
304.4375,8.335,
304.5625,8.321,
304.6875,8.307,
304.8125,8.295,
304.9375,8.282,
305.0625,8.269,
305.1875,8.255,
305.3125,8.243,
305.4375,8.232,
305.5625,8.22,
305.6875,8.21,
305.8125,8.201,
305.9375,8.19,
306.0625,8.178,
306.1875,8.168,
306.3125,8.161,
306.4375,8.156,
306.5625,8.151,
306.6875,8.15,
306.8125,8.149,
306.9375,8.149,
307.0625,8.151,
307.1875,8.154,
307.3125,8.156,
307.4375,8.156,
307.5625,8.152,
307.6875,8.149,
307.8125,8.144,118.839
307.9375,8.138,
308.0625,8.131,
308.1875,8.123,
308.3125,8.115,
308.4375,8.106,97.834
308.5625,8.097,
308.6875,8.088,
308.8125,8.079,
308.9375,8.07,
309.0625,8.063,
309.1875,8.054,
309.3125,8.046,
309.4375,8.04,
309.5625,8.034,
309.6875,8.028,
309.8125,8.021,
309.9375,8.014,
310.0625,8.007,
310.1875,8,
310.3125,7.995,
310.4375,7.993,
310.5625,7.995,
310.6875,8.004,
310.8125,8.029,
310.9375,8.075,
311.0625,8.148,
311.1875,8.245,
311.3125,8.364,
311.4375,8.491,
311.5625,8.613,110.009
311.6875,8.723,
311.8125,8.823,
311.9375,8.903,
312.0625,8.964,
312.1875,9.008,
312.3125,9.026,
312.4375,9.026,113.989
312.5625,9.016,
312.6875,8.993,
312.8125,8.961,
312.9375,8.92,
313.0625,8.87,
313.1875,8.815,
313.3125,8.758,115.815
313.4375,8.7,
313.5625,8.645,
313.6875,8.594,
313.8125,8.544,
313.9375,8.498,
314.0625,8.458,
314.1875,8.42,
314.3125,8.386,
314.4375,8.355,
314.5625,8.326,
314.6875,8.299,65.154
314.8125,8.276,
314.9375,8.255,
315.0625,8.237,
315.1875,8.22,
315.3125,8.201,
315.4375,8.185,
315.5625,8.172,
315.6875,8.16,
315.8125,8.149,
315.9375,8.14,
316.0625,8.128,
316.1875,8.116,
316.3125,8.105,
316.4375,8.094,
316.5625,8.086,
316.6875,8.078,
316.8125,8.069,
316.9375,8.061,
317.0625,8.055,
317.1875,8.048,
317.3125,8.047,
317.4375,8.05,
317.5625,8.056,
317.6875,8.066,
317.8125,8.081,
317.9375,8.097,
318.0625,8.114,
318.1875,8.128,
318.3125,8.138,
318.4375,8.147,
318.5625,8.152,
318.6875,8.154,
318.8125,8.152,
318.9375,8.149,
319.0625,8.142,
319.1875,8.135,
319.3125,8.128,
319.4375,8.122,
319.5625,8.118,
319.6875,8.114,
319.8125,8.11,
319.9375,8.109,
320.0625,8.115,
320.1875,8.122,
320.3125,8.131,
320.4375,8.14,
320.5625,8.147,
320.6875,8.152,
320.8125,8.155,
320.9375,8.157,
321.0625,8.158,
321.1875,8.155,
321.3125,8.149,
321.4375,8.142,
321.5625,8.134,
321.6875,8.125,
321.8125,8.116,
321.9375,8.107,
322.0625,8.095,
322.1875,8.083,
322.3125,8.073,
322.4375,8.062,
322.5625,8.053,
322.6875,8.044,
322.8125,8.033,
322.9375,8.024,
323.0625,8.018,
323.1875,8.017,
323.3125,8.024,
323.4375,8.034,
323.5625,8.051,
323.6875,8.074,
323.8125,8.103,
323.9375,8.132,
324.0625,8.159,
324.1875,8.185,
324.3125,8.204,
324.4375,8.217,
324.5625,8.225,
324.6875,8.232,
324.8125,8.235,
324.9375,8.234,
325.0625,8.231,
325.1875,8.226,
325.3125,8.22,
325.4375,8.214,
325.5625,8.209,
325.6875,8.202,
325.8125,8.192,
325.9375,8.182,
326.0625,8.173,
326.1875,8.162,
326.3125,8.152,
326.4375,8.141,
326.5625,8.131,
326.6875,8.121,64.572
326.8125,8.11,
326.9375,8.103,
327.0625,8.096,
327.1875,8.09,
327.3125,8.086,106.482
327.4375,8.089,
327.5625,8.095,
327.6875,8.102,
327.8125,8.112,
327.9375,8.12,
328.0625,8.125,
328.1875,8.129,
328.3125,8.131,
328.4375,8.131,
328.5625,8.128,
328.6875,8.122,
328.8125,8.116,
328.9375,8.108,
329.0625,8.099,
329.1875,8.089,
329.3125,8.079,
329.4375,8.067,
329.5625,8.056,
329.6875,8.047,
329.8125,8.037,
329.9375,8.027,
330.0625,8.021,
330.1875,8.015,
330.3125,8.013,
330.4375,8.013,
330.5625,8.015,
330.6875,8.019,
330.8125,8.021,
330.9375,8.02,
331.0625,8.019,
331.1875,8.018,
331.3125,8.016,
331.4375,8.015,
331.5625,8.017,
331.6875,8.019,
331.8125,8.024,
331.9375,8.032,
332.0625,8.045,
332.1875,8.057,
332.3125,8.068,
332.4375,8.077,
332.5625,8.085,
332.6875,8.089,
332.8125,8.09,
332.9375,8.09,
333.0625,8.088,
333.1875,8.084,
333.3125,8.077,
333.4375,8.072,
333.5625,8.066,
333.6875,8.058,
333.8125,8.05,97.215
333.9375,8.043,
334.0625,8.033,
334.1875,8.025,
334.3125,8.018,
334.4375,8.012,
334.5625,8.008,
334.6875,8.002,
334.8125,7.998,
334.9375,7.994,
335.0625,7.989,
335.1875,7.987,
335.3125,7.985,
335.4375,7.983,
335.5625,7.979,
335.6875,7.975,
335.8125,7.973,
335.9375,7.969,
336.0625,7.965,
336.1875,7.962,
336.3125,7.958,
336.4375,7.953,
336.5625,7.948,
336.6875,7.943,
336.8125,7.941,
336.9375,7.938,
337.0625,7.935,97.369
337.1875,7.937,
337.3125,7.944,
337.4375,7.961,
337.5625,7.993,
337.6875,8.043,
337.8125,8.114,
337.9375,8.205,
338.0625,8.311,
338.1875,8.42,
338.3125,8.526,
338.4375,8.616,
338.5625,8.693,
338.6875,8.755,
338.8125,8.801,
338.9375,8.832,
339.0625,8.848,
339.1875,8.85,
339.3125,8.843,
339.4375,8.837,
339.5625,8.84,
339.6875,8.861,
339.8125,8.903,
339.9375,8.965,
340.0625,9.041,
340.1875,9.12,
340.3125,9.193,
340.4375,9.257,
340.5625,9.304,
340.6875,9.334,
340.8125,9.348,
340.9375,9.346,
341.0625,9.326,
341.1875,9.292,102.4
341.3125,9.247,
341.4375,9.192,
341.5625,9.128,
341.6875,9.061,
341.8125,8.99,
341.9375,8.918,
342.0625,8.842,
342.1875,8.772,
342.3125,8.708,
342.4375,8.648,
342.5625,8.591,
342.6875,8.54,
342.8125,8.494,
342.9375,8.449,
343.0625,8.407,
343.1875,8.369,
343.3125,8.334,
343.4375,8.3,
343.5625,8.273,
343.6875,8.247,
343.8125,8.221,
343.9375,8.197,
344.0625,8.176,
344.1875,8.157,
344.3125,8.14,
344.4375,8.123,
344.5625,8.109,
344.6875,8.094,
344.8125,8.079,104.579
344.9375,8.066,
345.0625,8.054,
345.1875,8.044,
345.3125,8.034,
345.4375,8.023,
345.5625,8.013,
345.6875,8.003,
345.8125,7.994,
345.9375,7.987,
346.0625,7.98,
346.1875,7.972,
346.3125,7.964,
346.4375,7.958,
346.5625,7.95,
346.6875,7.942,
346.8125,7.936,
346.9375,7.93,
347.0625,7.923,
347.1875,7.916,
347.3125,7.911,
347.4375,7.906,
347.5625,7.9,
347.6875,7.896,
347.8125,7.891,
347.9375,7.89,
348.0625,7.892,
348.1875,7.899,
348.3125,7.91,
348.4375,7.924,
348.5625,7.94,
348.6875,7.957,
348.8125,7.971,
348.9375,7.984,
349.0625,7.996,
349.1875,8.005,
349.3125,8.01,109.13
349.4375,8.009,
349.5625,8.007,
349.6875,8.004,
349.8125,8,
349.9375,7.997,
350.0625,7.993,
350.1875,7.989,
350.3125,7.99,108.36
350.4375,7.995,
350.5625,8.003,
350.6875,8.014,
350.8125,8.024,116.584
350.9375,8.033,
351.0625,8.043,
351.1875,8.05,
351.3125,8.056,
351.4375,8.058,
351.5625,8.058,
351.6875,8.055,
351.8125,8.051,
351.9375,8.046,
352.0625,8.043,
352.1875,8.036,
352.3125,8.028,
352.4375,8.027,
352.5625,8.034,
352.6875,8.052,
352.8125,8.083,
352.9375,8.127,
353.0625,8.182,
353.1875,8.244,
353.3125,8.307,
353.4375,8.366,
353.5625,8.418,
353.6875,8.458,
353.8125,8.486,
353.9375,8.505,
354.0625,8.517,
354.1875,8.525,
354.3125,8.536,
354.4375,8.561,
354.5625,8.602,
354.6875,8.672,
354.8125,8.762,
354.9375,8.867,
355.0625,8.968,
355.1875,9.06,
355.3125,9.132,
355.4375,9.191,
355.5625,9.231,
355.6875,9.255,
355.8125,9.262,
355.9375,9.256,
356.0625,9.227,
356.1875,9.184,
356.3125,9.134,
356.4375,9.073,
356.5625,9.007,118.496
356.6875,8.937,
356.8125,8.866,
356.9375,8.795,
357.0625,8.727,
357.1875,8.664,106.39
357.3125,8.606,
357.4375,8.553,
357.5625,8.506,
357.6875,8.464,
357.8125,8.426,
357.9375,8.39,
358.0625,8.357,
358.1875,8.329,
358.3125,8.301,
358.4375,8.275,
358.5625,8.252,
358.6875,8.233,
358.8125,8.215,
358.9375,8.201,
359.0625,8.193,
359.1875,8.193,
359.3125,8.201,117.252
359.4375,8.217,
359.5625,8.24,
359.6875,8.269,
359.8125,8.294,
359.9375,8.313,102.657
360.0625,8.33,
360.1875,8.34,
360.3125,8.346,
360.4375,8.348,
360.5625,8.346,
360.6875,8.337,
360.8125,8.323,110.803
360.9375,8.306,
361.0625,8.288,
361.1875,8.27,
361.3125,8.251,
361.4375,8.231,
361.5625,8.211,
361.6875,8.19,
361.8125,8.17,
361.9375,8.151,
362.0625,8.134,
362.1875,8.118,118.382
362.3125,8.103,
362.4375,8.09,
362.5625,8.078,
362.6875,8.066,
362.8125,8.055,108.074
362.9375,8.046,
363.0625,8.037,
363.1875,8.031,
363.3125,8.028,
363.4375,8.03,
363.5625,8.035,
363.6875,8.042,
363.8125,8.05,
363.9375,8.059,
364.0625,8.069,
364.1875,8.079,
364.3125,8.087,
364.4375,8.089,
364.5625,8.09,
364.6875,8.087,
364.8125,8.084,
364.9375,8.08,
365.0625,8.075,
365.1875,8.067,
365.3125,8.059,
365.4375,8.049,
365.5625,8.038,
365.6875,8.028,
365.8125,8.018,
365.9375,8.007,
366.0625,7.996,
366.1875,7.987,
366.3125,7.977,
366.4375,7.968,
366.5625,7.96,
366.6875,7.95,
366.8125,7.942,
366.9375,7.935,
367.0625,7.929,
367.1875,7.923,
367.3125,7.916,
367.4375,7.908,
367.5625,7.901,
367.6875,7.894,
367.8125,7.888,
367.9375,7.883,
368.0625,7.879,
368.1875,7.873,
368.3125,7.867,
368.4375,7.863,
368.5625,7.859,
368.6875,7.856,
368.8125,7.852,
368.9375,7.848,
369.0625,7.843,
369.1875,7.838,
369.3125,7.833,
369.4375,7.83,
369.5625,7.826,
369.6875,7.822,
369.8125,7.819,
369.9375,7.816,
370.0625,7.812,
370.1875,7.808,98.858
370.3125,7.805,
370.4375,7.802,
370.5625,7.8,
370.6875,7.796,
370.8125,7.793,
370.9375,7.79,
371.0625,7.787,112.219
371.1875,7.784,
371.3125,7.78,
371.4375,7.776,
371.5625,7.773,118.154
371.6875,7.769,
371.8125,7.765,
371.9375,7.762,
372.0625,7.758,
372.1875,7.753,
372.3125,7.75,
372.4375,7.747,
372.5625,7.745,
372.6875,7.743,
372.8125,7.74,
372.9375,7.737,
373.0625,7.735,
373.1875,7.733,
373.3125,7.732,
373.4375,7.732,
373.5625,7.732,
373.6875,7.733,
373.8125,7.735,
373.9375,7.74,
374.0625,7.745,
374.1875,7.751,
374.3125,7.758,
374.4375,7.766,
374.5625,7.771,119.766
374.6875,7.777,
374.8125,7.786,
374.9375,7.792,
375.0625,7.8,
375.1875,7.813,
375.3125,7.834,
375.4375,7.864,
375.5625,7.903,116.695
375.6875,7.951,
375.8125,8.005,
375.9375,8.063,
376.0625,8.121,
376.1875,8.18,
376.3125,8.234,
376.4375,8.274,65.085
376.5625,8.301,
376.6875,8.321,
376.8125,8.332,
376.9375,8.338,
377.0625,8.338,
377.1875,8.335,
377.3125,8.327,
377.4375,8.314,115.706
377.5625,8.299,
377.6875,8.282,
377.8125,8.263,
377.9375,8.241,
378.0625,8.22,96.075
378.1875,8.199,
378.3125,8.176,
378.4375,8.156,
378.5625,8.135,
378.6875,8.115,
378.8125,8.095,
378.9375,8.077,
379.0625,8.061,
379.1875,8.046,
379.3125,8.032,
379.4375,8.018,
379.5625,8.005,
379.6875,7.992,
379.8125,7.98,
379.9375,7.97,
380.0625,7.961,
380.1875,7.952,
380.3125,7.943,
380.4375,7.935,
380.5625,7.926,
380.6875,7.919,
380.8125,7.912,
380.9375,7.907,
381.0625,7.9,
381.1875,7.891,
381.3125,7.884,
381.4375,7.879,
381.5625,7.874,
381.6875,7.869,
381.8125,7.867,
381.9375,7.864,
382.0625,7.862,
382.1875,7.861,
382.3125,7.862,
382.4375,7.866,
382.5625,7.87,
382.6875,7.874,
382.8125,7.879,
382.9375,7.884,
383.0625,7.887,98.778
383.1875,7.889,
383.3125,7.892,
383.4375,7.892,
383.5625,7.891,
383.6875,7.89,112.015
383.8125,7.888,
383.9375,7.884,
384.0625,7.88,
384.1875,7.876,
384.3125,7.872,85.038
384.4375,7.87,
384.5625,7.875,
384.6875,7.887,
384.8125,7.906,119.766
384.9375,7.934,
385.0625,7.972,
385.1875,8.017,
385.3125,8.069,
385.4375,8.122,
385.5625,8.173,
385.6875,8.222,
385.8125,8.269,113.778
385.9375,8.315,
386.0625,8.36,
386.1875,8.401,
386.3125,8.434,
386.4375,8.46,
386.5625,8.478,
386.6875,8.487,120
386.8125,8.489,
386.9375,8.485,
387.0625,8.477,
387.1875,8.464,
387.3125,8.449,
387.4375,8.431,
387.5625,8.411,
387.6875,8.388,
387.8125,8.364,
387.9375,8.341,
388.0625,8.318,
388.1875,8.296,
388.3125,8.276,
388.4375,8.254,
388.5625,8.232,
388.6875,8.211,
388.8125,8.192,
388.9375,8.175,
389.0625,8.157,
389.1875,8.141,
389.3125,8.126,
389.4375,8.11,
389.5625,8.094,
389.6875,8.081,
389.8125,8.068,
389.9375,8.056,
390.0625,8.044,106.852
390.1875,8.034,
390.3125,8.023,
390.4375,8.014,
390.5625,8.005,109.227
390.6875,7.997,
390.8125,7.988,
390.9375,7.979,
391.0625,7.972,
391.1875,7.965,
391.3125,7.957,
391.4375,7.952,
391.5625,7.945,
391.6875,7.939,
391.8125,7.935,
391.9375,7.931,
392.0625,7.927,
392.1875,7.923,
392.3125,7.917,
392.4375,7.913,
392.5625,7.907,
392.6875,7.902,
392.8125,7.897,114.413
392.9375,7.894,
393.0625,7.89,
393.1875,7.887,
393.3125,7.885,
393.4375,7.885,
393.5625,7.89,80.949
393.6875,7.901,
393.8125,7.923,
393.9375,7.952,
394.0625,7.992,
394.1875,8.04,
394.3125,8.097,
394.4375,8.155,
394.5625,8.211,
394.6875,8.261,
394.8125,8.302,
394.9375,8.335,
395.0625,8.357,
395.1875,8.371,
395.3125,8.378,
395.4375,8.376,
395.5625,8.368,
395.6875,8.355,
395.8125,8.337,
395.9375,8.315,
396.0625,8.291,
396.1875,8.264,
396.3125,8.236,
396.4375,8.209,
396.5625,8.183,
396.6875,8.158,
396.8125,8.134,
396.9375,8.11,
397.0625,8.091,
397.1875,8.072,
397.3125,8.054,
397.4375,8.039,
397.5625,8.027,
397.6875,8.012,
397.8125,8,
397.9375,7.99,
398.0625,7.98,
398.1875,7.974,
398.3125,7.968,
398.4375,7.963,
398.5625,7.958,
398.6875,7.952,114.841
398.8125,7.946,
398.9375,7.943,
399.0625,7.937,
399.1875,7.932,
399.3125,7.931,
399.4375,7.932,
399.5625,7.938,
399.6875,7.949,
399.8125,7.963,
399.9375,7.979,
400.0625,7.997,
400.1875,8.017,
400.3125,8.034,
400.4375,8.047,
400.5625,8.054,
400.6875,8.06,
400.8125,8.063,
400.9375,8.062,
401.0625,8.06,
401.1875,8.057,
401.3125,8.048,
401.4375,8.038,
401.5625,8.028,
401.6875,8.018,
401.8125,8.006,
401.9375,7.993,
402.0625,7.981,
402.1875,7.969,
402.3125,7.957,116.917
402.4375,7.945,
402.5625,7.936,
402.6875,7.924,
402.8125,7.913,
402.9375,7.905,
403.0625,7.9,
403.1875,7.895,
403.3125,7.889,110.803
403.4375,7.882,
403.5625,7.876,
403.6875,7.87,
403.8125,7.865,
403.9375,7.861,
404.0625,7.857,
404.1875,7.851,
404.3125,7.845,
404.4375,7.839,
404.5625,7.834,
404.6875,7.831,
404.8125,7.829,
404.9375,7.827,
405.0625,7.823,
405.1875,7.82,118.725
405.3125,7.818,
405.4375,7.819,
405.5625,7.826,
405.6875,7.839,
405.8125,7.862,
405.9375,7.895,71.818
406.0625,7.937,
406.1875,7.987,
406.3125,8.039,
406.4375,8.094,
406.5625,8.144,
406.6875,8.191,
406.8125,8.228,
406.9375,8.257,
407.0625,8.28,
407.1875,8.295,
407.3125,8.299,
407.4375,8.297,
407.5625,8.293,
407.6875,8.285,
407.8125,8.272,
407.9375,8.253,100.721
408.0625,8.232,
408.1875,8.209,
408.3125,8.186,
408.4375,8.164,
408.5625,8.146,
408.6875,8.126,
408.8125,8.104,71.86
408.9375,8.089,
409.0625,8.077,
409.1875,8.067,
409.3125,8.061,
409.4375,8.061,
409.5625,8.064,
409.6875,8.072,
409.8125,8.085,
409.9375,8.102,
410.0625,8.12,
410.1875,8.136,
410.3125,8.153,
410.4375,8.17,
410.5625,8.182,
410.6875,8.189,107.507
410.8125,8.194,
410.9375,8.193,
411.0625,8.192,
411.1875,8.191,
411.3125,8.194,
411.4375,8.201,
411.5625,8.207,
411.6875,8.213,92.322
411.8125,8.221,
411.9375,8.229,
412.0625,8.236,
412.1875,8.243,
412.3125,8.248,
412.4375,8.248,
412.5625,8.248,
412.6875,8.247,
412.8125,8.247,
412.9375,8.246,
413.0625,8.243,
413.1875,8.241,
413.3125,8.235,
413.4375,8.228,
413.5625,8.218,
413.6875,8.209,
413.8125,8.196,
413.9375,8.184,
414.0625,8.171,
414.1875,8.159,
414.3125,8.146,
414.4375,8.13,115.597
414.5625,8.116,
414.6875,8.103,
414.8125,8.09,
414.9375,8.078,
415.0625,8.066,
415.1875,8.054,
415.3125,8.044,
415.4375,8.033,
415.5625,8.024,
415.6875,8.014,
415.8125,8.004,
415.9375,7.997,
416.0625,7.99,
416.1875,7.982,
416.3125,7.974,
416.4375,7.966,
416.5625,7.959,
416.6875,7.953,
416.8125,7.947,
416.9375,7.943,
417.0625,7.938,
417.1875,7.933,
417.3125,7.927,
417.4375,7.921,
417.5625,7.916,
417.6875,7.911,
417.8125,7.906,
417.9375,7.9,
418.0625,7.893,
418.1875,7.888,
418.3125,7.882,
418.4375,7.877,67.221
418.5625,7.871,
418.6875,7.866,
418.8125,7.863,
418.9375,7.86,
419.0625,7.857,
419.1875,7.853,81.594
419.3125,7.85,
419.4375,7.849,
419.5625,7.848,
419.6875,7.85,
419.8125,7.851,85.215
419.9375,7.849,
420.0625,7.848,
420.1875,7.847,
420.3125,7.846,
420.4375,7.845,
420.5625,7.844,
420.6875,7.842,
420.8125,7.838,
420.9375,7.835,
421.0625,7.831,
421.1875,7.828,
421.3125,7.825,
421.4375,7.821,91.701
421.5625,7.818,
421.6875,7.814,
421.8125,7.81,
421.9375,7.806,
422.0625,7.803,
422.1875,7.799,
422.3125,7.797,
422.4375,7.798,
422.5625,7.801,
422.6875,7.806,
422.8125,7.814,
422.9375,7.823,
423.0625,7.835,
423.1875,7.847,
423.3125,7.859,
423.4375,7.869,
423.5625,7.876,70.338
423.6875,7.881,
423.8125,7.886,
423.9375,7.888,
424.0625,7.89,
424.1875,7.892,
424.3125,7.89,
424.4375,7.886,
424.5625,7.882,
424.6875,7.88,
424.8125,7.879,
424.9375,7.88,
425.0625,7.881,92.53
425.1875,7.888,
425.3125,7.895,
425.4375,7.901,
425.5625,7.908,
425.6875,7.915,
425.8125,7.916,
425.9375,7.918,
426.0625,7.922,
426.1875,7.923,
426.3125,7.924,
426.4375,7.92,
426.5625,7.916,
426.6875,7.913,
426.8125,7.908,
426.9375,7.904,
427.0625,7.9,
427.1875,7.892,
427.3125,7.884,
427.4375,7.877,
427.5625,7.871,
427.6875,7.866,117.701
427.8125,7.859,
427.9375,7.853,
428.0625,7.847,
428.1875,7.841,
428.3125,7.837,
428.4375,7.834,
428.5625,7.829,
428.6875,7.827,
428.8125,7.828,
428.9375,7.835,
429.0625,7.845,
429.1875,7.86,
429.3125,7.877,
429.4375,7.898,
429.5625,7.92,
429.6875,7.939,
429.8125,7.957,
429.9375,7.968,
430.0625,7.975,
430.1875,7.98,
430.3125,7.985,
430.4375,7.986,
430.5625,7.987,
430.6875,7.987,
430.8125,7.99,
430.9375,7.997,
431.0625,8.011,110.504
431.1875,8.03,
431.3125,8.051,
431.4375,8.069,
431.5625,8.087,
431.6875,8.104,
431.8125,8.117,
431.9375,8.127,
432.0625,8.133,
432.1875,8.132,
432.3125,8.129,
432.4375,8.125,
432.5625,8.123,
432.6875,8.117,
432.8125,8.106,
432.9375,8.093,95.478
433.0625,8.083,
433.1875,8.071,
433.3125,8.06,
433.4375,8.048,
433.5625,8.035,
433.6875,8.022,
433.8125,8.012,119.417
433.9375,8.002,
434.0625,7.997,
434.1875,7.993,
434.3125,7.991,
434.4375,7.992,
434.5625,7.996,
434.6875,8,
434.8125,8.003,117.252
434.9375,8.002,
435.0625,8.003,
435.1875,8.005,
435.3125,8.006,120
435.4375,8.01,
435.5625,8.015,
435.6875,8.024,
435.8125,8.041,
435.9375,8.071,
436.0625,8.114,
436.1875,8.173,
436.3125,8.248,
436.4375,8.334,
436.5625,8.431,
436.6875,8.533,
436.8125,8.636,
436.9375,8.738,
