0.1875,11.097,
0.3125,11.119,
0.4375,11.135,
0.5625,11.139,
0.6875,11.132,
0.8125,11.101,
0.9375,11.042,
1.0625,10.981,
1.1875,10.917,95.33
1.3125,10.853,
1.4375,10.781,
1.5625,10.701,
1.6875,10.622,
1.8125,10.544,
1.9375,10.466,
2.0625,10.39,66.494
2.1875,10.321,
2.3125,10.259,
2.4375,10.206,
2.5625,10.165,
2.6875,10.133,
2.8125,10.105,
2.9375,10.079,
3.0625,10.051,63.504
3.1875,10.022,
3.3125,9.992,
3.4375,9.961,
3.5625,9.929,
3.6875,9.897,
3.8125,9.861,
3.9375,9.822,63.57
4.0625,9.784,
4.1875,9.747,
4.3125,9.711,
4.4375,9.675,
4.5625,9.64,
4.6875,9.606,
4.8125,9.571,
4.9375,9.537,62.534
5.0625,9.506,
5.1875,9.476,
5.3125,9.449,
5.4375,9.422,
5.5625,9.397,
5.6875,9.373,
5.8125,9.35,
5.9375,9.327,61.532
6.0625,9.306,
6.1875,9.286,
6.3125,9.266,
6.4375,9.247,
6.5625,9.228,
6.6875,9.21,
6.8125,9.191,
6.9375,9.173,60.802
7.0625,9.156,
7.1875,9.138,
7.3125,9.122,
7.4375,9.107,
7.5625,9.094,
7.6875,9.082,
7.8125,9.072,
7.9375,9.063,58.71
8.0625,9.057,
8.1875,9.051,
8.3125,9.047,
8.4375,9.042,
8.5625,9.036,
8.6875,9.029,
8.8125,9.021,
8.9375,9.012,60.892
9.0625,9.002,
9.1875,8.99,
9.3125,8.979,
9.4375,8.967,
9.5625,8.955,
9.6875,8.942,
9.8125,8.929,
9.9375,8.915,58.127
10.0625,8.902,
10.1875,8.889,
10.3125,8.875,
10.4375,8.863,
10.5625,8.851,
10.6875,8.84,
10.8125,8.829,
10.9375,8.817,
11.0625,8.806,56.471
11.1875,8.795,
11.3125,8.784,
11.4375,8.773,
11.5625,8.764,
11.6875,8.754,
11.8125,8.744,
11.9375,8.735,
12.0625,8.725,54.662
12.1875,8.714,
12.3125,8.704,
12.4375,8.695,
12.5625,8.685,
12.6875,8.676,
12.8125,8.667,
12.9375,8.658,
13.0625,8.65,
13.1875,8.639,54.955
13.3125,8.63,
13.4375,8.621,
13.5625,8.613,
13.6875,8.604,
13.8125,8.596,
13.9375,8.588,
14.0625,8.581,
14.1875,8.573,
14.3125,8.563,53.218
14.4375,8.555,
14.5625,8.547,
14.6875,8.539,
14.8125,8.531,
14.9375,8.524,
15.0625,8.517,
15.1875,8.509,
15.3125,8.502,
15.4375,8.494,56.393
15.5625,8.487,
15.6875,8.48,
15.8125,8.474,
15.9375,8.467,
16.0625,8.461,
16.1875,8.455,
16.3125,8.448,
16.4375,8.442,55.982
16.5625,8.435,
16.6875,8.428,
16.8125,8.422,
16.9375,8.416,
17.0625,8.41,
17.1875,8.405,
17.3125,8.399,
17.4375,8.393,
17.5625,8.386,55.302
17.6875,8.379,
17.8125,8.373,
17.9375,8.367,
18.0625,8.36,
18.1875,8.355,
18.3125,8.349,
18.4375,8.343,
18.5625,8.337,58.851
18.6875,8.331,
18.8125,8.325,
18.9375,8.32,
19.0625,8.315,
19.1875,8.31,
19.3125,8.306,
19.4375,8.305,
19.5625,8.304,59.334
19.6875,8.306,
19.8125,8.311,
19.9375,8.317,
20.0625,8.324,
20.1875,8.331,
20.3125,8.337,
20.4375,8.342,
20.5625,8.344,58.71
20.6875,8.345,
20.8125,8.345,
20.9375,8.343,
21.0625,8.341,
21.1875,8.34,
21.3125,8.338,
21.4375,8.337,
21.5625,8.335,62.376
21.6875,8.334,
21.8125,8.331,
21.9375,8.329,
22.0625,8.327,
22.1875,8.324,
22.3125,8.321,
22.4375,8.318,
22.5625,8.312,62.123
22.6875,8.307,
22.8125,8.302,
22.9375,8.296,
23.0625,8.291,
23.1875,8.285,
23.3125,8.28,
23.4375,8.274,
23.5625,8.269,59.708
23.6875,8.263,
23.8125,8.257,
23.9375,8.252,
24.0625,8.247,
24.1875,8.242,
24.3125,8.238,
24.4375,8.232,63.867
24.5625,8.227,
24.6875,8.222,
24.8125,8.219,
24.9375,8.219,
25.0625,8.221,
25.1875,8.227,
25.3125,8.236,
25.4375,8.247,59.767
25.5625,8.261,
25.6875,8.275,
25.8125,8.288,
25.9375,8.301,
26.0625,8.312,
26.1875,8.32,
26.3125,8.326,
26.4375,8.329,
26.5625,8.329,58.32
26.6875,8.328,
26.8125,8.325,
26.9375,8.32,
27.0625,8.314,
27.1875,8.308,
27.3125,8.301,
27.4375,8.293,62.186
27.5625,8.285,
27.6875,8.278,
27.8125,8.273,
27.9375,8.269,
28.0625,8.269,
28.1875,8.271,
28.3125,8.276,
28.4375,8.282,
28.5625,8.288,57.421
28.6875,8.293,
28.8125,8.298,
28.9375,8.301,
29.0625,8.304,
29.1875,8.304,
29.3125,8.302,
29.4375,8.3,61.656
29.5625,8.297,
29.6875,8.292,
29.8125,8.287,
29.9375,8.282,
30.0625,8.276,
30.1875,8.27,
30.3125,8.264,
30.4375,8.257,
30.5625,8.251,59.708
30.6875,8.244,
30.8125,8.237,
30.9375,8.231,
31.0625,8.225,
31.1875,8.22,
31.3125,8.214,
31.4375,8.208,
31.5625,8.202,57.18
31.6875,8.197,
31.8125,8.191,
31.9375,8.186,
32.0625,8.182,
32.1875,8.178,
32.3125,8.173,
32.4375,8.168,
32.5625,8.162,61.594
32.6875,8.158,
32.8125,8.154,
32.9375,8.151,
33.0625,8.148,
33.1875,8.145,
33.3125,8.143,
33.4375,8.14,
33.5625,8.137,59.796
33.6875,8.134,
33.8125,8.131,
33.9375,8.128,
34.0625,8.124,
34.1875,8.121,
34.3125,8.117,
34.4375,8.113,62.218
34.5625,8.109,
34.6875,8.106,
34.8125,8.104,
34.9375,8.102,
35.0625,8.101,
35.1875,8.1,
35.3125,8.1,
35.4375,8.099,62.186
35.5625,8.1,
35.6875,8.102,
35.8125,8.102,
35.9375,8.103,
36.0625,8.104,
36.1875,8.103,
36.3125,8.102,
36.4375,8.1,60.711
36.5625,8.098,
36.6875,8.094,
36.8125,8.091,
36.9375,8.088,
37.0625,8.084,
37.1875,8.081,
37.3125,8.077,
37.4375,8.072,62.471
37.5625,8.067,
37.6875,8.063,
37.8125,8.059,
37.9375,8.055,
38.0625,8.051,
38.1875,8.048,
38.3125,8.043,64.134
38.4375,8.039,
38.5625,8.036,
38.6875,8.033,
38.8125,8.03,
38.9375,8.029,
39.0625,8.028,
39.1875,8.028,
39.3125,8.029,62.919
39.4375,8.031,
39.5625,8.033,
39.6875,8.036,
39.8125,8.039,
39.9375,8.042,
40.0625,8.044,
40.1875,8.044,65.887
40.3125,8.044,
40.4375,8.044,
40.5625,8.043,
40.6875,8.041,
40.8125,8.039,
40.9375,8.037,
41.0625,8.034,
41.1875,8.029,62.534
41.3125,8.025,
41.4375,8.021,
41.5625,8.017,
41.6875,8.013,
41.8125,8.009,
41.9375,8.005,
42.0625,8.001,
42.1875,7.997,60.862
42.3125,7.994,
42.4375,7.991,
42.5625,7.988,
42.6875,7.986,
42.8125,7.983,
42.9375,7.981,
43.0625,7.978,62.503
43.1875,7.975,
43.3125,7.972,
43.4375,7.969,
43.5625,7.966,
43.6875,7.964,
43.8125,7.961,
43.9375,7.958,
44.0625,7.955,
44.1875,7.952,58.486
44.3125,7.949,
44.4375,7.946,
44.5625,7.944,
44.6875,7.941,
44.8125,7.939,
44.9375,7.936,
45.0625,7.932,
45.1875,7.929,60.652
45.3125,7.926,
45.4375,7.924,
45.5625,7.921,
45.6875,7.917,
45.8125,7.915,
45.9375,7.912,
46.0625,7.908,
46.1875,7.905,58.209
46.3125,7.901,
46.4375,7.899,
46.5625,7.895,
46.6875,7.893,
46.8125,7.89,
46.9375,7.888,
47.0625,7.885,
47.1875,7.882,58.542
47.3125,7.879,
47.4375,7.876,
47.5625,7.873,
47.6875,7.87,
47.8125,7.867,
47.9375,7.864,
48.0625,7.861,
48.1875,7.857,62.218
48.3125,7.854,
48.4375,7.851,
48.5625,7.849,
48.6875,7.846,
48.8125,7.843,
48.9375,7.841,
49.0625,7.838,
49.1875,7.834,59.941
49.3125,7.831,
49.4375,7.829,
49.5625,7.825,
49.6875,7.823,
49.8125,7.82,
49.9375,7.818,
50.0625,7.814,
50.1875,7.811,61.195
50.3125,7.809,
50.4375,7.806,
50.5625,7.803,
50.6875,7.801,
50.8125,7.798,
50.9375,7.796,
51.0625,7.792,60.592
51.1875,7.789,
51.3125,7.786,
51.4375,7.783,
51.5625,7.78,
51.6875,7.777,
51.8125,7.775,
51.9375,7.772,
52.0625,7.769,
52.1875,7.766,59.305
52.3125,7.763,
52.4375,7.761,
52.5625,7.758,
52.6875,7.756,
52.8125,7.753,
52.9375,7.75,
53.0625,7.746,62.951
53.1875,7.743,
53.3125,7.741,
53.4375,7.738,
53.5625,7.736,
53.6875,7.733,
53.8125,7.73,
53.9375,7.727,
54.0625,7.723,61.074
54.1875,7.721,
54.3125,7.718,
54.4375,7.715,
54.5625,7.712,
54.6875,7.709,
54.8125,7.706,
54.9375,7.704,
55.0625,7.7,60.443
55.1875,7.697,
55.3125,7.694,
55.4375,7.692,
55.5625,7.689,
55.6875,7.687,
55.8125,7.685,
55.9375,7.682,
56.0625,7.678,62.376
56.1875,7.675,
56.3125,7.672,
56.4375,7.67,
56.5625,7.668,
56.6875,7.666,
56.8125,7.664,
56.9375,7.665,61.873
57.0625,7.67,
57.1875,7.682,
57.3125,7.702,
57.4375,7.733,
57.5625,7.774,
57.6875,7.82,
57.8125,7.871,
57.9375,7.923,63.145
58.0625,7.971,
58.1875,8.016,
58.3125,8.052,
58.4375,8.081,
58.5625,8.102,
58.6875,8.116,
58.8125,8.123,
58.9375,8.123,64
59.0625,8.119,
59.1875,8.113,
59.3125,8.104,
59.4375,8.094,
59.5625,8.082,
59.6875,8.072,
59.8125,8.06,62.218
59.9375,8.05,
60.0625,8.039,
60.1875,8.03,
60.3125,8.02,
60.4375,8.009,
60.5625,7.999,
60.6875,7.988,
60.8125,7.978,64.47
60.9375,7.969,
61.0625,7.959,
61.1875,7.95,
61.3125,7.941,
61.4375,7.932,
61.5625,7.923,
,,
61.6875,7.915,
61.8125,7.906,60.983
61.9375,7.899,
62.0625,7.893,
62.1875,7.887,
62.3125,7.881,
62.4375,7.875,
62.5625,7.87,
62.6875,7.864,
62.8125,7.858,58.292
62.9375,7.852,
63.0625,7.847,
63.1875,7.841,
63.3125,7.835,
63.4375,7.83,
63.5625,7.825,
63.6875,7.821,
63.8125,7.816,59.477
63.9375,7.811,
64.0625,7.806,
64.1875,7.802,
64.3125,7.798,
64.4375,7.794,
64.5625,7.79,
64.6875,7.786,
64.8125,7.781,
64.9375,7.777,55.401
65.0625,7.773,
65.1875,7.768,
65.3125,7.763,
65.4375,7.76,
65.5625,7.756,
65.6875,7.752,
65.8125,7.748,
65.9375,7.744,56.29
66.0625,7.741,
66.1875,7.737,
66.3125,7.734,
66.4375,7.731,
66.5625,7.729,
66.6875,7.726,
66.8125,7.723,
66.9375,7.72,60.029
67.0625,7.718,
67.1875,7.717,
67.3125,7.718,
67.4375,7.72,
67.5625,7.724,
67.6875,7.728,
67.8125,7.731,
67.9375,7.735,59.825
68.0625,7.738,
68.1875,7.739,
68.3125,7.74,
68.4375,7.741,
68.5625,7.74,
68.6875,7.739,
68.8125,7.737,
68.9375,7.734,62.407
69.0625,7.732,
69.1875,7.728,
69.3125,7.726,
69.4375,7.722,
69.5625,7.719,
69.6875,7.716,
69.8125,7.712,
69.9375,7.709,61.718
70.0625,7.707,
70.1875,7.704,
70.3125,7.701,
70.4375,7.698,
70.5625,7.696,
70.6875,7.694,
70.8125,7.69,61.78
70.9375,7.688,
71.0625,7.684,
71.1875,7.682,
71.3125,7.679,
71.4375,7.676,
71.5625,7.673,
71.6875,7.669,
71.8125,7.666,65.958
71.9375,7.662,
72.0625,7.659,
72.1875,7.656,
72.3125,7.653,
72.4375,7.651,
72.5625,7.649,
72.6875,7.648,63.406
72.8125,7.648,
72.9375,7.647,
73.0625,7.647,
73.1875,7.648,
73.3125,7.649,
73.4375,7.648,
73.5625,7.647,
73.6875,7.646,63.471
73.8125,7.644,
73.9375,7.642,
74.0625,7.639,
74.1875,7.637,
74.3125,7.635,
74.4375,7.632,
74.5625,7.631,65.958
74.6875,7.632,
74.8125,7.636,
74.9375,7.643,
75.0625,7.653,
75.1875,7.664,
75.3125,7.676,
75.4375,7.688,
75.5625,7.699,60.832
75.6875,7.708,
75.8125,7.716,
75.9375,7.72,
76.0625,7.724,
76.1875,7.726,
76.3125,7.725,
76.4375,7.722,
76.5625,7.718,60.832
76.6875,7.714,
76.8125,7.709,
76.9375,7.704,
77.0625,7.698,
77.1875,7.692,
77.3125,7.686,
77.4375,7.679,
77.5625,7.672,61.749
77.6875,7.666,
77.8125,7.659,
77.9375,7.653,
78.0625,7.647,
78.1875,7.642,
78.3125,7.637,
78.4375,7.632,
78.5625,7.626,58.598
78.6875,7.621,
78.8125,7.615,
78.9375,7.61,
79.0625,7.605,
79.1875,7.602,
79.3125,7.597,
79.4375,7.593,
79.5625,7.589,61.256
79.6875,7.585,
79.8125,7.581,
79.9375,7.577,
80.0625,7.573,
80.1875,7.569,
80.3125,7.565,
80.4375,7.561,
80.5625,7.556,60.059
80.6875,7.552,
80.8125,7.548,
80.9375,7.544,
81.0625,7.54,
81.1875,7.536,
81.3125,7.533,
81.4375,7.531,
81.5625,7.53,60
81.6875,7.533,
81.8125,7.539,
81.9375,7.55,
82.0625,7.564,
82.1875,7.582,
82.3125,7.599,
82.4375,7.617,62.061
82.5625,7.634,
82.6875,7.649,
82.8125,7.661,
82.9375,7.669,
83.0625,7.676,
83.1875,7.68,
83.3125,7.681,
83.4375,7.68,61.043
83.5625,7.677,
83.6875,7.673,
83.8125,7.667,
83.9375,7.661,
84.0625,7.654,
84.1875,7.648,
84.3125,7.64,
84.4375,7.632,61.78
84.5625,7.624,
84.6875,7.616,
84.8125,7.609,
84.9375,7.602,
85.0625,7.595,
85.1875,7.588,
85.3125,7.581,
85.4375,7.574,62.566
85.5625,7.568,
85.6875,7.562,
85.8125,7.558,
85.9375,7.553,
86.0625,7.549,
86.1875,7.544,
86.3125,7.54,
86.4375,7.535,59.622
86.5625,7.53,
86.6875,7.526,
86.8125,7.521,
86.9375,7.517,
87.0625,7.513,
87.1875,7.509,
87.3125,7.504,63.537
87.4375,7.501,
87.5625,7.501,
87.6875,7.505,
87.8125,7.516,
87.9375,7.539,
88.0625,7.573,
88.1875,7.62,
88.3125,7.676,63.471
88.4375,7.738,
88.5625,7.801,
88.6875,7.862,
88.8125,7.917,
88.9375,7.964,
89.0625,8.003,
89.1875,8.033,63.635
89.3125,8.054,
89.4375,8.066,
89.5625,8.068,
89.6875,8.065,
89.8125,8.055,
89.9375,8.042,
90.0625,8.024,67.554
90.1875,8.006,
90.3125,7.986,
90.4375,7.965,
90.5625,7.945,
90.6875,7.926,
90.8125,7.908,
90.9375,7.89,
91.0625,7.872,64.947
91.1875,7.855,
91.3125,7.84,
91.4375,7.826,
91.5625,7.813,
91.6875,7.8,
91.8125,7.788,
91.9375,7.777,65.536
92.0625,7.766,
92.1875,7.755,
92.3125,7.745,
92.4375,7.736,
92.5625,7.727,
92.6875,7.719,
92.8125,7.71,
92.9375,7.703,63.867
93.0625,7.697,
93.1875,7.693,
93.3125,7.691,
93.4375,7.692,
93.5625,7.696,
93.6875,7.701,
93.8125,7.706,
93.9375,7.712,60.832
94.0625,7.715,
94.1875,7.719,
94.3125,7.72,
94.4375,7.721,
94.5625,7.72,
94.6875,7.717,
94.8125,7.712,65.016
94.9375,7.708,
95.0625,7.702,
95.1875,7.696,
95.3125,7.689,
95.4375,7.682,
95.5625,7.675,
95.6875,7.669,
95.8125,7.665,61.935
95.9375,7.665,
96.0625,7.673,
96.1875,7.692,
96.3125,7.725,
96.4375,7.773,
96.5625,7.834,
96.6875,7.904,
96.8125,7.977,61.195
96.9375,8.048,
97.0625,8.115,
97.1875,8.175,
97.3125,8.225,
97.4375,8.267,
97.5625,8.298,
97.6875,8.32,62.662
97.8125,8.33,
97.9375,8.331,
98.0625,8.324,
98.1875,8.312,
98.3125,8.298,
98.4375,8.279,
98.5625,8.257,
98.6875,8.234,60.862
98.8125,8.21,
98.9375,8.186,
99.0625,8.161,
99.1875,8.138,
99.3125,8.115,
99.4375,8.093,
99.5625,8.072,64.776
99.6875,8.053,
99.8125,8.034,
99.9375,8.02,
100.0625,8.013,
100.1875,8.016,
100.3125,8.034,
100.4375,8.068,
100.5625,8.117,62.983
100.6875,8.18,
100.8125,8.252,
100.9375,8.324,
101.0625,8.392,
101.1875,8.451,
101.3125,8.499,
101.4375,8.536,
101.5625,8.561,62.281
101.6875,8.573,
101.8125,8.574,
101.9375,8.565,
102.0625,8.549,
102.1875,8.526,
102.3125,8.499,
102.4375,8.467,64.504
102.5625,8.434,
102.6875,8.399,
102.8125,8.364,
102.9375,8.33,
103.0625,8.298,
103.1875,8.267,
103.3125,8.239,
103.4375,8.214,62.249
103.5625,8.19,
103.6875,8.168,
103.8125,8.149,
103.9375,8.13,
104.0625,8.112,
104.1875,8.096,
104.3125,8.083,65.292
104.4375,8.075,
104.5625,8.075,
104.6875,8.087,
104.8125,8.113,
104.9375,8.152,
105.0625,8.201,
105.1875,8.258,
105.3125,8.319,63.867
105.4375,8.377,
105.5625,8.428,
105.6875,8.471,
105.8125,8.502,
105.9375,8.523,
106.0625,8.534,
106.1875,8.535,
106.3125,8.528,61.656
106.4375,8.514,
106.5625,8.496,
106.6875,8.474,
106.8125,8.449,
106.9375,8.423,
107.0625,8.397,
107.1875,8.372,65.396
107.3125,8.352,
107.4375,8.34,
107.5625,8.34,
107.6875,8.356,
107.8125,8.391,
107.9375,8.443,
108.0625,8.509,
108.1875,8.584,62.503
108.3125,8.66,
108.4375,8.729,
108.5625,8.789,
108.6875,8.837,
108.8125,8.873,
108.9375,8.897,
109.0625,8.912,62.092
109.1875,8.914,
109.3125,8.907,
109.4375,8.892,
109.5625,8.872,
109.6875,8.845,
109.8125,8.814,
109.9375,8.78,
110.0625,8.745,62.886
110.1875,8.712,
110.3125,8.683,
110.4375,8.661,
110.5625,8.648,
110.6875,8.645,
110.8125,8.651,
110.9375,8.664,
111.0625,8.68,60.832
111.1875,8.697,
111.3125,8.711,
111.4375,8.722,
111.5625,8.729,
111.6875,8.732,
111.8125,8.731,
111.9375,8.726,65.782
112.0625,8.718,
112.1875,8.708,
112.3125,8.697,
112.4375,8.686,
112.5625,8.674,
112.6875,8.66,
112.8125,8.644,
112.9375,8.625,62.854
113.0625,8.607,
113.1875,8.587,
113.3125,8.567,
113.4375,8.548,
113.5625,8.529,
113.6875,8.51,
113.8125,8.492,63.504
113.9375,8.474,
114.0625,8.457,
114.1875,8.441,
114.3125,8.425,
114.4375,8.41,
114.5625,8.398,
114.6875,8.385,
114.8125,8.371,62.218
114.9375,8.358,
115.0625,8.345,
115.1875,8.334,
115.3125,8.323,
115.4375,8.312,
115.5625,8.302,
115.6875,8.291,
115.8125,8.28,57.826
115.9375,8.271,
116.0625,8.261,
116.1875,8.252,
116.3125,8.244,
116.4375,8.235,
116.5625,8.228,
116.6875,8.22,
116.8125,8.213,59.276
116.9375,8.205,
117.0625,8.197,
117.1875,8.19,
117.3125,8.183,
117.4375,8.176,
117.5625,8.168,
117.6875,8.162,
117.8125,8.155,
117.9375,8.148,57.772
118.0625,8.141,
118.1875,8.135,
118.3125,8.129,
118.4375,8.123,
118.5625,8.117,
118.6875,8.112,
118.8125,8.106,
118.9375,8.101,56.653
119.0625,8.095,
119.1875,8.089,
119.3125,8.084,
119.4375,8.079,
119.5625,8.073,
119.6875,8.067,
119.8125,8.062,
119.9375,8.057,
120.0625,8.051,58.099
120.1875,8.046,
120.3125,8.041,
120.4375,8.036,
120.5625,8.031,
120.6875,8.026,
120.8125,8.022,
120.9375,8.016,
121.0625,8.012,56.81
121.1875,8.008,
121.3125,8.003,
121.4375,7.999,
121.5625,7.994,
121.6875,7.989,
121.8125,7.986,
121.9375,7.982,
122.0625,7.978,59.362
122.1875,7.973,
122.3125,7.969,
122.4375,7.965,
122.5625,7.962,
122.6875,7.958,
122.8125,7.955,
122.9375,7.952,
123.0625,7.948,59.334
123.1875,7.943,
123.3125,7.94,
123.4375,7.936,
123.5625,7.933,
123.6875,7.929,
123.8125,7.925,
123.9375,7.922,
124.0625,7.918,60.235
124.1875,7.914,
124.3125,7.91,
124.4375,7.907,
124.5625,7.903,
124.6875,7.901,
124.8125,7.898,
124.9375,7.895,
125.0625,7.892,62.886
125.1875,7.891,
125.3125,7.888,
125.4375,7.885,
125.5625,7.882,
125.6875,7.879,
125.8125,7.876,
125.9375,7.873,
126.0625,7.869,61.967
126.1875,7.867,
126.3125,7.864,
126.4375,7.861,
126.5625,7.858,
126.6875,7.855,
126.8125,7.852,
126.9375,7.848,
127.0625,7.846,59.825
127.1875,7.842,
127.3125,7.839,
127.4375,7.837,
127.5625,7.834,
127.6875,7.831,
127.8125,7.829,
127.9375,7.826,62.376
128.0625,7.823,
128.1875,7.82,
128.3125,7.818,
128.4375,7.815,
128.5625,7.813,
128.6875,7.811,
128.8125,7.808,
128.9375,7.806,61.195
129.0625,7.803,
129.1875,7.801,
129.3125,7.799,
129.4375,7.797,
129.5625,7.795,
129.6875,7.793,
129.8125,7.79,
129.9375,7.788,62.218
130.0625,7.785,
130.1875,7.782,
130.3125,7.78,
130.4375,7.777,
130.5625,7.776,
130.6875,7.776,
130.8125,7.776,62.886
130.9375,7.78,
131.0625,7.789,
131.1875,7.806,
131.3125,7.831,
131.4375,7.864,
131.5625,7.904,
131.6875,7.946,
131.8125,7.988,61.749
131.9375,8.028,
132.0625,8.065,
132.1875,8.098,
132.3125,8.126,
132.4375,8.147,
132.5625,8.163,
132.6875,8.172,
132.8125,8.177,63.34
132.9375,8.179,
133.0625,8.176,
133.1875,8.171,
133.3125,8.162,
133.4375,8.152,
133.5625,8.14,
133.6875,8.127,62.123
133.8125,8.113,
133.9375,8.1,
134.0625,8.087,
134.1875,8.075,
134.3125,8.064,
134.4375,8.054,
134.5625,8.044,
134.6875,8.034,62.123
134.8125,8.025,
134.9375,8.016,
135.0625,8.009,
135.1875,8.003,
135.3125,7.997,
135.4375,7.991,
135.5625,7.985,
135.6875,7.979,64.167
135.8125,7.974,
135.9375,7.969,
136.0625,7.965,
136.1875,7.961,
136.3125,7.957,
136.4375,7.954,
136.5625,7.951,
136.6875,7.948,61.532
136.8125,7.946,
136.9375,7.945,
137.0625,7.944,
137.1875,7.943,
137.3125,7.942,
137.4375,7.939,
137.5625,7.938,64.033
137.6875,7.936,
137.8125,7.934,
137.9375,7.931,
138.0625,7.93,
138.1875,7.929,
138.3125,7.932,
138.4375,7.938,
138.5625,7.954,63.967
138.6875,7.978,
138.8125,8.014,
138.9375,8.061,
139.0625,8.117,
139.1875,8.177,
139.3125,8.238,
139.4375,8.294,62.694
139.5625,8.346,
139.6875,8.391,
139.8125,8.427,
139.9375,8.453,
140.0625,8.471,
140.1875,8.482,
140.3125,8.485,67.591
140.4375,8.483,
140.5625,8.475,
140.6875,8.463,
140.8125,8.448,
140.9375,8.431,
141.0625,8.412,
141.1875,8.392,
141.3125,8.373,64.436
141.4375,8.354,
141.5625,8.338,
141.6875,8.322,
141.8125,8.307,
141.9375,8.293,
142.0625,8.281,
142.1875,8.268,63.602
142.3125,8.256,
142.4375,8.244,
142.5625,8.233,
142.6875,8.224,
142.8125,8.217,
142.9375,8.211,
143.0625,8.211,
143.1875,8.215,63.145
143.3125,8.224,
143.4375,8.238,
143.5625,8.254,
143.6875,8.271,
143.8125,8.288,
143.9375,8.303,
144.0625,8.315,
144.1875,8.322,60.265
144.3125,8.327,
144.4375,8.329,
144.5625,8.329,
144.6875,8.326,
144.8125,8.322,
144.9375,8.315,
145.0625,8.307,66.278
145.1875,8.299,
145.3125,8.289,
145.4375,8.28,
145.5625,8.272,
145.6875,8.263,
145.8125,8.255,
145.9375,8.247,
146.0625,8.239,63.933
146.1875,8.231,
146.3125,8.224,
146.4375,8.217,
146.5625,8.21,
146.6875,8.205,
146.8125,8.199,
146.9375,8.193,61.287
147.0625,8.187,
147.1875,8.181,
147.3125,8.176,
147.4375,8.171,
147.5625,8.166,
147.6875,8.162,
147.8125,8.157,
147.9375,8.153,62.503
148.0625,8.149,
148.1875,8.145,
148.3125,8.142,
148.4375,8.139,
148.5625,8.136,
148.6875,8.132,
148.8125,8.128,
148.9375,8.125,59.854
149.0625,8.121,
149.1875,8.118,
149.3125,8.114,
149.4375,8.11,
149.5625,8.107,
149.6875,8.103,
149.8125,8.1,64.913
149.9375,8.096,
150.0625,8.093,
150.1875,8.091,
150.3125,8.091,
150.4375,8.093,
150.5625,8.099,
150.6875,8.107,
150.8125,8.118,65.154
150.9375,8.132,
151.0625,8.146,
151.1875,8.159,
151.3125,8.171,
151.4375,8.18,
151.5625,8.188,
151.6875,8.191,63.668
151.8125,8.193,
151.9375,8.193,
152.0625,8.19,
152.1875,8.187,
152.3125,8.183,
152.4375,8.177,
152.5625,8.17,
152.6875,8.163,67.295
152.8125,8.155,
152.9375,8.148,
153.0625,8.14,
153.1875,8.132,
153.3125,8.126,
153.4375,8.119,
153.5625,8.113,63.701
153.6875,8.109,
153.8125,8.108,
153.9375,8.112,
154.0625,8.123,
154.1875,8.142,
154.3125,8.169,
154.4375,8.203,
154.5625,8.242,59.825
154.6875,8.286,
154.8125,8.332,
154.9375,8.375,
155.0625,8.413,
155.1875,8.445,
155.3125,8.47,
155.4375,8.489,
155.5625,8.502,62.79
155.6875,8.51,
155.8125,8.512,
155.9375,8.51,
156.0625,8.504,
156.1875,8.495,
156.3125,8.484,
156.4375,8.47,
156.5625,8.454,59.105
156.6875,8.438,
156.8125,8.422,
156.9375,8.407,
157.0625,8.391,
157.1875,8.376,
157.3125,8.362,
157.4375,8.349,
157.5625,8.337,60.029
157.6875,8.327,
157.8125,8.316,
157.9375,8.306,
158.0625,8.296,
158.1875,8.286,
158.3125,8.277,
158.4375,8.27,
158.5625,8.262,59.971
158.6875,8.255,
158.8125,8.249,
158.9375,8.244,
159.0625,8.24,
159.1875,8.236,
159.3125,8.233,
159.4375,8.228,
159.5625,8.223,58.182
159.6875,8.219,
159.8125,8.215,
159.9375,8.21,
160.0625,8.206,
160.1875,8.201,
160.3125,8.196,
160.4375,8.192,
160.5625,8.186,60.413
160.6875,8.18,
160.8125,8.175,
160.9375,8.17,
161.0625,8.165,
161.1875,8.16,
161.3125,8.155,
161.4375,8.151,
161.5625,8.145,57.69
161.6875,8.14,
161.8125,8.136,
161.9375,8.131,
162.0625,8.127,
162.1875,8.123,
162.3125,8.118,
162.4375,8.114,
162.5625,8.109,60
162.6875,8.104,
162.8125,8.1,
162.9375,8.096,
163.0625,8.092,
163.1875,8.088,
163.3125,8.083,
163.4375,8.079,
163.5625,8.075,
163.6875,8.071,58.992
163.8125,8.066,
163.9375,8.063,
164.0625,8.059,
164.1875,8.056,
164.3125,8.052,
164.4375,8.048,
164.5625,8.045,
164.6875,8.041,58.237
164.8125,8.037,
164.9375,8.034,
165.0625,8.031,
165.1875,8.027,
165.3125,8.024,
165.4375,8.022,
165.5625,8.021,62.312
165.6875,8.024,
165.8125,8.031,
165.9375,8.047,
166.0625,8.071,
166.1875,8.103,
166.3125,8.14,
166.4375,8.181,
166.5625,8.221,61.471
166.6875,8.259,
166.8125,8.295,
166.9375,8.326,
167.0625,8.354,
167.1875,8.378,
167.3125,8.4,
167.4375,8.419,
167.5625,8.437,66.065
167.6875,8.455,
167.8125,8.476,
167.9375,8.507,
168.0625,8.549,
168.1875,8.605,
168.3125,8.673,
168.4375,8.751,65.327
168.5625,8.834,
168.6875,8.911,
168.8125,8.983,
168.9375,9.045,
169.0625,9.097,
169.1875,9.137,
169.3125,9.163,64.879
169.4375,9.177,
169.5625,9.177,
169.6875,9.166,
169.8125,9.148,
169.9375,9.122,
170.0625,9.092,
170.1875,9.057,
170.3125,9.022,64.947
170.4375,8.987,
170.5625,8.954,
170.6875,8.925,
170.8125,8.901,
170.9375,8.889,
171.0625,8.899,
171.1875,8.942,
171.3125,9.029,60.354
171.4375,9.166,
171.5625,9.349,
171.6875,9.563,
171.8125,9.779,
171.9375,9.985,
172.0625,10.181,
172.1875,10.368,63.112
172.3125,10.529,
172.4375,10.649,
172.5625,10.744,
172.6875,10.821,
172.8125,10.875,
172.9375,10.904,
173.0625,10.908,
173.1875,10.896,62.886
173.3125,10.868,
173.4375,10.826,
173.5625,10.775,
173.6875,10.714,
173.8125,10.643,
173.9375,10.567,
174.0625,10.489,
174.1875,10.41,60.862
174.3125,10.331,
174.4375,10.254,
174.5625,10.18,
174.6875,10.109,
174.8125,10.042,
174.9375,9.98,
175.0625,9.924,62.155
175.1875,9.872,
175.3125,9.827,
175.4375,9.788,
175.5625,9.753,
175.6875,9.719,
175.8125,9.687,
175.9375,9.657,
176.0625,9.63,60.472
176.1875,9.604,
176.3125,9.578,
176.4375,9.553,
176.5625,9.527,
176.6875,9.501,
176.8125,9.476,
176.9375,9.451,
177.0625,9.427,63.602
177.1875,9.404,
177.3125,9.38,
177.4375,9.356,
177.5625,9.334,
177.6875,9.313,
177.8125,9.292,
177.9375,9.27,
178.0625,9.25,60.772
178.1875,9.233,
178.3125,9.222,
178.4375,9.221,
178.5625,9.236,
178.6875,9.27,
178.8125,9.327,
178.9375,9.408,64.033
179.0625,9.509,
179.1875,9.626,
179.3125,9.752,
179.4375,9.879,
179.5625,9.996,
179.6875,10.098,
179.8125,10.177,
179.9375,10.236,63.34
180.0625,10.275,
180.1875,10.297,
180.3125,10.302,
180.4375,10.293,
180.5625,10.271,
180.6875,10.236,
180.8125,10.191,
180.9375,10.139,61.104
181.0625,10.084,
181.1875,10.028,
181.3125,9.971,
181.4375,9.915,
181.5625,9.859,
181.6875,9.808,
181.8125,9.76,64
181.9375,9.72,
182.0625,9.698,
182.1875,9.703,
182.3125,9.741,
182.4375,9.823,
182.5625,9.951,
182.6875,10.122,
182.8125,10.323,61.502
182.9375,10.541,
183.0625,10.752,
183.1875,10.934,
183.3125,11.081,
183.4375,11.193,
183.5625,11.277,
183.6875,11.331,
183.8125,11.359,61.967
183.9375,11.366,
184.0625,11.362,
184.1875,11.36,
184.3125,11.376,
184.4375,11.425,
184.5625,11.514,
184.6875,11.642,63.177
184.8125,11.802,
184.9375,11.979,
185.0625,12.151,
185.1875,12.312,
185.3125,12.458,
185.4375,12.592,
185.5625,12.71,
185.6875,12.8,60.472
185.8125,12.87,
185.9375,12.904,
186.0625,12.896,
186.1875,12.851,
186.3125,12.78,
186.4375,12.688,
186.5625,12.585,
186.6875,12.476,63.668
186.8125,12.364,
186.9375,12.252,
187.0625,12.145,
187.1875,12.048,
187.3125,11.96,
187.4375,11.88,
187.5625,11.806,
187.6875,11.738,60.088
187.8125,11.674,
187.9375,11.607,
188.0625,11.538,
188.1875,11.466,
188.3125,11.391,
188.4375,11.315,
188.5625,11.239,
188.6875,11.166,58.992
188.8125,11.101,
188.9375,11.049,
189.0625,11.014,
189.1875,10.998,
189.3125,11.001,
189.4375,11.019,
189.5625,11.044,
189.6875,11.074,62.249
189.8125,11.107,
189.9375,11.129,
190.0625,11.14,
190.1875,11.141,
190.3125,11.13,
190.4375,11.108,
190.5625,11.075,
190.6875,11.035,59.767
190.8125,10.992,
190.9375,10.951,
191.0625,10.918,
191.1875,10.894,
191.3125,10.879,
191.4375,10.874,
191.5625,10.873,64
191.6875,10.876,
191.8125,10.88,
191.9375,10.882,
192.0625,10.88,
192.1875,10.873,
192.3125,10.859,
192.4375,10.839,
192.5625,10.811,60.802
192.6875,10.777,
192.8125,10.737,
192.9375,10.692,
193.0625,10.645,
193.1875,10.596,
193.3125,10.545,
193.4375,10.494,
193.5625,10.443,60.059
193.6875,10.392,
193.8125,10.343,
193.9375,10.296,
194.0625,10.251,
194.1875,10.209,
194.3125,10.169,
194.4375,10.129,
194.5625,10.093,62.407
194.6875,10.057,
194.8125,10.023,
194.9375,9.991,
195.0625,9.961,
195.1875,9.932,
195.3125,9.904,
195.4375,9.876,
195.5625,9.85,58.654
195.6875,9.824,
195.8125,9.8,
195.9375,9.777,
196.0625,9.754,
196.1875,9.732,
196.3125,9.711,
196.4375,9.69,
196.5625,9.669,61.502
196.6875,9.65,
196.8125,9.633,
196.9375,9.617,
197.0625,9.605,
197.1875,9.597,
197.3125,9.591,
197.4375,9.589,
197.5625,9.591,60.413
197.6875,9.598,
197.8125,9.61,
197.9375,9.624,
198.0625,9.642,
198.1875,9.659,
198.3125,9.674,
198.4375,9.685,
198.5625,9.691,58.851
198.6875,9.693,
198.8125,9.69,
198.9375,9.685,
199.0625,9.675,
199.1875,9.663,
199.3125,9.648,
199.4375,9.63,
199.5625,9.61,61.502
199.6875,9.589,
199.8125,9.568,
199.9375,9.546,
200.0625,9.524,
200.1875,9.503,
200.3125,9.481,
200.4375,9.46,
200.5625,9.438,59.105
200.6875,9.418,
200.8125,9.399,
200.9375,9.38,
201.0625,9.363,
201.1875,9.346,
201.3125,9.329,
201.4375,9.314,
201.5625,9.297,58.044
201.6875,9.281,
201.8125,9.266,
201.9375,9.252,
202.0625,9.238,
202.1875,9.224,
202.3125,9.211,
202.4375,9.197,
202.5625,9.184,59.477
202.6875,9.172,
202.8125,9.158,
202.9375,9.146,
203.0625,9.134,
203.1875,9.122,
203.3125,9.11,
203.4375,9.1,
203.5625,9.09,58.907
203.6875,9.081,
203.8125,9.076,
203.9375,9.076,
204.0625,9.081,
204.1875,9.09,
204.3125,9.103,
204.4375,9.116,
204.5625,9.128,60.235
204.6875,9.138,
204.8125,9.146,
204.9375,9.151,
205.0625,9.153,
205.1875,9.152,
205.3125,9.148,
205.4375,9.141,
205.5625,9.132,59.737
205.6875,9.121,
205.8125,9.108,
205.9375,9.094,
206.0625,9.079,
