0.1875,7.054,
0.3125,7.034,
0.4375,7.005,
0.5625,6.969,
0.6875,6.928,
0.8125,6.886,
0.9375,6.842,
1.0625,6.799,
1.1875,6.757,
1.3125,6.716,
1.4375,6.677,
1.5625,6.642,66.53
1.6875,6.612,
1.8125,6.586,
1.9375,6.562,
2.0625,6.54,
2.1875,6.518,
2.3125,6.497,
2.4375,6.477,70.177
2.5625,6.457,
2.6875,6.437,
2.8125,6.418,
2.9375,6.4,
3.0625,6.382,
3.1875,6.366,
3.3125,6.351,68.457
3.4375,6.341,
3.5625,6.336,
3.6875,6.339,
3.8125,6.348,
3.9375,6.363,
4.0625,6.383,
4.1875,6.402,64.947
4.3125,6.419,
4.4375,6.435,
4.5625,6.446,
4.6875,6.452,
4.8125,6.453,
4.9375,6.449,
5.0625,6.439,69.779
5.1875,6.426,
5.3125,6.41,
5.4375,6.392,
5.5625,6.373,
5.6875,6.353,
5.8125,6.332,
5.9375,6.311,72.796
6.0625,6.289,
6.1875,6.268,
6.3125,6.248,
6.4375,6.23,
6.5625,6.212,
6.6875,6.194,73.493
6.8125,6.178,
6.9375,6.163,
7.0625,6.149,
7.1875,6.137,
7.3125,6.125,
7.4375,6.113,
7.5625,6.101,70.743
7.6875,6.091,
7.8125,6.081,
7.9375,6.071,
8.0625,6.063,
8.1875,6.054,
8.3125,6.046,
8.4375,6.038,72.883
8.5625,6.03,
8.6875,6.024,
8.8125,6.018,
8.9375,6.012,
9.0625,6.006,
9.1875,6,
9.3125,5.993,68.533
9.4375,5.986,
9.5625,5.979,
9.6875,5.973,
9.8125,5.968,
9.9375,5.964,
10.0625,5.962,
10.1875,5.962,66.674
10.3125,5.966,
10.4375,5.975,
10.5625,5.987,
10.6875,6.001,
10.8125,6.015,
10.9375,6.028,
11.0625,6.037,68.002
11.1875,6.043,
11.3125,6.045,
11.4375,6.043,
11.5625,6.039,
11.6875,6.034,
11.8125,6.026,
11.9375,6.016,65.327
12.0625,6.005,
12.1875,5.995,
12.3125,5.985,
12.4375,5.976,
12.5625,5.97,
12.6875,5.967,
12.8125,5.967,
12.9375,5.97,
13.0625,5.976,58.514
13.1875,5.983,
13.3125,5.991,
13.4375,5.997,
13.5625,6.001,
13.6875,6.003,
13.8125,6.002,
13.9375,5.999,61.134
14.0625,5.994,
14.1875,5.989,
14.3125,5.982,
14.4375,5.976,
14.5625,5.973,
14.6875,5.975,
14.8125,5.98,
14.9375,5.993,
15.0625,6.011,56.315
15.1875,6.034,
15.3125,6.059,
15.4375,6.085,
15.5625,6.111,
15.6875,6.134,
15.8125,6.152,
15.9375,6.166,
16.0625,6.173,
16.1875,6.175,51.936
16.3125,6.172,
16.4375,6.163,
16.5625,6.151,
16.6875,6.136,
16.8125,6.119,
16.9375,6.102,
17.0625,6.084,
17.1875,6.066,
17.3125,6.048,57.99
17.4375,6.031,
17.5625,6.016,
17.6875,6,
17.8125,5.986,
17.9375,5.974,
18.0625,5.965,
18.1875,5.959,
18.3125,5.958,
18.4375,5.964,51.115
18.5625,5.982,
18.6875,6.017,
18.8125,6.069,
18.9375,6.139,
19.0625,6.222,
19.1875,6.31,
19.3125,6.394,
19.4375,6.471,59.767
19.5625,6.533,
19.6875,6.581,
19.8125,6.62,
19.9375,6.648,
20.0625,6.662,
20.1875,6.667,
20.3125,6.661,
20.4375,6.643,57.1
20.5625,6.619,
20.6875,6.588,
20.8125,6.552,
20.9375,6.514,
21.0625,6.478,
21.1875,6.442,
21.3125,6.407,
21.4375,6.372,
21.5625,6.339,57.127
21.6875,6.31,
21.8125,6.284,
21.9375,6.26,
22.0625,6.237,
22.1875,6.217,
22.3125,6.199,
22.4375,6.18,63.373
22.5625,6.163,
22.6875,6.148,
22.8125,6.134,
22.9375,6.121,
23.0625,6.109,
23.1875,6.097,
23.3125,6.086,
23.4375,6.075,60.443
23.5625,6.066,
23.6875,6.057,
23.8125,6.049,
23.9375,6.042,
24.0625,6.036,
24.1875,6.031,
24.3125,6.025,
24.4375,6.018,59.077
24.5625,6.013,
24.6875,6.008,
24.8125,6.003,
24.9375,5.998,
25.0625,5.993,
25.1875,5.988,
25.3125,5.981,
25.4375,5.976,64.033
25.5625,5.97,
25.6875,5.964,
25.8125,5.96,
25.9375,5.955,
26.0625,5.951,
26.1875,5.947,
26.3125,5.942,
26.4375,5.938,61.78
26.5625,5.933,
26.6875,5.929,
26.8125,5.925,
26.9375,5.922,
27.0625,5.918,
27.1875,5.915,
27.3125,5.909,
27.4375,5.904,59.825
27.5625,5.9,
27.6875,5.896,
27.8125,5.892,
27.9375,5.889,
28.0625,5.886,
28.1875,5.883,
28.3125,5.878,63.34
28.4375,5.875,
28.5625,5.871,
28.6875,5.868,
28.8125,5.866,
28.9375,5.864,
29.0625,5.863,
29.1875,5.861,
29.3125,5.859,63.57
29.4375,5.858,
29.5625,5.858,
29.6875,5.858,
29.8125,5.858,
29.9375,5.858,
30.0625,5.857,
30.1875,5.855,
30.3125,5.852,60.983
30.4375,5.85,
30.5625,5.847,
30.6875,5.846,
30.8125,5.844,
30.9375,5.842,
31.0625,5.838,
31.1875,5.835,65.05
31.3125,5.832,
31.4375,5.83,
31.5625,5.829,
31.6875,5.827,
31.8125,5.824,
31.9375,5.822,74.927
32.0625,5.819,
32.1875,5.817,
32.3125,5.814,
32.4375,5.812,
32.5625,5.811,
32.6875,5.81,80.683
32.8125,5.811,
32.9375,5.814,
33.0625,5.818,
33.1875,5.825,
33.3125,5.831,
33.4375,5.836,81.756
33.5625,5.841,
33.6875,5.844,
33.8125,5.846,
33.9375,5.848,
34.0625,5.849,
34.1875,5.847,79.948
34.3125,5.846,
34.4375,5.846,
34.5625,5.848,
34.6875,5.852,
34.8125,5.857,
34.9375,5.861,84.164
35.0625,5.866,
35.1875,5.87,
35.3125,5.874,
35.4375,5.877,
35.5625,5.879,
35.6875,5.88,
35.8125,5.881,
35.9375,5.879,59.02
36.0625,5.877,
36.1875,5.875,
36.3125,5.874,
36.4375,5.87,
36.5625,5.867,
36.6875,5.864,
36.8125,5.862,
36.9375,5.86,
37.0625,5.857,54.085
37.1875,5.854,
37.3125,5.851,
37.4375,5.848,
37.5625,5.846,
37.6875,5.844,
37.8125,5.842,
37.9375,5.84,
38.0625,5.838,
38.1875,5.837,50.735
38.3125,5.834,
38.4375,5.832,
38.5625,5.83,
38.6875,5.829,
38.8125,5.826,
38.9375,5.826,
39.0625,5.824,
39.1875,5.822,
39.3125,5.821,
39.4375,5.818,50.568
39.5625,5.816,
39.6875,5.814,
39.8125,5.812,
39.9375,5.811,
40.0625,5.809,
40.1875,5.807,
40.3125,5.806,
40.4375,5.804,
40.5625,5.802,
40.6875,5.8,
40.8125,5.798,
40.9375,5.797,
41.0625,5.795,
41.1875,5.793,
41.3125,5.792,
41.4375,5.79,
41.5625,5.789,
41.6875,5.787,
41.8125,5.785,
41.9375,5.784,
42.0625,5.782,
42.1875,5.78,
42.3125,5.778,
42.4375,5.776,
42.5625,5.775,
42.6875,5.774,
42.8125,5.772,
42.9375,5.77,
43.0625,5.767,50.402
43.1875,5.765,
43.3125,5.763,
43.4375,5.761,
43.5625,5.759,
43.6875,5.758,
43.8125,5.757,
43.9375,5.757,
44.0625,5.755,
44.1875,5.752,51.328
44.3125,5.75,
44.4375,5.747,
44.5625,5.745,
44.6875,5.744,
44.8125,5.743,
44.9375,5.741,
45.0625,5.74,
45.1875,5.739,
45.3125,5.736,52.58
45.4375,5.734,
45.5625,5.732,
45.6875,5.729,
45.8125,5.728,
45.9375,5.727,
46.0625,5.725,
46.1875,5.725,
46.3125,5.723,
46.4375,5.72,54.132
46.5625,5.718,
46.6875,5.716,
46.8125,5.714,
46.9375,5.713,
47.0625,5.711,
47.1875,5.71,
47.3125,5.709,
47.4375,5.708,
47.5625,5.706,54.276
47.6875,5.706,
47.8125,5.708,
47.9375,5.711,
48.0625,5.717,
48.1875,5.724,
48.3125,5.731,
48.4375,5.738,
48.5625,5.743,
48.6875,5.747,55.227
48.8125,5.751,
48.9375,5.752,
49.0625,5.754,
49.1875,5.756,
49.3125,5.757,
49.4375,5.757,
49.5625,5.756,
49.6875,5.753,57.582
49.8125,5.751,
49.9375,5.748,
50.0625,5.745,
50.1875,5.743,
50.3125,5.74,
50.4375,5.737,
50.5625,5.733,
50.6875,5.73,64.674
50.8125,5.726,
50.9375,5.722,
51.0625,5.72,
51.1875,5.717,
51.3125,5.715,
51.4375,5.712,
51.5625,5.709,63.015
51.6875,5.707,
51.8125,5.705,
51.9375,5.703,
52.0625,5.702,
52.1875,5.701,
52.3125,5.701,
52.4375,5.699,
52.5625,5.696,59.391
52.6875,5.695,
52.8125,5.693,
52.9375,5.691,
53.0625,5.69,
53.1875,5.689,
53.3125,5.688,
53.4375,5.687,
53.5625,5.685,59.477
53.6875,5.682,
53.8125,5.681,
53.9375,5.68,
54.0625,5.679,
54.1875,5.678,
54.3125,5.677,
54.4375,5.676,
54.5625,5.674,
54.6875,5.672,56.836
54.8125,5.67,
54.9375,5.669,
55.0625,5.668,
55.1875,5.667,
55.3125,5.666,
55.4375,5.665,
55.5625,5.664,
55.6875,5.663,
55.8125,5.661,52.468
55.9375,5.66,
56.0625,5.659,
56.1875,5.658,
56.3125,5.658,
56.4375,5.658,
56.5625,5.659,
56.6875,5.66,
56.8125,5.664,
56.9375,5.674,
57.0625,5.691,
57.1875,5.717,
57.3125,5.753,
57.4375,5.797,
57.5625,5.847,
57.6875,5.9,
57.8125,5.955,
57.9375,6.014,
58.0625,6.08,59.912
58.1875,6.156,
58.3125,6.242,
58.4375,6.34,
58.5625,6.447,
58.6875,6.56,
58.8125,6.672,
58.9375,6.782,
59.0625,6.897,
59.1875,7.01,53.034
59.3125,7.12,
59.4375,7.219,
59.5625,7.328,
59.6875,7.437,
59.8125,7.528,
59.9375,7.599,
60.0625,7.648,
60.1875,7.676,
60.3125,7.685,51.826
60.4375,7.689,
60.5625,7.689,
60.6875,7.695,
60.8125,7.706,
60.9375,7.715,
61.0625,7.728,
61.1875,7.745,
61.3125,7.76,
61.4375,7.768,54.3
61.5625,7.765,
61.6875,7.751,
61.8125,7.729,
61.9375,7.699,
62.0625,7.665,
62.1875,7.622,
62.3125,7.569,
62.4375,7.508,59.134
62.5625,7.443,
62.6875,7.377,
62.8125,7.312,
62.9375,7.252,
63.0625,7.197,
63.1875,7.144,
63.3125,7.093,
63.4375,7.043,
63.5625,6.997,54.955
63.6875,6.954,
63.8125,6.914,
63.9375,6.878,
64.0625,6.845,
64.1875,6.814,
64.3125,6.786,
64.4375,6.759,
64.5625,6.733,57.127
64.6875,6.709,
64.8125,6.684,
64.9375,6.662,
65.0625,6.642,
65.1875,6.623,
65.3125,6.604,
65.4375,6.583,
65.5625,6.563,59.941
65.6875,6.544,
65.8125,6.527,
65.9375,6.51,
66.0625,6.495,
66.1875,6.48,
66.3125,6.466,
66.4375,6.452,
66.5625,6.438,59.42
66.6875,6.424,
66.8125,6.409,
66.9375,6.395,
67.0625,6.384,
67.1875,6.371,
67.3125,6.358,
67.4375,6.346,
67.5625,6.333,59.971
67.6875,6.321,
67.8125,6.31,
67.9375,6.299,
68.0625,6.288,
68.1875,6.278,
68.3125,6.268,
68.4375,6.258,
68.5625,6.246,58.459
68.6875,6.234,
68.8125,6.224,
68.9375,6.214,
69.0625,6.205,
69.1875,6.196,
69.3125,6.187,
69.4375,6.178,
69.5625,6.168,
69.6875,6.157,55.103
69.8125,6.149,
69.9375,6.139,
70.0625,6.13,
70.1875,6.122,
70.3125,6.113,
70.4375,6.105,
70.5625,6.097,
70.6875,6.088,
70.8125,6.08,55.103
70.9375,6.072,
71.0625,6.063,
71.1875,6.055,
71.3125,6.048,
71.4375,6.041,
71.5625,6.034,
71.6875,6.027,
71.8125,6.018,55.177
71.9375,6.01,
72.0625,6.003,
72.1875,5.995,
72.3125,5.987,
72.4375,5.981,
72.5625,5.974,
72.6875,5.967,
72.8125,5.96,
72.9375,5.952,54.037
73.0625,5.944,
73.1875,5.937,
73.3125,5.931,
73.4375,5.925,
73.5625,5.918,
73.6875,5.912,
73.8125,5.906,
73.9375,5.899,
74.0625,5.892,56.784
74.1875,5.885,
74.3125,5.878,
74.4375,5.873,
74.5625,5.867,
74.6875,5.861,
74.8125,5.855,
74.9375,5.849,
75.0625,5.842,56.058
75.1875,5.835,
75.3125,5.829,
75.4375,5.823,
75.5625,5.817,
75.6875,5.811,
75.8125,5.806,
75.9375,5.802,
76.0625,5.797,
76.1875,5.79,55.227
76.3125,5.784,
76.4375,5.778,
76.5625,5.772,
76.6875,5.767,
76.8125,5.763,
76.9375,5.758,
77.0625,5.752,
77.1875,5.746,60.059
77.3125,5.74,
77.4375,5.734,
77.5625,5.729,
77.6875,5.724,
77.8125,5.719,
77.9375,5.715,
78.0625,5.71,
78.1875,5.704,59.134
78.3125,5.699,
78.4375,5.694,
78.5625,5.689,
78.6875,5.684,
78.8125,5.68,
78.9375,5.676,
79.0625,5.673,
79.1875,5.667,59.049
79.3125,5.662,
79.4375,5.657,
79.5625,5.653,
79.6875,5.648,
79.8125,5.645,
79.9375,5.642,
80.0625,5.637,
80.1875,5.632,62.281
80.3125,5.627,
80.4375,5.622,
80.5625,5.618,
80.6875,5.615,
80.8125,5.612,
80.9375,5.608,
81.0625,5.604,
81.1875,5.6,60.147
81.3125,5.596,
81.4375,5.592,
81.5625,5.588,
81.6875,5.585,
81.8125,5.582,
81.9375,5.579,
82.0625,5.575,
82.1875,5.571,62.566
82.3125,5.568,
82.4375,5.564,
82.5625,5.561,
82.6875,5.558,
82.8125,5.556,
82.9375,5.553,
83.0625,5.548,61.749
83.1875,5.545,
83.3125,5.541,
83.4375,5.538,
83.5625,5.535,
83.6875,5.532,
83.8125,5.53,
83.9375,5.527,
84.0625,5.523,
84.1875,5.519,57.962
84.3125,5.516,
84.4375,5.513,
84.5625,5.51,
84.6875,5.507,
84.8125,5.505,
84.9375,5.502,
85.0625,5.498,62.503
85.1875,5.496,
85.3125,5.493,
85.4375,5.49,
85.5625,5.488,
85.6875,5.487,
85.8125,5.487,
85.9375,5.488,
86.0625,5.491,
86.1875,5.495,58.403
86.3125,5.5,
86.4375,5.506,
86.5625,5.513,
86.6875,5.519,
86.8125,5.524,
86.9375,5.528,
87.0625,5.53,
87.1875,5.53,56.784
87.3125,5.53,
87.4375,5.528,
87.5625,5.526,
87.6875,5.523,
87.8125,5.521,
87.9375,5.518,
88.0625,5.515,
88.1875,5.51,61.226
88.3125,5.506,
88.4375,5.502,
88.5625,5.499,
88.6875,5.495,
88.8125,5.492,
88.9375,5.489,
89.0625,5.486,
89.1875,5.482,57.853
89.3125,5.48,
89.4375,5.477,
89.5625,5.474,
89.6875,5.471,
89.8125,5.469,
89.9375,5.467,
90.0625,5.465,
90.1875,5.463,
90.3125,5.461,57.555
90.4375,5.459,
90.5625,5.456,
90.6875,5.454,
90.8125,5.452,
90.9375,5.45,
91.0625,5.448,
91.1875,5.446,60.952
91.3125,5.444,
91.4375,5.442,
91.5625,5.44,
91.6875,5.439,
91.8125,5.438,
91.9375,5.438,
92.0625,5.438,
92.1875,5.437,
92.3125,5.437,57.609
92.4375,5.436,
92.5625,5.436,
92.6875,5.435,
92.8125,5.436,
92.9375,5.434,
93.0625,5.433,
93.1875,5.431,
93.3125,5.428,59.796
93.4375,5.427,
93.5625,5.424,
93.6875,5.422,
93.8125,5.421,
93.9375,5.419,
94.0625,5.417,
94.1875,5.414,63.08
94.3125,5.412,
94.4375,5.41,
94.5625,5.408,
94.6875,5.406,
94.8125,5.405,
94.9375,5.404,
95.0625,5.402,
95.1875,5.401,60.681
95.3125,5.399,
95.4375,5.397,
95.5625,5.395,
95.6875,5.394,
95.8125,5.392,
95.9375,5.391,
96.0625,5.39,
96.1875,5.389,61.379
96.3125,5.39,
96.4375,5.392,
96.5625,5.396,
96.6875,5.401,
96.8125,5.408,
96.9375,5.415,
97.0625,5.421,
97.1875,5.426,64.335
97.3125,5.431,
97.4375,5.434,
97.5625,5.437,
97.6875,5.44,
97.8125,5.442,
97.9375,5.442,
98.0625,5.439,60.802
98.1875,5.437,
98.3125,5.434,
98.4375,5.431,
98.5625,5.429,
98.6875,5.427,
98.8125,5.425,
98.9375,5.423,
99.0625,5.42,
99.1875,5.418,59.334
99.3125,5.415,
99.4375,5.413,
99.5625,5.411,
99.6875,5.409,
99.8125,5.408,
99.9375,5.406,
100.0625,5.403,62.63
100.1875,5.401,
100.3125,5.398,
100.4375,5.396,
100.5625,5.395,
100.6875,5.393,
100.8125,5.392,
100.9375,5.391,
101.0625,5.388,59.305
101.1875,5.386,
101.3125,5.384,
101.4375,5.382,
101.5625,5.381,
101.6875,5.379,
101.8125,5.378,
101.9375,5.376,
102.0625,5.374,
102.1875,5.372,57.826
102.3125,5.369,
102.4375,5.367,
102.5625,5.365,
102.6875,5.364,
102.8125,5.362,
102.9375,5.362,
103.0625,5.36,
103.1875,5.359,59.912
103.3125,5.358,
103.4375,5.36,
103.5625,5.362,
103.6875,5.365,
103.8125,5.371,
103.9375,5.378,
104.0625,5.384,
104.1875,5.39,57.047
104.3125,5.397,
104.4375,5.402,
104.5625,5.407,
104.6875,5.411,
104.8125,5.414,
104.9375,5.416,
105.0625,5.417,
105.1875,5.416,
105.3125,5.414,55.627
105.4375,5.411,
105.5625,5.408,
105.6875,5.405,
105.8125,5.402,
105.9375,5.4,
106.0625,5.396,
106.1875,5.392,
106.3125,5.388,60
106.4375,5.384,
106.5625,5.38,
106.6875,5.377,
106.8125,5.374,
106.9375,5.373,
107.0625,5.37,
107.1875,5.367,
107.3125,5.363,58.57
107.4375,5.36,
107.5625,5.358,
107.6875,5.355,
107.8125,5.353,
107.9375,5.352,
108.0625,5.351,
108.1875,5.35,
108.3125,5.347,57.609
108.4375,5.346,
108.5625,5.344,
108.6875,5.343,
108.8125,5.342,
108.9375,5.341,
109.0625,5.342,
109.1875,5.343,
109.3125,5.344,58.598
109.4375,5.348,
109.5625,5.355,
109.6875,5.365,
109.8125,5.376,
109.9375,5.389,
110.0625,5.401,
110.1875,5.412,
110.3125,5.421,
110.4375,5.427,57.501
110.5625,5.432,
110.6875,5.435,
110.8125,5.435,
110.9375,5.435,
111.0625,5.434,
111.1875,5.431,
111.3125,5.427,
111.4375,5.422,60.862
111.5625,5.417,
111.6875,5.413,
111.8125,5.408,
111.9375,5.406,
112.0625,5.404,
112.1875,5.403,
112.3125,5.402,
112.4375,5.402,61.043
112.5625,5.402,
112.6875,5.401,
112.8125,5.401,
112.9375,5.401,
113.0625,5.4,
113.1875,5.399,
113.3125,5.396,
113.4375,5.393,59.362
113.5625,5.391,
113.6875,5.387,
113.8125,5.384,
113.9375,5.382,
114.0625,5.379,
114.1875,5.376,
114.3125,5.372,62.155
114.4375,5.368,
114.5625,5.365,
114.6875,5.362,
114.8125,5.36,
114.9375,5.358,
115.0625,5.356,
115.1875,5.355,
115.3125,5.351,60.502
115.4375,5.349,
115.5625,5.347,
115.6875,5.345,
115.8125,5.343,
115.9375,5.341,
116.0625,5.341,
116.1875,5.34,
116.3125,5.337,59.477
116.4375,5.336,
116.5625,5.335,
116.6875,5.333,
116.8125,5.331,
116.9375,5.33,
117.0625,5.328,
117.1875,5.326,
117.3125,5.323,62.694
117.4375,5.322,
117.5625,5.319,
117.6875,5.317,
117.8125,5.315,
117.9375,5.313,
118.0625,5.312,
118.1875,5.312,
118.3125,5.312,57.908
118.4375,5.313,
118.5625,5.315,
118.6875,5.319,
118.8125,5.322,
118.9375,5.325,
119.0625,5.328,
119.1875,5.33,
119.3125,5.331,
119.4375,5.331,57.663
119.5625,5.331,
119.6875,5.332,
119.8125,5.332,
119.9375,5.333,
120.0625,5.334,
120.1875,5.337,
120.3125,5.339,62.63
120.4375,5.342,
120.5625,5.346,
120.6875,5.35,
120.8125,5.354,
120.9375,5.357,
121.0625,5.36,
121.1875,5.362,
121.3125,5.363,62.155
121.4375,5.364,
121.5625,5.363,
121.6875,5.363,
121.8125,5.362,
121.9375,5.361,
122.0625,5.361,
122.1875,5.362,
122.3125,5.369,60.562
122.4375,5.381,
122.5625,5.403,
122.6875,5.435,
122.8125,5.476,
122.9375,5.523,
123.0625,5.574,
123.1875,5.622,64.606
123.3125,5.667,
123.4375,5.707,
123.5625,5.742,
123.6875,5.772,
123.8125,5.796,
123.9375,5.815,
124.0625,5.829,
124.1875,5.836,60.832
124.3125,5.839,
124.4375,5.836,
124.5625,5.829,
124.6875,5.82,
124.8125,5.808,
124.9375,5.795,
125.0625,5.781,
125.1875,5.767,
125.3125,5.754,57.69
125.4375,5.742,
125.5625,5.731,
125.6875,5.723,
125.8125,5.714,
125.9375,5.707,
126.0625,5.7,
126.1875,5.693,
126.3125,5.686,60.029
126.4375,5.678,
126.5625,5.67,
126.6875,5.661,
126.8125,5.652,
126.9375,5.643,
127.0625,5.635,
127.1875,5.626,
127.3125,5.617,56.836
127.4375,5.609,
127.5625,5.6,
127.6875,5.593,
127.8125,5.585,
127.9375,5.578,
128.0625,5.571,
128.1875,5.565,
128.3125,5.559,57.853
128.4375,5.553,
128.5625,5.549,
128.6875,5.544,
128.8125,5.541,
128.9375,5.541,
129.0625,5.542,
129.1875,5.546,
129.3125,5.55,58.57
129.4375,5.554,
129.5625,5.559,
129.6875,5.564,
129.8125,5.566,
129.9375,5.569,
130.0625,5.571,
130.1875,5.571,
130.3125,5.57,
130.4375,5.567,57.367
130.5625,5.563,
130.6875,5.56,
130.8125,5.559,
130.9375,5.56,
131.0625,5.565,
131.1875,5.574,
131.3125,5.587,
131.4375,5.603,60.265
131.5625,5.62,
131.6875,5.636,
131.8125,5.651,
131.9375,5.662,
132.0625,5.67,
132.1875,5.674,
132.3125,5.676,
132.4375,5.674,59.105
132.5625,5.669,
132.6875,5.662,
132.8125,5.654,
132.9375,5.645,
133.0625,5.635,
133.1875,5.624,
133.3125,5.614,
133.4375,5.604,57.394
133.5625,5.595,
133.6875,5.587,
133.8125,5.578,
133.9375,5.571,
134.0625,5.564,
134.1875,5.558,
134.3125,5.551,
134.4375,5.545,62.155
134.5625,5.54,
134.6875,5.536,
134.8125,5.533,
134.9375,5.532,
135.0625,5.533,
135.1875,5.536,
135.3125,5.541,
135.4375,5.545,59.941
135.5625,5.551,
135.6875,5.556,
135.8125,5.56,
135.9375,5.563,
136.0625,5.564,
136.1875,5.564,
136.3125,5.563,
136.4375,5.56,60.472
136.5625,5.557,
136.6875,5.553,
136.8125,5.549,
136.9375,5.544,
137.0625,5.54,
137.1875,5.535,
137.3125,5.53,63.933
137.4375,5.526,
137.5625,5.521,
137.6875,5.517,
137.8125,5.514,
137.9375,5.511,
138.0625,5.508,
138.1875,5.505,
138.3125,5.502,61.134
138.4375,5.498,
138.5625,5.496,
138.6875,5.495,
138.8125,5.495,
138.9375,5.496,
139.0625,5.497,
139.1875,5.499,
139.3125,5.501,62.155
139.4375,5.503,
139.5625,5.503,
139.6875,5.504,
139.8125,5.505,
139.9375,5.506,
140.0625,5.505,
140.1875,5.504,
140.3125,5.503,62.376
140.4375,5.5,
140.5625,5.498,
140.6875,5.496,
140.8125,5.494,
140.9375,5.492,
141.0625,5.492,
141.1875,5.494,
141.3125,5.498,59.334
141.4375,5.506,
141.5625,5.517,
141.6875,5.534,
141.8125,5.556,
141.9375,5.583,
142.0625,5.613,
142.1875,5.645,
142.3125,5.677,59.65
142.4375,5.706,
142.5625,5.732,
142.6875,5.755,
142.8125,5.778,
142.9375,5.8,
143.0625,5.821,
143.1875,5.844,
143.3125,5.864,57.636
143.4375,5.88,
143.5625,5.894,
143.6875,5.902,
143.8125,5.908,
143.9375,5.908,
144.0625,5.904,
144.1875,5.897,
144.3125,5.886,58.486
144.4375,5.874,
144.5625,5.86,
144.6875,5.847,
144.8125,5.833,
144.9375,5.82,
145.0625,5.805,
145.1875,5.79,
145.3125,5.775,61.44
145.4375,5.762,
145.5625,5.749,
145.6875,5.738,
145.8125,5.727,
145.9375,5.718,
146.0625,5.709,
146.1875,5.702,
146.3125,5.694,59.912
146.4375,5.687,
146.5625,5.68,
146.6875,5.674,
146.8125,5.668,
146.9375,5.663,
147.0625,5.659,
147.1875,5.654,
147.3125,5.65,62.061
147.4375,5.646,
147.5625,5.643,
147.6875,5.642,
147.8125,5.644,
147.9375,5.653,
148.0625,5.669,
148.1875,5.697,
148.3125,5.735,62.312
148.4375,5.784,
148.5625,5.839,
148.6875,5.893,
148.8125,5.944,
148.9375,5.989,
149.0625,6.025,
149.1875,6.053,
149.3125,6.071,59.391
149.4375,6.081,
149.5625,6.083,
149.6875,6.078,
149.8125,6.066,
149.9375,6.049,
150.0625,6.03,
150.1875,6.008,64.201
150.3125,5.986,
150.4375,5.965,
150.5625,5.945,
150.6875,5.927,
150.8125,5.909,
150.9375,5.894,
151.0625,5.88,
151.1875,5.867,61.104
151.3125,5.854,
151.4375,5.844,
151.5625,5.834,
151.6875,5.826,
151.8125,5.819,
151.9375,5.813,
152.0625,5.806,
152.1875,5.8,61.471
152.3125,5.795,
152.4375,5.789,
152.5625,5.784,
152.6875,5.78,
152.8125,5.776,
152.9375,5.772,
153.0625,5.769,
153.1875,5.764,62.439
153.3125,5.761,
153.4375,5.758,
153.5625,5.755,
153.6875,5.752,
153.8125,5.75,
153.9375,5.748,
154.0625,5.747,
154.1875,5.744,57.26
154.3125,5.743,
154.4375,5.742,
154.5625,5.742,
154.6875,5.74,
154.8125,5.739,
154.9375,5.737,
155.0625,5.735,
155.1875,5.734,58.182
155.3125,5.732,
155.4375,5.73,
155.5625,5.727,
155.6875,5.726,
155.8125,5.724,
155.9375,5.723,
156.0625,5.721,
156.1875,5.719,58.71
156.3125,5.716,
156.4375,5.714,
156.5625,5.713,
156.6875,5.711,
156.8125,5.709,
156.9375,5.706,
157.0625,5.705,
157.1875,5.703,
157.3125,5.701,56.367
157.4375,5.7,
157.5625,5.698,
157.6875,5.697,
157.8125,5.696,
157.9375,5.696,
158.0625,5.695,
158.1875,5.693,
158.3125,5.692,59.506
158.4375,5.691,
158.5625,5.69,
158.6875,5.689,
158.8125,5.689,
158.9375,5.688,
159.0625,5.688,
159.1875,5.687,
159.3125,5.686,58.738
159.4375,5.684,
159.5625,5.683,
159.6875,5.682,
159.8125,5.681,
159.9375,5.681,
160.0625,5.68,
160.1875,5.679,
160.3125,5.678,58.32
160.4375,5.677,
160.5625,5.676,
160.6875,5.676,
160.8125,5.675,
160.9375,5.676,
161.0625,5.677,
161.1875,5.68,
161.3125,5.683,61.502
161.4375,5.687,
161.5625,5.692,
161.6875,5.698,
161.8125,5.705,
161.9375,5.711,
162.0625,5.716,
162.1875,5.721,
162.3125,5.724,57.935
162.4375,5.727,
162.5625,5.73,
162.6875,5.732,
162.8125,5.734,
162.9375,5.734,
163.0625,5.734,
163.1875,5.733,
163.3125,5.731,
163.4375,5.729,59.564
163.5625,5.727,
163.6875,5.725,
163.8125,5.722,
163.9375,5.72,
164.0625,5.719,
164.1875,5.716,
164.3125,5.714,
164.4375,5.712,59.825
164.5625,5.71,
164.6875,5.71,
164.8125,5.71,
164.9375,5.711,
165.0625,5.711,
165.1875,5.712,
165.3125,5.711,
165.4375,5.709,57.34
165.5625,5.708,
165.6875,5.707,
165.8125,5.707,
165.9375,5.706,
166.0625,5.705,
166.1875,5.704,
166.3125,5.702,
166.4375,5.7,61.379
166.5625,5.698,
166.6875,5.697,
166.8125,5.696,
166.9375,5.695,
167.0625,5.693,
167.1875,5.693,
167.3125,5.692,
167.4375,5.691,59.767
167.5625,5.691,
167.6875,5.69,
167.8125,5.69,
167.9375,5.69,
168.0625,5.69,
168.1875,5.69,
168.3125,5.689,
168.4375,5.687,59.162
168.5625,5.686,
168.6875,5.685,
168.8125,5.684,
168.9375,5.683,
169.0625,5.682,
169.1875,5.682,
169.3125,5.68,63.34
169.4375,5.678,
169.5625,5.677,
169.6875,5.675,
169.8125,5.675,
169.9375,5.675,
170.0625,5.675,
170.1875,5.675,
170.3125,5.675,
170.4375,5.675,59.362
170.5625,5.675,
170.6875,5.676,
170.8125,5.678,
170.9375,5.679,
171.0625,5.68,
171.1875,5.68,
171.3125,5.68,
171.4375,5.679,59.825
171.5625,5.678,
171.6875,5.678,
171.8125,5.678,
171.9375,5.677,
172.0625,5.676,
172.1875,5.675,
172.3125,5.673,
172.4375,5.671,57.447
172.5625,5.669,
172.6875,5.668,
172.8125,5.667,
172.9375,5.668,
173.0625,5.669,
173.1875,5.675,
173.3125,5.686,
173.4375,5.704,
173.5625,5.735,55.326
173.6875,5.778,
173.8125,5.835,
173.9375,5.904,
174.0625,5.984,
