0.1875,6.527,
0.3125,6.519,
0.4375,6.512,
0.5625,6.513,
0.6875,6.52,
0.8125,6.537,
0.9375,6.561,
1.0625,6.589,
1.1875,6.618,83.706
1.3125,6.648,
1.4375,6.675,
1.5625,6.699,
1.6875,6.721,
1.8125,6.738,
1.9375,6.751,
2.0625,6.758,
2.1875,6.761,64
2.3125,6.757,
2.4375,6.749,
2.5625,6.735,
2.6875,6.72,
2.8125,6.701,
2.9375,6.68,70.338
3.0625,6.658,
3.1875,6.635,
3.3125,6.613,
3.4375,6.591,
3.5625,6.573,
3.6875,6.554,
3.8125,6.536,
3.9375,6.52,67.852
4.0625,6.505,
4.1875,6.49,
4.3125,6.477,
4.4375,6.464,
4.5625,6.45,
4.6875,6.439,
4.8125,6.427,61.811
4.9375,6.414,
5.0625,6.403,
5.1875,6.391,
5.3125,6.381,
5.4375,6.37,
5.5625,6.359,
5.6875,6.349,
5.8125,6.338,65.676
5.9375,6.328,
6.0625,6.319,
6.1875,6.311,
6.3125,6.302,
6.4375,6.294,
6.5625,6.286,
6.6875,6.277,62.218
6.8125,6.269,
6.9375,6.26,
7.0625,6.253,
7.1875,6.245,
7.3125,6.237,
7.4375,6.229,
7.5625,6.221,
7.6875,6.213,58.935
7.8125,6.204,
7.9375,6.196,
8.0625,6.188,
8.1875,6.18,
8.3125,6.173,
8.4375,6.166,
8.5625,6.159,
8.6875,6.152,62.854
8.8125,6.146,
8.9375,6.139,
9.0625,6.131,
9.1875,6.124,
9.3125,6.116,
9.4375,6.111,
9.5625,6.105,
9.6875,6.099,61.718
9.8125,6.095,
9.9375,6.091,
10.0625,6.089,
10.1875,6.087,
10.3125,6.087,
10.4375,6.093,
10.5625,6.105,
10.6875,6.13,59.448
10.8125,6.171,
10.9375,6.226,
11.0625,6.295,
11.1875,6.372,
11.3125,6.449,
11.4375,6.522,
11.5625,6.581,
11.6875,6.624,63.801
11.8125,6.653,
11.9375,6.672,
12.0625,6.68,
12.1875,6.678,
12.3125,6.664,
12.4375,6.642,
12.5625,6.612,60.354
12.6875,6.579,
12.8125,6.541,
12.9375,6.504,
13.0625,6.467,
13.1875,6.432,
13.3125,6.398,
13.4375,6.367,
13.5625,6.337,
13.6875,6.308,56.889
13.8125,6.282,
13.9375,6.258,
14.0625,6.236,
14.1875,6.217,
14.3125,6.2,
14.4375,6.185,
14.5625,6.172,
14.6875,6.166,61.287
14.8125,6.166,
14.9375,6.176,
15.0625,6.197,
15.1875,6.229,
15.3125,6.266,
15.4375,6.305,
15.5625,6.339,
15.6875,6.365,58.71
15.8125,6.385,
15.9375,6.397,
16.0625,6.402,
16.1875,6.402,
16.3125,6.397,
16.4375,6.392,
16.5625,6.386,
16.6875,6.385,58.738
16.8125,6.393,
16.9375,6.412,
17.0625,6.442,
17.1875,6.481,
17.3125,6.523,
17.4375,6.565,
17.5625,6.601,
17.6875,6.63,63.701
17.8125,6.648,
17.9375,6.657,
18.0625,6.657,
18.1875,6.648,
18.3125,6.634,
18.4375,6.616,
18.5625,6.59,61.502
18.6875,6.56,
18.8125,6.528,
18.9375,6.494,
19.0625,6.462,
19.1875,6.431,
19.3125,6.403,
19.4375,6.375,
19.5625,6.348,65.258
19.6875,6.323,
19.8125,6.302,
19.9375,6.282,
20.0625,6.265,
20.1875,6.25,
20.3125,6.234,
20.4375,6.219,64.538
20.5625,6.206,
20.6875,6.195,
20.8125,6.185,
20.9375,6.176,
21.0625,6.168,
21.1875,6.16,
21.3125,6.153,
21.4375,6.145,62.983
21.5625,6.137,
21.6875,6.131,
21.8125,6.127,
21.9375,6.128,
22.0625,6.135,
22.1875,6.149,
22.3125,6.169,67.295
22.4375,6.196,
22.5625,6.226,
22.6875,6.255,
22.8125,6.281,
22.9375,6.301,
23.0625,6.316,
23.1875,6.322,
23.3125,6.322,61.594
23.4375,6.318,
23.5625,6.309,
23.6875,6.299,
23.8125,6.286,
23.9375,6.273,
24.0625,6.258,
24.1875,6.243,
24.3125,6.228,58.992
24.4375,6.214,
24.5625,6.201,
24.6875,6.19,
24.8125,6.181,
24.9375,6.173,
25.0625,6.167,
25.1875,6.163,
25.3125,6.162,62.983
25.4375,6.164,
25.5625,6.168,
25.6875,6.178,
25.8125,6.193,
25.9375,6.216,
26.0625,6.245,
26.1875,6.277,60.622
26.3125,6.309,
26.4375,6.337,
26.5625,6.359,
26.6875,6.375,
26.8125,6.383,
26.9375,6.386,
27.0625,6.381,
27.1875,6.37,
27.3125,6.354,58.879
27.4375,6.336,
27.5625,6.316,
27.6875,6.294,
27.8125,6.276,
27.9375,6.256,
28.0625,6.236,
28.1875,6.215,60.952
28.3125,6.195,
28.4375,6.177,
28.5625,6.162,
28.6875,6.15,
28.8125,6.139,
28.9375,6.13,
29.0625,6.123,
29.1875,6.116,
29.3125,6.11,56.393
29.4375,6.105,
29.5625,6.1,
29.6875,6.096,
29.8125,6.09,
29.9375,6.084,
30.0625,6.078,
30.1875,6.073,
30.3125,6.065,
30.4375,6.056,55.326
30.5625,6.048,
30.6875,6.041,
30.8125,6.032,
30.9375,6.025,
31.0625,6.017,
31.1875,6.011,
31.3125,6.003,
31.4375,5.995,57.287
31.5625,5.987,
31.6875,5.981,
31.8125,5.974,
31.9375,5.969,
32.0625,5.965,
32.1875,5.961,
32.3125,5.957,
32.4375,5.951,
32.5625,5.946,55.956
32.6875,5.941,
32.8125,5.936,
32.9375,5.932,
33.0625,5.928,
33.1875,5.925,
33.3125,5.92,
33.4375,5.915,
33.5625,5.91,58.851
33.6875,5.905,
33.8125,5.9,
33.9375,5.896,
34.0625,5.893,
34.1875,5.89,
34.3125,5.887,
34.4375,5.883,
34.5625,5.878,56.758
34.6875,5.873,
34.8125,5.867,
34.9375,5.863,
35.0625,5.86,
35.1875,5.856,
35.3125,5.854,
35.4375,5.85,
35.5625,5.846,61.594
35.6875,5.842,
35.8125,5.839,
35.9375,5.836,
36.0625,5.835,
36.1875,5.834,
36.3125,5.833,
36.4375,5.83,
36.5625,5.827,60.443
36.6875,5.824,
36.8125,5.822,
36.9375,5.819,
37.0625,5.817,
37.1875,5.815,
37.3125,5.813,
37.4375,5.809,
37.5625,5.805,60.862
37.6875,5.802,
37.8125,5.797,
37.9375,5.794,
38.0625,5.792,
38.1875,5.789,
38.3125,5.785,
38.4375,5.781,64.268
38.5625,5.778,
38.6875,5.774,
38.8125,5.77,
38.9375,5.767,
39.0625,5.765,
39.1875,5.762,
39.3125,5.758,
39.4375,5.753,60.443
39.5625,5.748,
39.6875,5.744,
39.8125,5.741,
39.9375,5.737,
40.0625,5.735,
40.1875,5.734,
40.3125,5.731,
40.4375,5.727,59.248
40.5625,5.724,
40.6875,5.72,
40.8125,5.717,
40.9375,5.715,
41.0625,5.713,
41.1875,5.711,
41.3125,5.712,
41.4375,5.716,61.502
41.5625,5.731,
41.6875,5.756,
41.8125,5.794,
41.9375,5.845,
42.0625,5.906,
42.1875,5.974,
42.3125,6.042,
42.4375,6.104,
42.5625,6.161,56.863
42.6875,6.216,
42.8125,6.267,
42.9375,6.314,
43.0625,6.352,
43.1875,6.379,
43.3125,6.396,
43.4375,6.4,
43.5625,6.392,56.653
43.6875,6.375,
43.8125,6.352,
43.9375,6.324,
44.0625,6.294,
44.1875,6.261,
44.3125,6.229,
44.4375,6.196,
44.5625,6.159,57.799
44.6875,6.125,
44.8125,6.093,
44.9375,6.065,
45.0625,6.04,
45.1875,6.018,
45.3125,5.999,
45.4375,5.983,
45.5625,5.965,
45.6875,5.949,56.238
45.8125,5.937,
45.9375,5.924,
46.0625,5.912,
46.1875,5.903,
46.3125,5.894,
46.4375,5.885,
46.5625,5.877,
46.6875,5.868,59.912
46.8125,5.86,
46.9375,5.852,
47.0625,5.845,
47.1875,5.839,
47.3125,5.833,
47.4375,5.827,
47.5625,5.823,
47.6875,5.819,57.447
47.8125,5.817,
47.9375,5.818,
48.0625,5.821,
48.1875,5.83,
48.3125,5.845,
48.4375,5.87,
48.5625,5.905,
48.6875,5.945,
48.8125,5.989,56.601
48.9375,6.036,
49.0625,6.079,
49.1875,6.118,
49.3125,6.148,
49.4375,6.17,
49.5625,6.182,
49.6875,6.186,
49.8125,6.18,59.105
49.9375,6.169,
50.0625,6.153,
50.1875,6.133,
50.3125,6.111,
50.4375,6.089,
50.5625,6.067,
50.6875,6.045,
50.8125,6.021,58.375
50.9375,6.001,
51.0625,5.983,
51.1875,5.967,
51.3125,5.956,
51.4375,5.946,
51.5625,5.938,
51.6875,5.929,
51.8125,5.918,57.663
51.9375,5.907,
52.0625,5.898,
52.1875,5.89,
52.3125,5.882,
52.4375,5.875,
52.5625,5.868,
52.6875,5.861,
52.8125,5.852,
52.9375,5.844,59.276
53.0625,5.836,
53.1875,5.83,
53.3125,5.824,
53.4375,5.819,
53.5625,5.814,
53.6875,5.81,
53.8125,5.804,
53.9375,5.798,58.486
54.0625,5.792,
54.1875,5.786,
54.3125,5.781,
54.4375,5.777,
54.5625,5.774,
54.6875,5.77,
54.8125,5.765,
54.9375,5.761,58.598
55.0625,5.757,
55.1875,5.754,
55.3125,5.751,
55.4375,5.749,
55.5625,5.747,
55.6875,5.745,
55.8125,5.742,
55.9375,5.738,57.636
56.0625,5.734,
56.1875,5.73,
56.3125,5.727,
56.4375,5.725,
56.5625,5.722,
56.6875,5.719,
56.8125,5.715,
56.9375,5.712,62.376
57.0625,5.709,
57.1875,5.705,
57.3125,5.702,
57.4375,5.7,
57.5625,5.699,
57.6875,5.702,
57.8125,5.708,
57.9375,5.725,63.34
58.0625,5.756,
58.1875,5.803,
58.3125,5.868,
58.4375,5.95,
58.5625,6.042,
58.6875,6.137,
58.8125,6.232,
58.9375,6.322,59.912
59.0625,6.408,
59.1875,6.482,
59.3125,6.544,
59.4375,6.595,
59.5625,6.64,
59.6875,6.673,
59.8125,6.692,61.256
59.9375,6.703,
60.0625,6.705,
60.1875,6.7,
60.3125,6.684,
60.4375,6.665,
60.5625,6.641,
60.6875,6.604,
60.8125,6.558,61.409
60.9375,6.51,
61.0625,6.462,
61.1875,6.415,
61.3125,6.372,
61.4375,6.333,
61.5625,6.299,
61.6875,6.268,
61.8125,6.238,58.766
61.9375,6.212,
62.0625,6.186,
62.1875,6.162,
62.3125,6.14,
62.4375,6.117,
62.5625,6.097,
62.6875,6.075,
62.8125,6.053,62.758
62.9375,6.033,
63.0625,6.013,
63.1875,5.995,
63.3125,5.979,
63.4375,5.964,
63.5625,5.953,
63.6875,5.942,
63.8125,5.933,60.354
63.9375,5.925,
64.0625,5.921,
64.1875,5.919,
64.3125,5.921,
64.4375,5.926,
64.5625,5.934,
64.6875,5.944,
64.8125,5.955,59.162
64.9375,5.966,
65.0625,5.976,
65.1875,5.985,
65.3125,5.992,
65.4375,5.995,
65.5625,5.994,
65.6875,5.989,
65.8125,5.981,61.287
65.9375,5.973,
66.0625,5.962,
66.1875,5.95,
66.3125,5.939,
66.4375,5.927,
66.5625,5.916,
66.6875,5.905,
66.8125,5.893,58.127
66.9375,5.881,
67.0625,5.87,
67.1875,5.86,
67.3125,5.852,
67.4375,5.845,
67.5625,5.838,
67.6875,5.83,
67.8125,5.822,61.749
67.9375,5.815,
68.0625,5.808,
68.1875,5.802,
68.3125,5.798,
68.4375,5.794,
68.5625,5.791,
68.6875,5.788,
68.8125,5.783,59.971
68.9375,5.779,
69.0625,5.775,
69.1875,5.772,
69.3125,5.768,
69.4375,5.763,
69.5625,5.759,
69.6875,5.754,
69.8125,5.748,58.682
69.9375,5.742,
70.0625,5.736,
70.1875,5.731,
70.3125,5.727,
70.4375,5.723,
70.5625,5.718,
70.6875,5.712,
70.8125,5.706,61.287
70.9375,5.699,
71.0625,5.693,
71.1875,5.689,
71.3125,5.685,
71.4375,5.681,
71.5625,5.677,
71.6875,5.673,
71.8125,5.668,59.219
71.9375,5.663,
72.0625,5.658,
72.1875,5.655,
72.3125,5.652,
72.4375,5.649,
72.5625,5.647,
72.6875,5.642,
72.8125,5.637,63.34
72.9375,5.633,
73.0625,5.63,
73.1875,5.627,
73.3125,5.625,
73.4375,5.624,
73.5625,5.624,
73.6875,5.624,61.904
73.8125,5.625,
73.9375,5.626,
74.0625,5.629,
74.1875,5.632,
74.3125,5.637,
74.4375,5.644,
74.5625,5.653,
74.6875,5.665,60.206
74.8125,5.679,
74.9375,5.694,
75.0625,5.709,
75.1875,5.723,
75.3125,5.735,
75.4375,5.744,
75.5625,5.748,
75.6875,5.749,65.327
75.8125,5.749,
75.9375,5.746,
76.0625,5.743,
76.1875,5.742,
76.3125,5.742,
76.4375,5.744,
76.5625,5.749,62.249
76.6875,5.758,
76.8125,5.775,
76.9375,5.798,
77.0625,5.828,
77.1875,5.86,
77.3125,5.892,
77.4375,5.919,
77.5625,5.94,60.206
77.6875,5.954,
77.8125,5.961,
77.9375,5.964,
78.0625,5.961,
78.1875,5.954,
78.3125,5.944,
78.4375,5.931,
78.5625,5.915,64.167
78.6875,5.898,
78.8125,5.88,
78.9375,5.863,
79.0625,5.847,
79.1875,5.833,
79.3125,5.819,
79.4375,5.806,63.471
79.5625,5.796,
79.6875,5.787,
79.8125,5.78,
79.9375,5.775,
80.0625,5.773,
80.1875,5.776,
80.3125,5.781,
80.4375,5.787,
80.5625,5.795,58.154
80.6875,5.804,
80.8125,5.811,
80.9375,5.817,
81.0625,5.821,
81.1875,5.823,
81.3125,5.823,
81.4375,5.82,
81.5625,5.816,
81.6875,5.81,
81.8125,5.805,47.353
81.9375,5.802,
82.0625,5.8,
82.1875,5.796,
82.3125,5.79,
82.4375,5.782,
82.5625,5.775,
82.6875,5.768,
82.8125,5.762,
82.9375,5.757,
83.0625,5.752,
83.1875,5.748,
83.3125,5.742,
83.4375,5.737,
83.5625,5.733,
83.6875,5.729,
83.8125,5.726,
83.9375,5.723,
84.0625,5.721,
84.1875,5.716,
84.3125,5.711,104.757
84.4375,5.707,
84.5625,5.703,
84.6875,5.699,
84.8125,5.697,
84.9375,5.696,
85.0625,5.695,
85.1875,5.693,
85.3125,5.688,60.562
85.4375,5.686,
85.5625,5.683,
85.6875,5.681,
85.8125,5.681,
85.9375,5.682,
86.0625,5.685,
86.1875,5.689,
86.3125,5.696,63.635
86.4375,5.704,
86.5625,5.713,
86.6875,5.724,
86.8125,5.736,
86.9375,5.749,
87.0625,5.763,
87.1875,5.776,
87.3125,5.79,62.029
87.4375,5.803,
87.5625,5.813,
87.6875,5.822,
87.8125,5.827,
87.9375,5.829,
88.0625,5.829,
88.1875,5.825,
88.3125,5.82,60
88.4375,5.814,
88.5625,5.806,
88.6875,5.8,
88.8125,5.794,
88.9375,5.79,
89.0625,5.785,
89.1875,5.782,63.537
89.3125,5.783,
89.4375,5.786,
89.5625,5.797,
89.6875,5.817,
89.8125,5.846,
89.9375,5.887,
90.0625,5.936,
90.1875,5.992,61.967
90.3125,6.05,
90.4375,6.104,
90.5625,6.154,
90.6875,6.197,
90.8125,6.231,
90.9375,6.259,
91.0625,6.274,
91.1875,6.28,61.043
91.3125,6.279,
91.4375,6.271,
91.5625,6.258,
91.6875,6.243,
91.8125,6.229,
91.9375,6.214,
92.0625,6.198,63.768
92.1875,6.185,
92.3125,6.172,
92.4375,6.163,
92.5625,6.157,
92.6875,6.151,
92.8125,6.147,
92.9375,6.141,
93.0625,6.131,61.502
93.1875,6.119,
93.3125,6.105,
93.4375,6.092,
93.5625,6.078,
93.6875,6.066,
93.8125,6.056,
93.9375,6.049,
94.0625,6.048,61.165
94.1875,6.057,
94.3125,6.083,
94.4375,6.129,
94.5625,6.197,
94.6875,6.282,
94.8125,6.373,
94.9375,6.462,
95.0625,6.541,62.598
95.1875,6.604,
95.3125,6.645,
95.4375,6.669,
95.5625,6.68,
95.6875,6.675,
95.8125,6.657,
95.9375,6.626,
96.0625,6.588,59.477
96.1875,6.547,
96.3125,6.502,
96.4375,6.457,
96.5625,6.414,
96.6875,6.372,
96.8125,6.332,
96.9375,6.291,64.436
97.0625,6.255,
97.1875,6.222,
97.3125,6.192,
97.4375,6.165,
97.5625,6.141,
97.6875,6.119,
97.8125,6.099,
97.9375,6.08,61.532
98.0625,6.062,
98.1875,6.047,
98.3125,6.033,
98.4375,6.021,
98.5625,6.01,
98.6875,6,
98.8125,5.99,
98.9375,5.979,60.741
99.0625,5.97,
99.1875,5.961,
99.3125,5.953,
99.4375,5.946,
99.5625,5.94,
99.6875,5.935,
99.8125,5.928,
99.9375,5.922,61.811
100.0625,5.915,
100.1875,5.909,
100.3125,5.904,
100.4375,5.899,
100.5625,5.894,
100.6875,5.889,
100.8125,5.882,
100.9375,5.875,60.413
101.0625,5.869,
101.1875,5.864,
101.3125,5.859,
101.4375,5.855,
101.5625,5.851,
101.6875,5.847,
101.8125,5.841,
101.9375,5.835,59.535
102.0625,5.83,
102.1875,5.825,
102.3125,5.82,
102.4375,5.816,
102.5625,5.812,
102.6875,5.807,
102.8125,5.801,62.822
102.9375,5.796,
103.0625,5.792,
103.1875,5.788,
103.3125,5.785,
103.4375,5.781,
103.5625,5.778,
103.6875,5.776,
103.8125,5.771,59.42
103.9375,5.767,
104.0625,5.762,
104.1875,5.759,
104.3125,5.755,
104.4375,5.752,
104.5625,5.749,
104.6875,5.746,
104.8125,5.741,60.862
104.9375,5.737,
105.0625,5.733,
105.1875,5.73,
105.3125,5.727,
105.4375,5.724,
105.5625,5.721,
105.6875,5.718,
105.8125,5.713,59.825
105.9375,5.708,
106.0625,5.704,
106.1875,5.7,
106.3125,5.697,
106.4375,5.694,
106.5625,5.691,
106.6875,5.688,
106.8125,5.683,58.209
106.9375,5.678,
107.0625,5.674,
107.1875,5.671,
107.3125,5.668,
107.4375,5.665,
107.5625,5.663,
107.6875,5.661,
107.8125,5.655,60.383
107.9375,5.651,
108.0625,5.647,
108.1875,5.644,
108.3125,5.642,
108.4375,5.64,
108.5625,5.637,
108.6875,5.635,
108.8125,5.631,59.796
108.9375,5.628,
109.0625,5.624,
109.1875,5.621,
109.3125,5.618,
109.4375,5.616,
109.5625,5.615,
109.6875,5.613,
109.8125,5.61,
109.9375,5.607,57.826
110.0625,5.604,
110.1875,5.602,
110.3125,5.6,
110.4375,5.599,
110.5625,5.598,
110.6875,5.597,
110.8125,5.593,
110.9375,5.59,60.862
111.0625,5.589,
111.1875,5.586,
111.3125,5.583,
111.4375,5.581,
111.5625,5.58,
111.6875,5.578,
111.8125,5.574,
111.9375,5.571,59.506
112.0625,5.567,
112.1875,5.564,
112.3125,5.562,
112.4375,5.561,
112.5625,5.559,
112.6875,5.558,
112.8125,5.556,
112.9375,5.551,58.431
113.0625,5.549,
113.1875,5.547,
113.3125,5.546,
113.4375,5.544,
113.5625,5.542,
113.6875,5.54,
113.8125,5.538,
113.9375,5.535,59.219
114.0625,5.533,
114.1875,5.53,
114.3125,5.528,
114.4375,5.526,
114.5625,5.525,
114.6875,5.523,
114.8125,5.522,
114.9375,5.519,
115.0625,5.516,56.601
115.1875,5.513,
115.3125,5.511,
115.4375,5.509,
115.5625,5.507,
115.6875,5.505,
115.8125,5.503,
115.9375,5.5,
116.0625,5.497,59.049
116.1875,5.495,
116.3125,5.493,
116.4375,5.489,
116.5625,5.488,
116.6875,5.487,
116.8125,5.485,
116.9375,5.482,
117.0625,5.48,60.088
117.1875,5.477,
117.3125,5.475,
117.4375,5.473,
117.5625,5.471,
117.6875,5.47,
117.8125,5.469,
117.9375,5.466,
118.0625,5.463,59.191
118.1875,5.46,
118.3125,5.458,
118.4375,5.456,
118.5625,5.455,
118.6875,5.453,
118.8125,5.452,
118.9375,5.449,
119.0625,5.447,59.767
119.1875,5.445,
119.3125,5.442,
119.4375,5.441,
119.5625,5.44,
119.6875,5.439,
119.8125,5.438,
119.9375,5.436,
120.0625,5.433,60.294
120.1875,5.43,
120.3125,5.428,
120.4375,5.427,
120.5625,5.425,
120.6875,5.424,
120.8125,5.423,
120.9375,5.421,
121.0625,5.419,59.477
121.1875,5.417,
121.3125,5.415,
121.4375,5.413,
121.5625,5.412,
121.6875,5.411,
121.8125,5.41,
121.9375,5.406,63.406
122.0625,5.404,
122.1875,5.402,
122.3125,5.401,
122.4375,5.399,
122.5625,5.398,
122.6875,5.398,
122.8125,5.397,
122.9375,5.394,60.711
123.0625,5.392,
123.1875,5.39,
123.3125,5.389,
123.4375,5.388,
123.5625,5.387,
123.6875,5.386,
123.8125,5.383,
123.9375,5.382,59.248
124.0625,5.38,
124.1875,5.378,
124.3125,5.377,
124.4375,5.377,
124.5625,5.376,
124.6875,5.376,
124.8125,5.375,
124.9375,5.373,63.177
125.0625,5.373,
125.1875,5.373,
125.3125,5.373,
125.4375,5.374,
125.5625,5.374,
125.6875,5.375,
125.8125,5.374,
125.9375,5.373,60.294
126.0625,5.372,
126.1875,5.371,
126.3125,5.37,
126.4375,5.37,
126.5625,5.37,
126.6875,5.37,
126.8125,5.369,
126.9375,5.367,60.532
127.0625,5.365,
127.1875,5.363,
127.3125,5.363,
127.4375,5.362,
127.5625,5.363,
127.6875,5.363,
127.8125,5.362,63.471
127.9375,5.361,
128.0625,5.361,
128.1875,5.361,
128.3125,5.361,
128.4375,5.362,
128.5625,5.363,
128.6875,5.366,
128.8125,5.367,
128.9375,5.369,58.209
129.0625,5.373,
129.1875,5.379,
129.3125,5.386,
129.4375,5.393,
129.5625,5.4,
129.6875,5.407,
129.8125,5.412,
129.9375,5.416,56.863
130.0625,5.419,
130.1875,5.421,
130.3125,5.422,
130.4375,5.423,
130.5625,5.422,
130.6875,5.421,
130.8125,5.419,
130.9375,5.417,59.248
131.0625,5.414,
131.1875,5.411,
131.3125,5.409,
131.4375,5.406,
131.5625,5.404,
131.6875,5.401,
131.8125,5.399,
131.9375,5.397,
132.0625,5.394,55.931
132.1875,5.392,
132.3125,5.39,
132.4375,5.388,
132.5625,5.386,
132.6875,5.385,
132.8125,5.382,
132.9375,5.381,
133.0625,5.379,
133.1875,5.377,54.686
133.3125,5.375,
133.4375,5.373,
133.5625,5.372,
133.6875,5.37,
133.8125,5.369,
133.9375,5.368,
134.0625,5.366,
134.1875,5.363,56.863
134.3125,5.361,
134.4375,5.359,
134.5625,5.358,
134.6875,5.357,
134.8125,5.355,
134.9375,5.354,
135.0625,5.352,
135.1875,5.35,
135.3125,5.349,51.892
135.4375,5.346,
135.5625,5.344,
135.6875,5.343,
135.8125,5.341,
135.9375,5.34,
136.0625,5.338,
136.1875,5.337,
136.3125,5.336,61.379
136.4375,5.333,
136.5625,5.332,
136.6875,5.331,
136.8125,5.329,
136.9375,5.328,
137.0625,5.327,
137.1875,5.325,
137.3125,5.322,59.191
137.4375,5.321,
137.5625,5.318,
137.6875,5.317,
137.8125,5.315,
137.9375,5.314,
138.0625,5.313,
138.1875,5.31,
138.3125,5.308,60.383
138.4375,5.305,
138.5625,5.303,
138.6875,5.302,
138.8125,5.301,
138.9375,5.299,
139.0625,5.298,
139.1875,5.296,
139.3125,5.293,62.983
139.4375,5.292,
139.5625,5.29,
139.6875,5.288,
139.8125,5.287,
139.9375,5.286,
140.0625,5.285,
140.1875,5.282,
140.3125,5.279,61.625
140.4375,5.277,
140.5625,5.276,
140.6875,5.275,
140.8125,5.274,
140.9375,5.273,
141.0625,5.271,
141.1875,5.269,
141.3125,5.267,59.535
141.4375,5.265,
141.5625,5.264,
141.6875,5.263,
141.8125,5.263,
141.9375,5.262,
142.0625,5.26,
142.1875,5.258,63.308
142.3125,5.257,
142.4375,5.256,
142.5625,5.255,
142.6875,5.254,
142.8125,5.253,
142.9375,5.253,
143.0625,5.251,
143.1875,5.249,61.379
143.3125,5.248,
143.4375,5.246,
143.5625,5.245,
143.6875,5.244,
143.8125,5.243,
143.9375,5.243,
144.0625,5.242,
144.1875,5.241,57.935
144.3125,5.239,
144.4375,5.238,
144.5625,5.236,
144.6875,5.236,
144.8125,5.235,
144.9375,5.234,
145.0625,5.233,
145.1875,5.231,60.772
145.3125,5.23,
145.4375,5.229,
145.5625,5.228,
145.6875,5.226,
145.8125,5.225,
145.9375,5.224,
146.0625,5.222,
146.1875,5.221,
146.3125,5.219,52.312
146.4375,5.218,
146.5625,5.216,
146.6875,5.215,
146.8125,5.214,
146.9375,5.213,
147.0625,5.212,
147.1875,5.21,
147.3125,5.208,62.503
147.4375,5.207,
147.5625,5.205,
147.6875,5.204,
147.8125,5.202,
147.9375,5.202,
148.0625,5.201,
148.1875,5.199,
148.3125,5.197,60.622
148.4375,5.196,
148.5625,5.194,
148.6875,5.194,
148.8125,5.192,
148.9375,5.191,
149.0625,5.191,
149.1875,5.189,
149.3125,5.187,57.799
149.4375,5.186,
149.5625,5.185,
149.6875,5.183,
149.8125,5.182,
149.9375,5.181,
150.0625,5.18,
150.1875,5.179,
150.3125,5.178,59.65
150.4375,5.176,
150.5625,5.175,
150.6875,5.173,
150.8125,5.172,
150.9375,5.171,
151.0625,5.17,
151.1875,5.168,
151.3125,5.166,59.334
151.4375,5.164,
151.5625,5.163,
151.6875,5.161,
151.8125,5.16,
151.9375,5.159,
152.0625,5.158,
152.1875,5.156,
152.3125,5.154,
152.4375,5.153,57.908
152.5625,5.152,
152.6875,5.15,
152.8125,5.148,
152.9375,5.147,
153.0625,5.146,
153.1875,5.145,
153.3125,5.143,
153.4375,5.141,60.892
153.5625,5.14,
153.6875,5.138,
153.8125,5.137,
153.9375,5.136,
154.0625,5.135,
154.1875,5.134,
154.3125,5.133,
154.4375,5.131,59.248
154.5625,5.13,
154.6875,5.128,
154.8125,5.127,
154.9375,5.126,
155.0625,5.125,
155.1875,5.124,
155.3125,5.123,
155.4375,5.122,57.636
155.5625,5.12,
155.6875,5.119,
155.8125,5.118,
155.9375,5.117,
156.0625,5.116,
156.1875,5.115,
156.3125,5.114,
156.4375,5.112,62.155
156.5625,5.111,
156.6875,5.11,
156.8125,5.109,
156.9375,5.108,
157.0625,5.106,
157.1875,5.106,
157.3125,5.104,
157.4375,5.103,59.391
157.5625,5.101,
157.6875,5.1,
157.8125,5.099,
157.9375,5.098,
158.0625,5.097,
158.1875,5.095,
158.3125,5.094,
158.4375,5.093,58.072
158.5625,5.091,
158.6875,5.09,
158.8125,5.087,
158.9375,5.086,
159.0625,5.085,
159.1875,5.084,
159.3125,5.083,
159.4375,5.081,61.134
159.5625,5.08,
159.6875,5.078,
159.8125,5.077,
159.9375,5.076,
160.0625,5.075,
160.1875,5.073,
160.3125,5.072,
160.4375,5.07,
160.5625,5.069,54.931
160.6875,5.069,
160.8125,5.068,
160.9375,5.066,
161.0625,5.065,
161.1875,5.064,
161.3125,5.063,
161.4375,5.062,
161.5625,5.06,61.226
161.6875,5.058,
161.8125,5.056,
161.9375,5.055,
162.0625,5.054,
162.1875,5.053,
162.3125,5.052,
162.4375,5.051,
162.5625,5.049,58.292
162.6875,5.048,
162.8125,5.046,
162.9375,5.044,
163.0625,5.043,
163.1875,5.041,
163.3125,5.041,
163.4375,5.04,
163.5625,5.039,55.956
163.6875,5.037,
163.8125,5.036,
163.9375,5.034,
164.0625,5.033,
164.1875,5.032,
164.3125,5.031,
164.4375,5.03,
164.5625,5.028,
164.6875,5.026,58.879
164.8125,5.025,
164.9375,5.023,
165.0625,5.022,
165.1875,5.021,
165.3125,5.02,
165.4375,5.019,
165.5625,5.017,
165.6875,5.016,57.717
165.8125,5.014,
165.9375,5.012,
166.0625,5.01,
166.1875,5.009,
166.3125,5.008,
166.4375,5.007,
166.5625,5.005,
166.6875,5.003,57.207
166.8125,5.002,
166.9375,5,
167.0625,4.999,
167.1875,4.997,
167.3125,4.996,
167.4375,4.995,
167.5625,4.993,
167.6875,4.991,58.099
167.8125,4.99,
167.9375,4.987,
168.0625,4.985,
168.1875,4.984,
168.3125,4.983,
168.4375,4.982,
168.5625,4.981,
168.6875,4.979,
168.8125,4.976,56.679
168.9375,4.974,
169.0625,4.972,
169.1875,4.971,
169.3125,4.97,
169.4375,4.968,
169.5625,4.966,
169.6875,4.964,
169.8125,4.962,60.892
169.9375,4.96,
170.0625,4.958,
170.1875,4.956,
170.3125,4.955,
170.4375,4.954,
170.5625,4.953,
170.6875,4.951,
170.8125,4.949,59.105
170.9375,4.947,
171.0625,4.945,
171.1875,4.944,
171.3125,4.942,
171.4375,4.941,
171.5625,4.939,
171.6875,4.937,
171.8125,4.935,58.514
171.9375,4.933,
172.0625,4.931,
172.1875,4.929,
172.3125,4.928,
172.4375,4.927,
172.5625,4.925,
172.6875,4.922,
172.8125,4.921,60.592
172.9375,4.919,
173.0625,4.917,
173.1875,4.916,
173.3125,4.915,
173.4375,4.914,
173.5625,4.912,
173.6875,4.909,
173.8125,4.907,57.313
173.9375,4.905,
174.0625,4.903,
174.1875,4.901,
174.3125,4.9,
174.4375,4.899,
174.5625,4.898,
174.6875,4.896,
174.8125,4.894,59.737
174.9375,4.892,
175.0625,4.89,
175.1875,4.889,
175.3125,4.887,
175.4375,4.886,
175.5625,4.885,
175.6875,4.883,
175.8125,4.881,60.029
175.9375,4.879,
176.0625,4.878,
176.1875,4.877,
176.3125,4.876,
176.4375,4.876,
176.5625,4.876,
176.6875,4.877,
176.8125,4.876,
176.9375,4.874,57.555
177.0625,4.874,
177.1875,4.874,
177.3125,4.873,
177.4375,4.873,
177.5625,4.872,
177.6875,4.872,
177.8125,4.87,
177.9375,4.869,60.772
178.0625,4.867,
178.1875,4.865,
178.3125,4.864,
178.4375,4.863,
178.5625,4.863,
178.6875,4.862,
178.8125,4.861,
178.9375,4.858,58.182
179.0625,4.857,
179.1875,4.855,
179.3125,4.853,
179.4375,4.852,
179.5625,4.851,
179.6875,4.85,
179.8125,4.848,
179.9375,4.847,58.182
180.0625,4.845,
180.1875,4.843,
180.3125,4.842,
180.4375,4.841,
180.5625,4.84,
180.6875,4.839,
180.8125,4.838,
180.9375,4.836,
181.0625,4.834,57.34
181.1875,4.833,
181.3125,4.831,
181.4375,4.829,
181.5625,4.828,
181.6875,4.827,
181.8125,4.826,
181.9375,4.824,
182.0625,4.822,56.915
182.1875,4.82,
182.3125,4.818,
182.4375,4.816,
182.5625,4.815,
182.6875,4.813,
182.8125,4.812,
182.9375,4.811,
183.0625,4.809,58.992
183.1875,4.807,
183.3125,4.805,
183.4375,4.803,
183.5625,4.801,
183.6875,4.8,
183.8125,4.8,
183.9375,4.798,
184.0625,4.796,58.099
184.1875,4.795,
184.3125,4.792,
184.4375,4.791,
184.5625,4.788,
184.6875,4.788,
184.8125,4.786,
184.9375,4.786,
185.0625,4.784,
185.1875,4.782,56.601
185.3125,4.779,
185.4375,4.778,
185.5625,4.776,
185.6875,4.775,
185.8125,4.774,
185.9375,4.772,
186.0625,4.771,
186.1875,4.769,59.564
186.3125,4.768,
186.4375,4.766,
186.5625,4.765,
186.6875,4.764,
186.8125,4.763,
186.9375,4.762,
187.0625,4.761,
187.1875,4.758,57.744
187.3125,4.757,
187.4375,4.755,
187.5625,4.753,
187.6875,4.752,
187.8125,4.751,
187.9375,4.75,
188.0625,4.749,
188.1875,4.746,
188.3125,4.745,56.497
188.4375,4.743,
188.5625,4.742,
188.6875,4.742,
188.8125,4.745,
188.9375,4.747,
189.0625,4.748,
189.1875,4.747,
189.3125,4.746,58.099
189.4375,4.744,
189.5625,4.743,
189.6875,4.741,
189.8125,4.74,
189.9375,4.739,
190.0625,4.738,
190.1875,4.737,
190.3125,4.735,
190.4375,4.733,56.238
190.5625,4.732,
190.6875,4.731,
190.8125,4.73,
190.9375,4.729,
191.0625,4.728,
191.1875,4.727,
191.3125,4.725,
191.4375,4.724,59.796
191.5625,4.723,
191.6875,4.721,
191.8125,4.72,
191.9375,4.718,
192.0625,4.718,
192.1875,4.717,
192.3125,4.715,
192.4375,4.713,59.276
192.5625,4.711,
192.6875,4.709,
192.8125,4.708,
192.9375,4.707,
193.0625,4.705,
193.1875,4.704,
193.3125,4.702,
193.4375,4.7,58.682
193.5625,4.698,
193.6875,4.696,
193.8125,4.695,
193.9375,4.694,
194.0625,4.693,
194.1875,4.691,
194.3125,4.689,
194.4375,4.688,59.708
194.5625,4.686,
194.6875,4.684,
194.8125,4.683,
194.9375,4.681,
195.0625,4.68,
195.1875,4.678,
195.3125,4.677,
195.4375,4.675,58.182
195.5625,4.673,
195.6875,4.671,
195.8125,4.67,
195.9375,4.668,
196.0625,4.666,
196.1875,4.665,
196.3125,4.664,
196.4375,4.662,60.711
196.5625,4.66,
196.6875,4.658,
196.8125,4.657,
196.9375,4.655,
197.0625,4.653,
197.1875,4.651,
197.3125,4.65,
197.4375,4.648,58.127
197.5625,4.646,
197.6875,4.645,
197.8125,4.643,
197.9375,4.643,
198.0625,4.641,
198.1875,4.639,
198.3125,4.638,
198.4375,4.636,
198.5625,4.634,57.88
198.6875,4.632,
198.8125,4.631,
198.9375,4.629,
199.0625,4.629,
199.1875,4.627,
199.3125,4.626,
199.4375,4.624,
199.5625,4.622,58.682
199.6875,4.62,
199.8125,4.619,
199.9375,4.618,
200.0625,4.617,
200.1875,4.616,
200.3125,4.615,
200.4375,4.614,
200.5625,4.612,56.084
200.6875,4.61,
200.8125,4.609,
200.9375,4.607,
201.0625,4.605,
201.1875,4.604,
201.3125,4.602,
201.4375,4.602,
201.5625,4.6,59.767
201.6875,4.598,
201.8125,4.596,
201.9375,4.594,
202.0625,4.592,
202.1875,4.591,
202.3125,4.59,
202.4375,4.588,
202.5625,4.587,
202.6875,4.585,58.459
202.8125,4.583,
202.9375,4.581,
203.0625,4.579,
203.1875,4.578,
203.3125,4.576,
203.4375,4.575,
203.5625,4.573,
203.6875,4.57,59.912
203.8125,4.568,
203.9375,4.567,
204.0625,4.565,
204.1875,4.564,
204.3125,4.563,
204.4375,4.561,
204.5625,4.559,
204.6875,4.557,60.592
204.8125,4.555,
204.9375,4.554,
205.0625,4.552,
205.1875,4.55,
205.3125,4.55,
205.4375,4.548,
205.5625,4.547,
205.6875,4.546,59.191
205.8125,4.544,
205.9375,4.543,
206.0625,4.542,
206.1875,4.54,
206.3125,4.539,
206.4375,4.537,
206.5625,4.536,62.534
206.6875,4.534,
206.8125,4.533,
206.9375,4.532,
207.0625,4.53,
207.1875,4.529,
207.3125,4.529,
207.4375,4.528,
207.5625,4.526,60.802
207.6875,4.524,
207.8125,4.523,
207.9375,4.521,
208.0625,4.521,
208.1875,4.519,
208.3125,4.519,
208.4375,4.517,
208.5625,4.515,61.287
208.6875,4.515,
208.8125,4.513,
208.9375,4.512,
209.0625,4.512,
209.1875,4.511,
209.3125,4.509,
209.4375,4.508,
209.5625,4.506,61.594
209.6875,4.505,
209.8125,4.504,
209.9375,4.503,
210.0625,4.502,
210.1875,4.501,
210.3125,4.5,
210.4375,4.499,
210.5625,4.5,57.826
210.6875,4.499,
210.8125,4.5,
210.9375,4.501,
211.0625,4.502,
211.1875,4.503,
211.3125,4.505,
211.4375,4.506,
211.5625,4.506,60.532
211.6875,4.506,
211.8125,4.506,
211.9375,4.505,
212.0625,4.504,
212.1875,4.503,
212.3125,4.503,
212.4375,4.501,
212.5625,4.501,58.682
212.6875,4.5,
212.8125,4.5,
212.9375,4.5,
213.0625,4.5,
213.1875,4.5,
213.3125,4.5,
213.4375,4.499,
213.5625,4.498,
213.6875,4.498,58.017
213.8125,4.497,
213.9375,4.497,
214.0625,4.496,
214.1875,4.496,
214.3125,4.495,
214.4375,4.494,
214.5625,4.493,60.862
214.6875,4.492,
214.8125,4.491,
214.9375,4.491,
215.0625,4.492,
215.1875,4.496,
215.3125,4.502,
215.4375,4.51,
215.5625,4.52,
215.6875,4.53,57.935
215.8125,4.542,
215.9375,4.552,
216.0625,4.563,
216.1875,4.572,
216.3125,4.579,
216.4375,4.585,
216.5625,4.589,
216.6875,4.592,59.448
216.8125,4.594,
216.9375,4.596,
217.0625,4.599,
217.1875,4.603,
217.3125,4.608,
217.4375,4.614,
217.5625,4.623,
217.6875,4.631,58.348
217.8125,4.639,
217.9375,4.647,
218.0625,4.655,
218.1875,4.661,
218.3125,4.666,
218.4375,4.671,
218.5625,4.674,
218.6875,4.674,56.81
218.8125,4.674,
218.9375,4.673,
219.0625,4.671,
219.1875,4.668,
219.3125,4.665,
219.4375,4.662,
219.5625,4.66,
219.6875,4.656,
219.8125,4.653,59.477
219.9375,4.649,
220.0625,4.647,
220.1875,4.644,
220.3125,4.642,
220.4375,4.64,
220.5625,4.638,
220.6875,4.635,
220.8125,4.632,57.772
220.9375,4.631,
221.0625,4.629,
221.1875,4.628,
221.3125,4.626,
221.4375,4.625,
221.5625,4.624,
221.6875,4.623,
221.8125,4.621,57.447
221.9375,4.619,
222.0625,4.617,
222.1875,4.616,
222.3125,4.615,
222.4375,4.614,
222.5625,4.613,
222.6875,4.612,
222.8125,4.61,58.964
222.9375,4.608,
223.0625,4.607,
223.1875,4.605,
223.3125,4.604,
223.4375,4.603,
223.5625,4.602,
223.6875,4.601,
223.8125,4.599,
223.9375,4.597,57.127
224.0625,4.595,
224.1875,4.594,
224.3125,4.593,
224.4375,4.591,
224.5625,4.59,
224.6875,4.59,
224.8125,4.588,61.78
224.9375,4.587,
225.0625,4.585,
225.1875,4.584,
225.3125,4.583,
225.4375,4.582,
225.5625,4.581,
225.6875,4.579,
225.8125,4.578,60.117
225.9375,4.576,
226.0625,4.576,
226.1875,4.574,
226.3125,4.573,
226.4375,4.572,
226.5625,4.571,
226.6875,4.57,
226.8125,4.569,
226.9375,4.568,59.506
227.0625,4.567,
227.1875,4.567,
227.3125,4.565,
227.4375,4.564,
227.5625,4.562,
227.6875,4.561,
227.8125,4.56,64.538
227.9375,4.559,
228.0625,4.558,
228.1875,4.558,
228.3125,4.558,
228.4375,4.557,
228.5625,4.558,
228.6875,4.558,
228.8125,4.557,60.265
228.9375,4.556,
229.0625,4.556,
229.1875,4.555,
229.3125,4.555,
229.4375,4.554,
229.5625,4.554,
229.6875,4.552,
229.8125,4.551,59.219
229.9375,4.549,
230.0625,4.548,
230.1875,4.546,
230.3125,4.546,
230.4375,4.545,
230.5625,4.543,
230.6875,4.542,
230.8125,4.54,59.941
230.9375,4.539,
231.0625,4.537,
231.1875,4.536,
231.3125,4.535,
231.4375,4.534,
231.5625,4.533,
231.6875,4.531,
231.8125,4.53,57.962
231.9375,4.528,
232.0625,4.527,
232.1875,4.526,
232.3125,4.524,
232.4375,4.523,
232.5625,4.523,
232.6875,4.522,
232.8125,4.521,61.317
232.9375,4.519,
233.0625,4.518,
233.1875,4.517,
233.3125,4.515,
233.4375,4.515,
233.5625,4.514,
233.6875,4.513,
233.8125,4.511,59.65
233.9375,4.51,
234.0625,4.509,
234.1875,4.507,
234.3125,4.506,
234.4375,4.505,
234.5625,4.504,
234.6875,4.503,
234.8125,4.502,59.191
234.9375,4.501,
235.0625,4.499,
235.1875,4.498,
235.3125,4.498,
235.4375,4.497,
235.5625,4.497,
235.6875,4.496,
235.8125,4.495,61.502
235.9375,4.494,
236.0625,4.493,
236.1875,4.493,
236.3125,4.492,
236.4375,4.491,
236.5625,4.49,
236.6875,4.49,
236.8125,4.488,59.105
236.9375,4.487,
237.0625,4.486,
237.1875,4.485,
237.3125,4.484,
237.4375,4.484,
237.5625,4.484,
237.6875,4.483,
237.8125,4.481,62.344
237.9375,4.48,
238.0625,4.479,
238.1875,4.479,
238.3125,4.478,
238.4375,4.477,
238.5625,4.476,
238.6875,4.476,
238.8125,4.475,58.907
238.9375,4.474,
239.0625,4.473,
239.1875,4.472,
239.3125,4.472,
239.4375,4.471,
239.5625,4.47,
239.6875,4.47,
239.8125,4.469,59.248
239.9375,4.469,
240.0625,4.468,
240.1875,4.466,
240.3125,4.466,
240.4375,4.465,
240.5625,4.464,
240.6875,4.464,
240.8125,4.463,60.176
240.9375,4.461,
241.0625,4.461,
241.1875,4.461,
241.3125,4.46,
241.4375,4.459,
241.5625,4.459,
241.6875,4.458,
241.8125,4.457,
241.9375,4.457,57.555
242.0625,4.456,
242.1875,4.455,
242.3125,4.454,
242.4375,4.454,
242.5625,4.454,
242.6875,4.453,
242.8125,4.453,60.592
242.9375,4.452,
243.0625,4.451,
243.1875,4.45,
243.3125,4.45,
243.4375,4.45,
243.5625,4.449,
243.6875,4.448,
243.8125,4.448,
243.9375,4.447,57.88
244.0625,4.447,
244.1875,4.446,
244.3125,4.445,
244.4375,4.445,
244.5625,4.445,
244.6875,4.444,
244.8125,4.444,
244.9375,4.444,58.626
245.0625,4.443,
245.1875,4.443,
245.3125,4.443,
245.4375,4.442,
245.5625,4.442,
245.6875,4.442,
245.8125,4.442,
245.9375,4.441,58.459
246.0625,4.44,
246.1875,4.44,
246.3125,4.439,
246.4375,4.439,
246.5625,4.439,
246.6875,4.438,
246.8125,4.437,
246.9375,4.436,
247.0625,4.435,57.127
247.1875,4.435,
247.3125,4.434,
247.4375,4.433,
247.5625,4.432,
247.6875,4.432,
247.8125,4.432,
247.9375,4.431,61.656
248.0625,4.43,
248.1875,4.429,
248.3125,4.429,
248.4375,4.429,
248.5625,4.43,
248.6875,4.43,
248.8125,4.43,
248.9375,4.43,59.134
249.0625,4.43,
249.1875,4.43,
249.3125,4.429,
249.4375,4.428,
249.5625,4.428,
249.6875,4.429,
249.8125,4.427,
249.9375,4.427,
250.0625,4.425,59.362
250.1875,4.424,
250.3125,4.424,
250.4375,4.423,
250.5625,4.422,
250.6875,4.421,
250.8125,4.42,
250.9375,4.419,60.741
251.0625,4.418,
251.1875,4.417,
251.3125,4.416,
251.4375,4.415,
251.5625,4.414,
251.6875,4.413,
251.8125,4.412,
251.9375,4.411,
252.0625,4.41,58.738
252.1875,4.409,
252.3125,4.408,
252.4375,4.407,
252.5625,4.406,
252.6875,4.404,
252.8125,4.404,
252.9375,4.402,62.598
253.0625,4.401,
253.1875,4.4,
253.3125,4.399,
253.4375,4.399,
253.5625,4.398,
253.6875,4.397,
253.8125,4.396,
253.9375,4.394,61.44
254.0625,4.393,
254.1875,4.393,
254.3125,4.392,
254.4375,4.39,
254.5625,4.389,
254.6875,4.389,
254.8125,4.388,
254.9375,4.387,60.029
255.0625,4.386,
255.1875,4.384,
255.3125,4.384,
255.4375,4.382,
255.5625,4.382,
255.6875,4.381,
255.8125,4.379,
255.9375,4.378,64.234
256.0625,4.378,
256.1875,4.377,
256.3125,4.377,
256.4375,4.376,
256.5625,4.375,
256.6875,4.374,
256.8125,4.374,
256.9375,4.373,60.206
257.0625,4.371,
257.1875,4.37,
257.3125,4.369,
257.4375,4.368,
257.5625,4.367,
257.6875,4.366,
257.8125,4.365,
257.9375,4.364,59.276
258.0625,4.363,
258.1875,4.361,
258.3125,4.361,
258.4375,4.36,
258.5625,4.359,
258.6875,4.359,
258.8125,4.358,
258.9375,4.358,58.794
259.0625,4.358,
259.1875,4.358,
259.3125,4.359,
259.4375,4.359,
259.5625,4.359,
259.6875,4.36,
259.8125,4.36,
259.9375,4.361,55.982
260.0625,4.362,
260.1875,4.362,
260.3125,4.362,
260.4375,4.361,
260.5625,4.362,
260.6875,4.362,
260.8125,4.361,
260.9375,4.36,59.825
261.0625,4.36,
261.1875,4.359,
261.3125,4.359,
261.4375,4.357,
261.5625,4.356,
261.6875,4.356,
261.8125,4.355,
261.9375,4.354,
262.0625,4.353,57.34
262.1875,4.352,
262.3125,4.351,
262.4375,4.35,
262.5625,4.349,
262.6875,4.348,
262.8125,4.348,
262.9375,4.346,
263.0625,4.345,58.964
263.1875,4.344,
263.3125,4.343,
263.4375,4.342,
263.5625,4.341,
263.6875,4.341,
263.8125,4.34,
263.9375,4.338,
264.0625,4.337,60.802
264.1875,4.337,
264.3125,4.336,
264.4375,4.336,
264.5625,4.336,
264.6875,4.335,
264.8125,4.334,
264.9375,4.333,
265.0625,4.332,58.099
265.1875,4.332,
265.3125,4.331,
265.4375,4.33,
265.5625,4.33,
265.6875,4.329,
265.8125,4.328,
265.9375,4.327,
266.0625,4.326,60
266.1875,4.325,
266.3125,4.324,
266.4375,4.322,
266.5625,4.321,
266.6875,4.32,
266.8125,4.319,
266.9375,4.318,
267.0625,4.317,59.391
267.1875,4.316,
267.3125,4.315,
267.4375,4.313,
267.5625,4.313,
267.6875,4.312,
267.8125,4.311,
267.9375,4.31,
268.0625,4.309,59.162
268.1875,4.308,
268.3125,4.307,
268.4375,4.306,
268.5625,4.305,
268.6875,4.305,
268.8125,4.304,
268.9375,4.303,
269.0625,4.302,61.471
269.1875,4.301,
269.3125,4.3,
269.4375,4.299,
269.5625,4.299,
269.6875,4.298,
269.8125,4.297,
269.9375,4.296,
270.0625,4.296,59.305
270.1875,4.295,
270.3125,4.294,
270.4375,4.294,
270.5625,4.294,
270.6875,4.294,
270.8125,4.294,
270.9375,4.294,
271.0625,4.294,60.265
271.1875,4.293,
271.3125,4.294,
271.4375,4.294,
271.5625,4.293,
271.6875,4.293,
271.8125,4.293,
271.9375,4.292,
272.0625,4.29,59.941
272.1875,4.289,
272.3125,4.288,
272.4375,4.287,
272.5625,4.285,
272.6875,4.284,
272.8125,4.283,
272.9375,4.282,
273.0625,4.28,57.826
273.1875,4.278,
273.3125,4.277,
273.4375,4.276,
273.5625,4.275,
273.6875,4.273,
273.8125,4.272,
273.9375,4.27,
274.0625,4.268,61.967
274.1875,4.267,
274.3125,4.266,
274.4375,4.264,
274.5625,4.263,
274.6875,4.262,
274.8125,4.262,
274.9375,4.261,
275.0625,4.26,59.02
275.1875,4.258,
275.3125,4.256,
275.4375,4.255,
275.5625,4.254,
275.6875,4.253,
275.8125,4.252,
275.9375,4.252,
276.0625,4.25,
276.1875,4.249,57.853
276.3125,4.248,
276.4375,4.246,
276.5625,4.244,
276.6875,4.243,
276.8125,4.242,
276.9375,4.241,
277.0625,4.24,
277.1875,4.239,59.593
277.3125,4.238,
277.4375,4.237,
277.5625,4.235,
277.6875,4.234,
277.8125,4.233,
277.9375,4.232,
278.0625,4.23,
278.1875,4.229,57.1
278.3125,4.228,
278.4375,4.226,
278.5625,4.225,
278.6875,4.224,
278.8125,4.223,
278.9375,4.222,
279.0625,4.22,
279.1875,4.219,60.354
279.3125,4.218,
279.4375,4.217,
279.5625,4.216,
279.6875,4.216,
279.8125,4.214,
279.9375,4.213,
280.0625,4.212,
280.1875,4.212,58.431
280.3125,4.211,
280.4375,4.209,
280.5625,4.208,
280.6875,4.207,
280.8125,4.205,
280.9375,4.204,
281.0625,4.202,
281.1875,4.201,
281.3125,4.2,57.047
281.4375,4.199,
281.5625,4.197,
281.6875,4.195,
281.8125,4.194,
281.9375,4.193,
282.0625,4.192,
282.1875,4.191,
282.3125,4.189,60.235
282.4375,4.188,
282.5625,4.187,
282.6875,4.185,
282.8125,4.184,
282.9375,4.182,
283.0625,4.181,
283.1875,4.179,
283.3125,4.179,57.528
283.4375,4.178,
283.5625,4.176,
283.6875,4.174,
283.8125,4.172,
283.9375,4.17,
284.0625,4.169,
284.1875,4.167,
284.3125,4.166,59.105
284.4375,4.164,
284.5625,4.163,
284.6875,4.161,
284.8125,4.161,
284.9375,4.161,
285.0625,4.161,
285.1875,4.164,
285.3125,4.168,60.592
285.4375,4.177,
285.5625,4.192,
285.6875,4.212,
285.8125,4.239,
285.9375,4.274,
286.0625,4.316,
286.1875,4.366,
286.3125,4.424,58.766
286.4375,4.494,
286.5625,4.575,
286.6875,4.668,
286.8125,4.774,
